2025-02-09 01:36:07,139 [pyphi.conf] INFO MainProcess: PyPhi v1.2.0
2025-02-09 01:36:07,139 [pyphi.conf] INFO MainProcess: Using default configuration (no configuration file provided)
2025-02-09 01:36:07,139 [pyphi.conf] INFO MainProcess: Current PyPhi configuration:
 { 'ASSUME_CUTS_CANNOT_CREATE_NEW_CONCEPTS': False,
  'CACHE_POTENTIAL_PURVIEWS': True,
  'CACHE_REPERTOIRES': True,
  'CACHE_SIAS': False,
  'CACHING_BACKEND': 'fs',
  'CLEAR_SUBSYSTEM_CACHES_AFTER_COMPUTING_SIA': False,
  'CUT_ONE_APPROXIMATION': False,
  'FS_CACHE_DIRECTORY': '__pyphi_cache__',
  'FS_CACHE_VERBOSITY': 0,
  'LOG_FILE': 'pyphi.log',
  'LOG_FILE_LEVEL': 'INFO',
  'LOG_STDOUT_LEVEL': 'WARNING',
  'MAXIMUM_CACHE_MEMORY_PERCENTAGE': 50,
  'MEASURE': 'EMD',
  'MONGODB_CONFIG': { 'collection_name': 'cache',
                      'database_name': 'pyphi',
                      'host': 'localhost',
                      'port': 27017},
  'NUMBER_OF_CORES': -1,
  'PARALLEL_COMPLEX_EVALUATION': False,
  'PARALLEL_CONCEPT_EVALUATION': False,
  'PARALLEL_CUT_EVALUATION': True,
  'PARTITION_TYPE': 'BI',
  'PICK_SMALLEST_PURVIEW': False,
  'PRECISION': 6,
  'PRINT_FRACTIONS': True,
  'PROGRESS_BARS': True,
  'REDIS_CACHE': False,
  'REDIS_CONFIG': {'db': 0, 'host': 'localhost', 'port': 6379, 'test_db': 1},
  'REPR_VERBOSITY': 2,
  'SINGLE_MICRO_NODES_WITH_SELFLOOPS_HAVE_PHI': False,
  'SYSTEM_CUTS': '3.0_STYLE',
  'USE_SMALL_PHI_DIFFERENCE_FOR_CES_DISTANCE': False,
  'VALIDATE_CONDITIONAL_INDEPENDENCE': True,
  'VALIDATE_SUBSYSTEM_STATES': True,
  'WELCOME_OFF': False}
2025-02-09 01:38:30,101 [pyphi.conf] INFO MainProcess: PyPhi v1.2.0
2025-02-09 01:38:30,101 [pyphi.conf] INFO MainProcess: Using default configuration (no configuration file provided)
2025-02-09 01:38:30,101 [pyphi.conf] INFO MainProcess: Current PyPhi configuration:
 { 'ASSUME_CUTS_CANNOT_CREATE_NEW_CONCEPTS': False,
  'CACHE_POTENTIAL_PURVIEWS': True,
  'CACHE_REPERTOIRES': True,
  'CACHE_SIAS': False,
  'CACHING_BACKEND': 'fs',
  'CLEAR_SUBSYSTEM_CACHES_AFTER_COMPUTING_SIA': False,
  'CUT_ONE_APPROXIMATION': False,
  'FS_CACHE_DIRECTORY': '__pyphi_cache__',
  'FS_CACHE_VERBOSITY': 0,
  'LOG_FILE': 'pyphi.log',
  'LOG_FILE_LEVEL': 'INFO',
  'LOG_STDOUT_LEVEL': 'WARNING',
  'MAXIMUM_CACHE_MEMORY_PERCENTAGE': 50,
  'MEASURE': 'EMD',
  'MONGODB_CONFIG': { 'collection_name': 'cache',
                      'database_name': 'pyphi',
                      'host': 'localhost',
                      'port': 27017},
  'NUMBER_OF_CORES': -1,
  'PARALLEL_COMPLEX_EVALUATION': False,
  'PARALLEL_CONCEPT_EVALUATION': False,
  'PARALLEL_CUT_EVALUATION': True,
  'PARTITION_TYPE': 'BI',
  'PICK_SMALLEST_PURVIEW': False,
  'PRECISION': 6,
  'PRINT_FRACTIONS': True,
  'PROGRESS_BARS': True,
  'REDIS_CACHE': False,
  'REDIS_CONFIG': {'db': 0, 'host': 'localhost', 'port': 6379, 'test_db': 1},
  'REPR_VERBOSITY': 2,
  'SINGLE_MICRO_NODES_WITH_SELFLOOPS_HAVE_PHI': False,
  'SYSTEM_CUTS': '3.0_STYLE',
  'USE_SMALL_PHI_DIFFERENCE_FOR_CES_DISTANCE': False,
  'VALIDATE_CONDITIONAL_INDEPENDENCE': True,
  'VALIDATE_SUBSYSTEM_STATES': True,
  'WELCOME_OFF': False}
2025-02-09 01:56:24,403 [pyphi.conf] INFO MainProcess: PyPhi v1.2.0
2025-02-09 01:56:24,403 [pyphi.conf] INFO MainProcess: Using default configuration (no configuration file provided)
2025-02-09 01:56:24,403 [pyphi.conf] INFO MainProcess: Current PyPhi configuration:
 { 'ASSUME_CUTS_CANNOT_CREATE_NEW_CONCEPTS': False,
  'CACHE_POTENTIAL_PURVIEWS': True,
  'CACHE_REPERTOIRES': True,
  'CACHE_SIAS': False,
  'CACHING_BACKEND': 'fs',
  'CLEAR_SUBSYSTEM_CACHES_AFTER_COMPUTING_SIA': False,
  'CUT_ONE_APPROXIMATION': False,
  'FS_CACHE_DIRECTORY': '__pyphi_cache__',
  'FS_CACHE_VERBOSITY': 0,
  'LOG_FILE': 'pyphi.log',
  'LOG_FILE_LEVEL': 'INFO',
  'LOG_STDOUT_LEVEL': 'WARNING',
  'MAXIMUM_CACHE_MEMORY_PERCENTAGE': 50,
  'MEASURE': 'EMD',
  'MONGODB_CONFIG': { 'collection_name': 'cache',
                      'database_name': 'pyphi',
                      'host': 'localhost',
                      'port': 27017},
  'NUMBER_OF_CORES': -1,
  'PARALLEL_COMPLEX_EVALUATION': False,
  'PARALLEL_CONCEPT_EVALUATION': False,
  'PARALLEL_CUT_EVALUATION': True,
  'PARTITION_TYPE': 'BI',
  'PICK_SMALLEST_PURVIEW': False,
  'PRECISION': 6,
  'PRINT_FRACTIONS': True,
  'PROGRESS_BARS': True,
  'REDIS_CACHE': False,
  'REDIS_CONFIG': {'db': 0, 'host': 'localhost', 'port': 6379, 'test_db': 1},
  'REPR_VERBOSITY': 2,
  'SINGLE_MICRO_NODES_WITH_SELFLOOPS_HAVE_PHI': False,
  'SYSTEM_CUTS': '3.0_STYLE',
  'USE_SMALL_PHI_DIFFERENCE_FOR_CES_DISTANCE': False,
  'VALIDATE_CONDITIONAL_INDEPENDENCE': True,
  'VALIDATE_SUBSYSTEM_STATES': True,
  'WELCOME_OFF': False}
2025-02-09 01:56:29,569 [bruteforce_analysis] INFO MainProcess: Log iniciado en 2025-02-09 01:56:29
Ubicacion completa: logs\2025\02\09_01hrs\bruteforce_analysis.log
Copia rapida: logs\latest_bruteforce_analysis.log
2025-02-09 01:56:29,735 [comtypes.client._code_cache] INFO MainProcess: Could not import comtypes.gen, trying to create it.
2025-02-09 01:56:29,735 [comtypes.client._code_cache] INFO MainProcess: Created comtypes.gen directory: 'C:\Users\jonat\OneDrive - ucaldas.edu.co\UNIVERSIDAD\8. Semestre\ADA\Taller 1\Proyecto-2025A\.venv\lib\site-packages\comtypes\gen'
2025-02-09 01:56:29,735 [comtypes.client._code_cache] INFO MainProcess: Writing __init__.py file: 'C:\Users\jonat\OneDrive - ucaldas.edu.co\UNIVERSIDAD\8. Semestre\ADA\Taller 1\Proyecto-2025A\.venv\lib\site-packages\comtypes\gen\__init__.py'
2025-02-09 01:56:29,751 [comtypes.client._code_cache] INFO MainProcess: Using writeable comtypes cache directory: 'C:\Users\jonat\OneDrive - ucaldas.edu.co\UNIVERSIDAD\8. Semestre\ADA\Taller 1\Proyecto-2025A\.venv\lib\site-packages\comtypes\gen'
2025-02-09 01:56:29,801 [comtypes.client._generate] INFO MainProcess: Could not import comtypes.gen._C866CA3A_32F7_11D2_9602_00C04F8EE628_0_5_4: No module named 'comtypes.gen._C866CA3A_32F7_11D2_9602_00C04F8EE628_0_5_4'
2025-02-09 01:56:29,802 [comtypes.client._generate] INFO MainProcess: # Generating comtypes.gen._C866CA3A_32F7_11D2_9602_00C04F8EE628_0_5_4
2025-02-09 01:56:29,943 [comtypes.client._generate] INFO MainProcess: # Generating comtypes.gen.SpeechLib
2025-02-09 01:56:29,943 [comtypes.client._generate] INFO MainProcess: Could not import comtypes.gen._00020430_0000_0000_C000_000000000046_0_2_0: No module named 'comtypes.gen._00020430_0000_0000_C000_000000000046_0_2_0'
2025-02-09 01:56:29,958 [comtypes.client._generate] INFO MainProcess: # Generating comtypes.gen._00020430_0000_0000_C000_000000000046_0_2_0
2025-02-09 01:56:29,958 [comtypes.client._generate] INFO MainProcess: # Generating comtypes.gen.stdole
2025-02-09 02:27:10,988 [pyphi.conf] INFO MainProcess: PyPhi v1.2.0
2025-02-09 02:27:10,988 [pyphi.conf] INFO MainProcess: Using default configuration (no configuration file provided)
2025-02-09 02:27:10,989 [pyphi.conf] INFO MainProcess: Current PyPhi configuration:
 { 'ASSUME_CUTS_CANNOT_CREATE_NEW_CONCEPTS': False,
  'CACHE_POTENTIAL_PURVIEWS': True,
  'CACHE_REPERTOIRES': True,
  'CACHE_SIAS': False,
  'CACHING_BACKEND': 'fs',
  'CLEAR_SUBSYSTEM_CACHES_AFTER_COMPUTING_SIA': False,
  'CUT_ONE_APPROXIMATION': False,
  'FS_CACHE_DIRECTORY': '__pyphi_cache__',
  'FS_CACHE_VERBOSITY': 0,
  'LOG_FILE': 'pyphi.log',
  'LOG_FILE_LEVEL': 'INFO',
  'LOG_STDOUT_LEVEL': 'WARNING',
  'MAXIMUM_CACHE_MEMORY_PERCENTAGE': 50,
  'MEASURE': 'EMD',
  'MONGODB_CONFIG': { 'collection_name': 'cache',
                      'database_name': 'pyphi',
                      'host': 'localhost',
                      'port': 27017},
  'NUMBER_OF_CORES': -1,
  'PARALLEL_COMPLEX_EVALUATION': False,
  'PARALLEL_CONCEPT_EVALUATION': False,
  'PARALLEL_CUT_EVALUATION': True,
  'PARTITION_TYPE': 'BI',
  'PICK_SMALLEST_PURVIEW': False,
  'PRECISION': 6,
  'PRINT_FRACTIONS': True,
  'PROGRESS_BARS': True,
  'REDIS_CACHE': False,
  'REDIS_CONFIG': {'db': 0, 'host': 'localhost', 'port': 6379, 'test_db': 1},
  'REPR_VERBOSITY': 2,
  'SINGLE_MICRO_NODES_WITH_SELFLOOPS_HAVE_PHI': False,
  'SYSTEM_CUTS': '3.0_STYLE',
  'USE_SMALL_PHI_DIFFERENCE_FOR_CES_DISTANCE': False,
  'VALIDATE_CONDITIONAL_INDEPENDENCE': True,
  'VALIDATE_SUBSYSTEM_STATES': True,
  'WELCOME_OFF': False}
2025-02-09 02:27:11,762 [bruteforce_analysis] INFO MainProcess: Log iniciado en 2025-02-09 02:27:11
Ubicacion completa: logs\2025\02\09_02hrs\bruteforce_analysis.log
Copia rapida: logs\latest_bruteforce_analysis.log
2025-02-09 02:27:11,828 [comtypes.client._code_cache] INFO MainProcess: Imported existing <module 'comtypes.gen' from 'c:\\Users\\jonat\\OneDrive - ucaldas.edu.co\\UNIVERSIDAD\\8. Semestre\\ADA\\Taller 1\\Proyecto-2025A\\.venv\\lib\\site-packages\\comtypes\\gen\\__init__.py'>
2025-02-09 02:27:11,828 [comtypes.client._code_cache] INFO MainProcess: Using writeable comtypes cache directory: 'c:\Users\jonat\OneDrive - ucaldas.edu.co\UNIVERSIDAD\8. Semestre\ADA\Taller 1\Proyecto-2025A\.venv\lib\site-packages\comtypes\gen'
2025-02-09 11:00:53,417 [pyphi.conf] INFO MainProcess: PyPhi v1.2.0
2025-02-09 11:00:53,417 [pyphi.conf] INFO MainProcess: Using default configuration (no configuration file provided)
2025-02-09 11:00:53,418 [pyphi.conf] INFO MainProcess: Current PyPhi configuration:
 { 'ASSUME_CUTS_CANNOT_CREATE_NEW_CONCEPTS': False,
  'CACHE_POTENTIAL_PURVIEWS': True,
  'CACHE_REPERTOIRES': True,
  'CACHE_SIAS': False,
  'CACHING_BACKEND': 'fs',
  'CLEAR_SUBSYSTEM_CACHES_AFTER_COMPUTING_SIA': False,
  'CUT_ONE_APPROXIMATION': False,
  'FS_CACHE_DIRECTORY': '__pyphi_cache__',
  'FS_CACHE_VERBOSITY': 0,
  'LOG_FILE': 'pyphi.log',
  'LOG_FILE_LEVEL': 'INFO',
  'LOG_STDOUT_LEVEL': 'WARNING',
  'MAXIMUM_CACHE_MEMORY_PERCENTAGE': 50,
  'MEASURE': 'EMD',
  'MONGODB_CONFIG': { 'collection_name': 'cache',
                      'database_name': 'pyphi',
                      'host': 'localhost',
                      'port': 27017},
  'NUMBER_OF_CORES': -1,
  'PARALLEL_COMPLEX_EVALUATION': False,
  'PARALLEL_CONCEPT_EVALUATION': False,
  'PARALLEL_CUT_EVALUATION': True,
  'PARTITION_TYPE': 'BI',
  'PICK_SMALLEST_PURVIEW': False,
  'PRECISION': 6,
  'PRINT_FRACTIONS': True,
  'PROGRESS_BARS': True,
  'REDIS_CACHE': False,
  'REDIS_CONFIG': {'db': 0, 'host': 'localhost', 'port': 6379, 'test_db': 1},
  'REPR_VERBOSITY': 2,
  'SINGLE_MICRO_NODES_WITH_SELFLOOPS_HAVE_PHI': False,
  'SYSTEM_CUTS': '3.0_STYLE',
  'USE_SMALL_PHI_DIFFERENCE_FOR_CES_DISTANCE': False,
  'VALIDATE_CONDITIONAL_INDEPENDENCE': True,
  'VALIDATE_SUBSYSTEM_STATES': True,
  'WELCOME_OFF': False}
2025-02-09 11:00:59,751 [bruteforce_analysis] INFO MainProcess: Log iniciado en 2025-02-09 11:00:59
Ubicacion completa: logs\2025\02\09_11hrs\bruteforce_analysis.log
Copia rapida: logs\latest_bruteforce_analysis.log
2025-02-09 11:00:59,960 [comtypes.client._code_cache] INFO MainProcess: Imported existing <module 'comtypes.gen' from 'C:\\Users\\jonat\\OneDrive - ucaldas.edu.co\\UNIVERSIDAD\\8. Semestre\\ADA\\Taller 1\\Proyecto-2025A\\.venv\\lib\\site-packages\\comtypes\\gen\\__init__.py'>
2025-02-09 11:00:59,960 [comtypes.client._code_cache] INFO MainProcess: Using writeable comtypes cache directory: 'C:\Users\jonat\OneDrive - ucaldas.edu.co\UNIVERSIDAD\8. Semestre\ADA\Taller 1\Proyecto-2025A\.venv\lib\site-packages\comtypes\gen'
2025-02-09 11:23:55,473 [pyphi.conf] INFO MainProcess: PyPhi v1.2.0
2025-02-09 11:23:55,474 [pyphi.conf] INFO MainProcess: Using default configuration (no configuration file provided)
2025-02-09 11:23:55,474 [pyphi.conf] INFO MainProcess: Current PyPhi configuration:
 { 'ASSUME_CUTS_CANNOT_CREATE_NEW_CONCEPTS': False,
  'CACHE_POTENTIAL_PURVIEWS': True,
  'CACHE_REPERTOIRES': True,
  'CACHE_SIAS': False,
  'CACHING_BACKEND': 'fs',
  'CLEAR_SUBSYSTEM_CACHES_AFTER_COMPUTING_SIA': False,
  'CUT_ONE_APPROXIMATION': False,
  'FS_CACHE_DIRECTORY': '__pyphi_cache__',
  'FS_CACHE_VERBOSITY': 0,
  'LOG_FILE': 'pyphi.log',
  'LOG_FILE_LEVEL': 'INFO',
  'LOG_STDOUT_LEVEL': 'WARNING',
  'MAXIMUM_CACHE_MEMORY_PERCENTAGE': 50,
  'MEASURE': 'EMD',
  'MONGODB_CONFIG': { 'collection_name': 'cache',
                      'database_name': 'pyphi',
                      'host': 'localhost',
                      'port': 27017},
  'NUMBER_OF_CORES': -1,
  'PARALLEL_COMPLEX_EVALUATION': False,
  'PARALLEL_CONCEPT_EVALUATION': False,
  'PARALLEL_CUT_EVALUATION': True,
  'PARTITION_TYPE': 'BI',
  'PICK_SMALLEST_PURVIEW': False,
  'PRECISION': 6,
  'PRINT_FRACTIONS': True,
  'PROGRESS_BARS': True,
  'REDIS_CACHE': False,
  'REDIS_CONFIG': {'db': 0, 'host': 'localhost', 'port': 6379, 'test_db': 1},
  'REPR_VERBOSITY': 2,
  'SINGLE_MICRO_NODES_WITH_SELFLOOPS_HAVE_PHI': False,
  'SYSTEM_CUTS': '3.0_STYLE',
  'USE_SMALL_PHI_DIFFERENCE_FOR_CES_DISTANCE': False,
  'VALIDATE_CONDITIONAL_INDEPENDENCE': True,
  'VALIDATE_SUBSYSTEM_STATES': True,
  'WELCOME_OFF': False}
2025-02-09 11:23:56,950 [bruteforce_analysis] INFO MainProcess: Log iniciado en 2025-02-09 11:23:56
Ubicacion completa: logs\2025\02\09_11hrs\bruteforce_analysis.log
Copia rapida: logs\latest_bruteforce_analysis.log
2025-02-09 11:24:31,788 [pyphi.conf] INFO MainProcess: PyPhi v1.2.0
2025-02-09 11:24:31,788 [pyphi.conf] INFO MainProcess: Using default configuration (no configuration file provided)
2025-02-09 11:24:31,788 [pyphi.conf] INFO MainProcess: Current PyPhi configuration:
 { 'ASSUME_CUTS_CANNOT_CREATE_NEW_CONCEPTS': False,
  'CACHE_POTENTIAL_PURVIEWS': True,
  'CACHE_REPERTOIRES': True,
  'CACHE_SIAS': False,
  'CACHING_BACKEND': 'fs',
  'CLEAR_SUBSYSTEM_CACHES_AFTER_COMPUTING_SIA': False,
  'CUT_ONE_APPROXIMATION': False,
  'FS_CACHE_DIRECTORY': '__pyphi_cache__',
  'FS_CACHE_VERBOSITY': 0,
  'LOG_FILE': 'pyphi.log',
  'LOG_FILE_LEVEL': 'INFO',
  'LOG_STDOUT_LEVEL': 'WARNING',
  'MAXIMUM_CACHE_MEMORY_PERCENTAGE': 50,
  'MEASURE': 'EMD',
  'MONGODB_CONFIG': { 'collection_name': 'cache',
                      'database_name': 'pyphi',
                      'host': 'localhost',
                      'port': 27017},
  'NUMBER_OF_CORES': -1,
  'PARALLEL_COMPLEX_EVALUATION': False,
  'PARALLEL_CONCEPT_EVALUATION': False,
  'PARALLEL_CUT_EVALUATION': True,
  'PARTITION_TYPE': 'BI',
  'PICK_SMALLEST_PURVIEW': False,
  'PRECISION': 6,
  'PRINT_FRACTIONS': True,
  'PROGRESS_BARS': True,
  'REDIS_CACHE': False,
  'REDIS_CONFIG': {'db': 0, 'host': 'localhost', 'port': 6379, 'test_db': 1},
  'REPR_VERBOSITY': 2,
  'SINGLE_MICRO_NODES_WITH_SELFLOOPS_HAVE_PHI': False,
  'SYSTEM_CUTS': '3.0_STYLE',
  'USE_SMALL_PHI_DIFFERENCE_FOR_CES_DISTANCE': False,
  'VALIDATE_CONDITIONAL_INDEPENDENCE': True,
  'VALIDATE_SUBSYSTEM_STATES': True,
  'WELCOME_OFF': False}
2025-02-09 11:24:32,989 [bruteforce_analysis] INFO MainProcess: Log iniciado en 2025-02-09 11:24:32
Ubicacion completa: logs\2025\02\09_11hrs\bruteforce_analysis.log
Copia rapida: logs\latest_bruteforce_analysis.log
2025-02-09 11:25:36,356 [pyphi.conf] INFO MainProcess: PyPhi v1.2.0
2025-02-09 11:25:36,356 [pyphi.conf] INFO MainProcess: Using default configuration (no configuration file provided)
2025-02-09 11:25:36,356 [pyphi.conf] INFO MainProcess: Current PyPhi configuration:
 { 'ASSUME_CUTS_CANNOT_CREATE_NEW_CONCEPTS': False,
  'CACHE_POTENTIAL_PURVIEWS': True,
  'CACHE_REPERTOIRES': True,
  'CACHE_SIAS': False,
  'CACHING_BACKEND': 'fs',
  'CLEAR_SUBSYSTEM_CACHES_AFTER_COMPUTING_SIA': False,
  'CUT_ONE_APPROXIMATION': False,
  'FS_CACHE_DIRECTORY': '__pyphi_cache__',
  'FS_CACHE_VERBOSITY': 0,
  'LOG_FILE': 'pyphi.log',
  'LOG_FILE_LEVEL': 'INFO',
  'LOG_STDOUT_LEVEL': 'WARNING',
  'MAXIMUM_CACHE_MEMORY_PERCENTAGE': 50,
  'MEASURE': 'EMD',
  'MONGODB_CONFIG': { 'collection_name': 'cache',
                      'database_name': 'pyphi',
                      'host': 'localhost',
                      'port': 27017},
  'NUMBER_OF_CORES': -1,
  'PARALLEL_COMPLEX_EVALUATION': False,
  'PARALLEL_CONCEPT_EVALUATION': False,
  'PARALLEL_CUT_EVALUATION': True,
  'PARTITION_TYPE': 'BI',
  'PICK_SMALLEST_PURVIEW': False,
  'PRECISION': 6,
  'PRINT_FRACTIONS': True,
  'PROGRESS_BARS': True,
  'REDIS_CACHE': False,
  'REDIS_CONFIG': {'db': 0, 'host': 'localhost', 'port': 6379, 'test_db': 1},
  'REPR_VERBOSITY': 2,
  'SINGLE_MICRO_NODES_WITH_SELFLOOPS_HAVE_PHI': False,
  'SYSTEM_CUTS': '3.0_STYLE',
  'USE_SMALL_PHI_DIFFERENCE_FOR_CES_DISTANCE': False,
  'VALIDATE_CONDITIONAL_INDEPENDENCE': True,
  'VALIDATE_SUBSYSTEM_STATES': True,
  'WELCOME_OFF': False}
2025-02-09 11:25:37,426 [bruteforce_analysis] INFO MainProcess: Log iniciado en 2025-02-09 11:25:37
Ubicacion completa: logs\2025\02\09_11hrs\bruteforce_analysis.log
Copia rapida: logs\latest_bruteforce_analysis.log
2025-02-09 11:25:37,526 [comtypes.client._code_cache] INFO MainProcess: Imported existing <module 'comtypes.gen' from 'C:\\Users\\jonat\\OneDrive - ucaldas.edu.co\\UNIVERSIDAD\\8. Semestre\\ADA\\Taller 1\\Proyecto-2025A\\.venv\\lib\\site-packages\\comtypes\\gen\\__init__.py'>
2025-02-09 11:25:37,526 [comtypes.client._code_cache] INFO MainProcess: Using writeable comtypes cache directory: 'C:\Users\jonat\OneDrive - ucaldas.edu.co\UNIVERSIDAD\8. Semestre\ADA\Taller 1\Proyecto-2025A\.venv\lib\site-packages\comtypes\gen'
2025-02-09 11:33:52,894 [pyphi.conf] INFO MainProcess: PyPhi v1.2.0
2025-02-09 11:33:52,894 [pyphi.conf] INFO MainProcess: Using default configuration (no configuration file provided)
2025-02-09 11:33:52,894 [pyphi.conf] INFO MainProcess: Current PyPhi configuration:
 { 'ASSUME_CUTS_CANNOT_CREATE_NEW_CONCEPTS': False,
  'CACHE_POTENTIAL_PURVIEWS': True,
  'CACHE_REPERTOIRES': True,
  'CACHE_SIAS': False,
  'CACHING_BACKEND': 'fs',
  'CLEAR_SUBSYSTEM_CACHES_AFTER_COMPUTING_SIA': False,
  'CUT_ONE_APPROXIMATION': False,
  'FS_CACHE_DIRECTORY': '__pyphi_cache__',
  'FS_CACHE_VERBOSITY': 0,
  'LOG_FILE': 'pyphi.log',
  'LOG_FILE_LEVEL': 'INFO',
  'LOG_STDOUT_LEVEL': 'WARNING',
  'MAXIMUM_CACHE_MEMORY_PERCENTAGE': 50,
  'MEASURE': 'EMD',
  'MONGODB_CONFIG': { 'collection_name': 'cache',
                      'database_name': 'pyphi',
                      'host': 'localhost',
                      'port': 27017},
  'NUMBER_OF_CORES': -1,
  'PARALLEL_COMPLEX_EVALUATION': False,
  'PARALLEL_CONCEPT_EVALUATION': False,
  'PARALLEL_CUT_EVALUATION': True,
  'PARTITION_TYPE': 'BI',
  'PICK_SMALLEST_PURVIEW': False,
  'PRECISION': 6,
  'PRINT_FRACTIONS': True,
  'PROGRESS_BARS': True,
  'REDIS_CACHE': False,
  'REDIS_CONFIG': {'db': 0, 'host': 'localhost', 'port': 6379, 'test_db': 1},
  'REPR_VERBOSITY': 2,
  'SINGLE_MICRO_NODES_WITH_SELFLOOPS_HAVE_PHI': False,
  'SYSTEM_CUTS': '3.0_STYLE',
  'USE_SMALL_PHI_DIFFERENCE_FOR_CES_DISTANCE': False,
  'VALIDATE_CONDITIONAL_INDEPENDENCE': True,
  'VALIDATE_SUBSYSTEM_STATES': True,
  'WELCOME_OFF': False}
2025-02-09 11:33:53,761 [bruteforce_analysis] INFO MainProcess: Log iniciado en 2025-02-09 11:33:53
Ubicacion completa: logs\2025\02\09_11hrs\bruteforce_analysis.log
Copia rapida: logs\latest_bruteforce_analysis.log
2025-02-09 11:35:44,113 [pyphi.conf] INFO MainProcess: PyPhi v1.2.0
2025-02-09 11:35:44,113 [pyphi.conf] INFO MainProcess: Using default configuration (no configuration file provided)
2025-02-09 11:35:44,113 [pyphi.conf] INFO MainProcess: Current PyPhi configuration:
 { 'ASSUME_CUTS_CANNOT_CREATE_NEW_CONCEPTS': False,
  'CACHE_POTENTIAL_PURVIEWS': True,
  'CACHE_REPERTOIRES': True,
  'CACHE_SIAS': False,
  'CACHING_BACKEND': 'fs',
  'CLEAR_SUBSYSTEM_CACHES_AFTER_COMPUTING_SIA': False,
  'CUT_ONE_APPROXIMATION': False,
  'FS_CACHE_DIRECTORY': '__pyphi_cache__',
  'FS_CACHE_VERBOSITY': 0,
  'LOG_FILE': 'pyphi.log',
  'LOG_FILE_LEVEL': 'INFO',
  'LOG_STDOUT_LEVEL': 'WARNING',
  'MAXIMUM_CACHE_MEMORY_PERCENTAGE': 50,
  'MEASURE': 'EMD',
  'MONGODB_CONFIG': { 'collection_name': 'cache',
                      'database_name': 'pyphi',
                      'host': 'localhost',
                      'port': 27017},
  'NUMBER_OF_CORES': -1,
  'PARALLEL_COMPLEX_EVALUATION': False,
  'PARALLEL_CONCEPT_EVALUATION': False,
  'PARALLEL_CUT_EVALUATION': True,
  'PARTITION_TYPE': 'BI',
  'PICK_SMALLEST_PURVIEW': False,
  'PRECISION': 6,
  'PRINT_FRACTIONS': True,
  'PROGRESS_BARS': True,
  'REDIS_CACHE': False,
  'REDIS_CONFIG': {'db': 0, 'host': 'localhost', 'port': 6379, 'test_db': 1},
  'REPR_VERBOSITY': 2,
  'SINGLE_MICRO_NODES_WITH_SELFLOOPS_HAVE_PHI': False,
  'SYSTEM_CUTS': '3.0_STYLE',
  'USE_SMALL_PHI_DIFFERENCE_FOR_CES_DISTANCE': False,
  'VALIDATE_CONDITIONAL_INDEPENDENCE': True,
  'VALIDATE_SUBSYSTEM_STATES': True,
  'WELCOME_OFF': False}
2025-02-09 11:35:44,997 [bruteforce_analysis] INFO MainProcess: Log iniciado en 2025-02-09 11:35:44
Ubicacion completa: logs\2025\02\09_11hrs\bruteforce_analysis.log
Copia rapida: logs\latest_bruteforce_analysis.log
2025-02-09 11:38:37,437 [pyphi.conf] INFO MainProcess: PyPhi v1.2.0
2025-02-09 11:38:37,437 [pyphi.conf] INFO MainProcess: Using default configuration (no configuration file provided)
2025-02-09 11:38:37,437 [pyphi.conf] INFO MainProcess: Current PyPhi configuration:
 { 'ASSUME_CUTS_CANNOT_CREATE_NEW_CONCEPTS': False,
  'CACHE_POTENTIAL_PURVIEWS': True,
  'CACHE_REPERTOIRES': True,
  'CACHE_SIAS': False,
  'CACHING_BACKEND': 'fs',
  'CLEAR_SUBSYSTEM_CACHES_AFTER_COMPUTING_SIA': False,
  'CUT_ONE_APPROXIMATION': False,
  'FS_CACHE_DIRECTORY': '__pyphi_cache__',
  'FS_CACHE_VERBOSITY': 0,
  'LOG_FILE': 'pyphi.log',
  'LOG_FILE_LEVEL': 'INFO',
  'LOG_STDOUT_LEVEL': 'WARNING',
  'MAXIMUM_CACHE_MEMORY_PERCENTAGE': 50,
  'MEASURE': 'EMD',
  'MONGODB_CONFIG': { 'collection_name': 'cache',
                      'database_name': 'pyphi',
                      'host': 'localhost',
                      'port': 27017},
  'NUMBER_OF_CORES': -1,
  'PARALLEL_COMPLEX_EVALUATION': False,
  'PARALLEL_CONCEPT_EVALUATION': False,
  'PARALLEL_CUT_EVALUATION': True,
  'PARTITION_TYPE': 'BI',
  'PICK_SMALLEST_PURVIEW': False,
  'PRECISION': 6,
  'PRINT_FRACTIONS': True,
  'PROGRESS_BARS': True,
  'REDIS_CACHE': False,
  'REDIS_CONFIG': {'db': 0, 'host': 'localhost', 'port': 6379, 'test_db': 1},
  'REPR_VERBOSITY': 2,
  'SINGLE_MICRO_NODES_WITH_SELFLOOPS_HAVE_PHI': False,
  'SYSTEM_CUTS': '3.0_STYLE',
  'USE_SMALL_PHI_DIFFERENCE_FOR_CES_DISTANCE': False,
  'VALIDATE_CONDITIONAL_INDEPENDENCE': True,
  'VALIDATE_SUBSYSTEM_STATES': True,
  'WELCOME_OFF': False}
2025-02-09 11:38:38,677 [bruteforce_analysis] INFO MainProcess: Log iniciado en 2025-02-09 11:38:38
Ubicacion completa: logs\2025\02\09_11hrs\bruteforce_analysis.log
Copia rapida: logs\latest_bruteforce_analysis.log
2025-02-09 11:38:38,806 [comtypes.client._code_cache] INFO MainProcess: Imported existing <module 'comtypes.gen' from 'C:\\Users\\jonat\\OneDrive - ucaldas.edu.co\\UNIVERSIDAD\\8. Semestre\\ADA\\Taller 1\\Proyecto-2025A\\.venv\\lib\\site-packages\\comtypes\\gen\\__init__.py'>
2025-02-09 11:38:38,808 [comtypes.client._code_cache] INFO MainProcess: Using writeable comtypes cache directory: 'C:\Users\jonat\OneDrive - ucaldas.edu.co\UNIVERSIDAD\8. Semestre\ADA\Taller 1\Proyecto-2025A\.venv\lib\site-packages\comtypes\gen'
2025-02-09 12:00:31,649 [pyphi.conf] INFO MainProcess: PyPhi v1.2.0
2025-02-09 12:00:31,649 [pyphi.conf] INFO MainProcess: Using default configuration (no configuration file provided)
2025-02-09 12:00:31,650 [pyphi.conf] INFO MainProcess: Current PyPhi configuration:
 { 'ASSUME_CUTS_CANNOT_CREATE_NEW_CONCEPTS': False,
  'CACHE_POTENTIAL_PURVIEWS': True,
  'CACHE_REPERTOIRES': True,
  'CACHE_SIAS': False,
  'CACHING_BACKEND': 'fs',
  'CLEAR_SUBSYSTEM_CACHES_AFTER_COMPUTING_SIA': False,
  'CUT_ONE_APPROXIMATION': False,
  'FS_CACHE_DIRECTORY': '__pyphi_cache__',
  'FS_CACHE_VERBOSITY': 0,
  'LOG_FILE': 'pyphi.log',
  'LOG_FILE_LEVEL': 'INFO',
  'LOG_STDOUT_LEVEL': 'WARNING',
  'MAXIMUM_CACHE_MEMORY_PERCENTAGE': 50,
  'MEASURE': 'EMD',
  'MONGODB_CONFIG': { 'collection_name': 'cache',
                      'database_name': 'pyphi',
                      'host': 'localhost',
                      'port': 27017},
  'NUMBER_OF_CORES': -1,
  'PARALLEL_COMPLEX_EVALUATION': False,
  'PARALLEL_CONCEPT_EVALUATION': False,
  'PARALLEL_CUT_EVALUATION': True,
  'PARTITION_TYPE': 'BI',
  'PICK_SMALLEST_PURVIEW': False,
  'PRECISION': 6,
  'PRINT_FRACTIONS': True,
  'PROGRESS_BARS': True,
  'REDIS_CACHE': False,
  'REDIS_CONFIG': {'db': 0, 'host': 'localhost', 'port': 6379, 'test_db': 1},
  'REPR_VERBOSITY': 2,
  'SINGLE_MICRO_NODES_WITH_SELFLOOPS_HAVE_PHI': False,
  'SYSTEM_CUTS': '3.0_STYLE',
  'USE_SMALL_PHI_DIFFERENCE_FOR_CES_DISTANCE': False,
  'VALIDATE_CONDITIONAL_INDEPENDENCE': True,
  'VALIDATE_SUBSYSTEM_STATES': True,
  'WELCOME_OFF': False}
2025-02-09 12:00:32,638 [bruteforce_analysis] INFO MainProcess: Log iniciado en 2025-02-09 12:00:32
Ubicacion completa: logs\2025\02\09_12hrs\bruteforce_analysis.log
Copia rapida: logs\latest_bruteforce_analysis.log
2025-02-09 12:04:21,594 [comtypes.client._code_cache] INFO MainProcess: Imported existing <module 'comtypes.gen' from 'C:\\Users\\jonat\\OneDrive - ucaldas.edu.co\\UNIVERSIDAD\\8. Semestre\\ADA\\Taller 1\\Proyecto-2025A\\.venv\\lib\\site-packages\\comtypes\\gen\\__init__.py'>
2025-02-09 12:04:21,595 [comtypes.client._code_cache] INFO MainProcess: Using writeable comtypes cache directory: 'C:\Users\jonat\OneDrive - ucaldas.edu.co\UNIVERSIDAD\8. Semestre\ADA\Taller 1\Proyecto-2025A\.venv\lib\site-packages\comtypes\gen'
2025-02-09 12:06:36,826 [pyphi.conf] INFO MainProcess: PyPhi v1.2.0
2025-02-09 12:06:36,827 [pyphi.conf] INFO MainProcess: Using default configuration (no configuration file provided)
2025-02-09 12:06:36,827 [pyphi.conf] INFO MainProcess: Current PyPhi configuration:
 { 'ASSUME_CUTS_CANNOT_CREATE_NEW_CONCEPTS': False,
  'CACHE_POTENTIAL_PURVIEWS': True,
  'CACHE_REPERTOIRES': True,
  'CACHE_SIAS': False,
  'CACHING_BACKEND': 'fs',
  'CLEAR_SUBSYSTEM_CACHES_AFTER_COMPUTING_SIA': False,
  'CUT_ONE_APPROXIMATION': False,
  'FS_CACHE_DIRECTORY': '__pyphi_cache__',
  'FS_CACHE_VERBOSITY': 0,
  'LOG_FILE': 'pyphi.log',
  'LOG_FILE_LEVEL': 'INFO',
  'LOG_STDOUT_LEVEL': 'WARNING',
  'MAXIMUM_CACHE_MEMORY_PERCENTAGE': 50,
  'MEASURE': 'EMD',
  'MONGODB_CONFIG': { 'collection_name': 'cache',
                      'database_name': 'pyphi',
                      'host': 'localhost',
                      'port': 27017},
  'NUMBER_OF_CORES': -1,
  'PARALLEL_COMPLEX_EVALUATION': False,
  'PARALLEL_CONCEPT_EVALUATION': False,
  'PARALLEL_CUT_EVALUATION': True,
  'PARTITION_TYPE': 'BI',
  'PICK_SMALLEST_PURVIEW': False,
  'PRECISION': 6,
  'PRINT_FRACTIONS': True,
  'PROGRESS_BARS': True,
  'REDIS_CACHE': False,
  'REDIS_CONFIG': {'db': 0, 'host': 'localhost', 'port': 6379, 'test_db': 1},
  'REPR_VERBOSITY': 2,
  'SINGLE_MICRO_NODES_WITH_SELFLOOPS_HAVE_PHI': False,
  'SYSTEM_CUTS': '3.0_STYLE',
  'USE_SMALL_PHI_DIFFERENCE_FOR_CES_DISTANCE': False,
  'VALIDATE_CONDITIONAL_INDEPENDENCE': True,
  'VALIDATE_SUBSYSTEM_STATES': True,
  'WELCOME_OFF': False}
2025-02-09 12:06:38,369 [bruteforce_analysis] INFO MainProcess: Log iniciado en 2025-02-09 12:06:38
Ubicacion completa: logs\2025\02\09_12hrs\bruteforce_analysis.log
Copia rapida: logs\latest_bruteforce_analysis.log
2025-02-09 12:10:00,968 [comtypes.client._code_cache] INFO MainProcess: Imported existing <module 'comtypes.gen' from 'C:\\Users\\jonat\\OneDrive - ucaldas.edu.co\\UNIVERSIDAD\\8. Semestre\\ADA\\Taller 1\\Proyecto-2025A\\.venv\\lib\\site-packages\\comtypes\\gen\\__init__.py'>
2025-02-09 12:10:00,968 [comtypes.client._code_cache] INFO MainProcess: Using writeable comtypes cache directory: 'C:\Users\jonat\OneDrive - ucaldas.edu.co\UNIVERSIDAD\8. Semestre\ADA\Taller 1\Proyecto-2025A\.venv\lib\site-packages\comtypes\gen'
2025-02-09 13:26:09,640 [pyphi.conf] INFO MainProcess: PyPhi v1.2.0
2025-02-09 13:26:09,641 [pyphi.conf] INFO MainProcess: Using default configuration (no configuration file provided)
2025-02-09 13:26:09,642 [pyphi.conf] INFO MainProcess: Current PyPhi configuration:
 { 'ASSUME_CUTS_CANNOT_CREATE_NEW_CONCEPTS': False,
  'CACHE_POTENTIAL_PURVIEWS': True,
  'CACHE_REPERTOIRES': True,
  'CACHE_SIAS': False,
  'CACHING_BACKEND': 'fs',
  'CLEAR_SUBSYSTEM_CACHES_AFTER_COMPUTING_SIA': False,
  'CUT_ONE_APPROXIMATION': False,
  'FS_CACHE_DIRECTORY': '__pyphi_cache__',
  'FS_CACHE_VERBOSITY': 0,
  'LOG_FILE': 'pyphi.log',
  'LOG_FILE_LEVEL': 'INFO',
  'LOG_STDOUT_LEVEL': 'WARNING',
  'MAXIMUM_CACHE_MEMORY_PERCENTAGE': 50,
  'MEASURE': 'EMD',
  'MONGODB_CONFIG': { 'collection_name': 'cache',
                      'database_name': 'pyphi',
                      'host': 'localhost',
                      'port': 27017},
  'NUMBER_OF_CORES': -1,
  'PARALLEL_COMPLEX_EVALUATION': False,
  'PARALLEL_CONCEPT_EVALUATION': False,
  'PARALLEL_CUT_EVALUATION': True,
  'PARTITION_TYPE': 'BI',
  'PICK_SMALLEST_PURVIEW': False,
  'PRECISION': 6,
  'PRINT_FRACTIONS': True,
  'PROGRESS_BARS': True,
  'REDIS_CACHE': False,
  'REDIS_CONFIG': {'db': 0, 'host': 'localhost', 'port': 6379, 'test_db': 1},
  'REPR_VERBOSITY': 2,
  'SINGLE_MICRO_NODES_WITH_SELFLOOPS_HAVE_PHI': False,
  'SYSTEM_CUTS': '3.0_STYLE',
  'USE_SMALL_PHI_DIFFERENCE_FOR_CES_DISTANCE': False,
  'VALIDATE_CONDITIONAL_INDEPENDENCE': True,
  'VALIDATE_SUBSYSTEM_STATES': True,
  'WELCOME_OFF': False}
2025-02-09 13:26:10,676 [bruteforce_analysis] INFO MainProcess: Log iniciado en 2025-02-09 13:26:10
Ubicacion completa: logs\2025\02\09_13hrs\bruteforce_analysis.log
Copia rapida: logs\latest_bruteforce_analysis.log
2025-02-09 13:28:09,321 [comtypes.client._code_cache] INFO MainProcess: Imported existing <module 'comtypes.gen' from 'C:\\Users\\jonat\\OneDrive - ucaldas.edu.co\\UNIVERSIDAD\\8. Semestre\\ADA\\Taller 1\\Proyecto-2025A\\.venv\\lib\\site-packages\\comtypes\\gen\\__init__.py'>
2025-02-09 13:28:09,322 [comtypes.client._code_cache] INFO MainProcess: Using writeable comtypes cache directory: 'C:\Users\jonat\OneDrive - ucaldas.edu.co\UNIVERSIDAD\8. Semestre\ADA\Taller 1\Proyecto-2025A\.venv\lib\site-packages\comtypes\gen'
2025-02-09 13:30:38,581 [pyphi.conf] INFO MainProcess: PyPhi v1.2.0
2025-02-09 13:30:38,581 [pyphi.conf] INFO MainProcess: Using default configuration (no configuration file provided)
2025-02-09 13:30:38,582 [pyphi.conf] INFO MainProcess: Current PyPhi configuration:
 { 'ASSUME_CUTS_CANNOT_CREATE_NEW_CONCEPTS': False,
  'CACHE_POTENTIAL_PURVIEWS': True,
  'CACHE_REPERTOIRES': True,
  'CACHE_SIAS': False,
  'CACHING_BACKEND': 'fs',
  'CLEAR_SUBSYSTEM_CACHES_AFTER_COMPUTING_SIA': False,
  'CUT_ONE_APPROXIMATION': False,
  'FS_CACHE_DIRECTORY': '__pyphi_cache__',
  'FS_CACHE_VERBOSITY': 0,
  'LOG_FILE': 'pyphi.log',
  'LOG_FILE_LEVEL': 'INFO',
  'LOG_STDOUT_LEVEL': 'WARNING',
  'MAXIMUM_CACHE_MEMORY_PERCENTAGE': 50,
  'MEASURE': 'EMD',
  'MONGODB_CONFIG': { 'collection_name': 'cache',
                      'database_name': 'pyphi',
                      'host': 'localhost',
                      'port': 27017},
  'NUMBER_OF_CORES': -1,
  'PARALLEL_COMPLEX_EVALUATION': False,
  'PARALLEL_CONCEPT_EVALUATION': False,
  'PARALLEL_CUT_EVALUATION': True,
  'PARTITION_TYPE': 'BI',
  'PICK_SMALLEST_PURVIEW': False,
  'PRECISION': 6,
  'PRINT_FRACTIONS': True,
  'PROGRESS_BARS': True,
  'REDIS_CACHE': False,
  'REDIS_CONFIG': {'db': 0, 'host': 'localhost', 'port': 6379, 'test_db': 1},
  'REPR_VERBOSITY': 2,
  'SINGLE_MICRO_NODES_WITH_SELFLOOPS_HAVE_PHI': False,
  'SYSTEM_CUTS': '3.0_STYLE',
  'USE_SMALL_PHI_DIFFERENCE_FOR_CES_DISTANCE': False,
  'VALIDATE_CONDITIONAL_INDEPENDENCE': True,
  'VALIDATE_SUBSYSTEM_STATES': True,
  'WELCOME_OFF': False}
2025-02-09 13:30:39,555 [bruteforce_analysis] INFO MainProcess: Log iniciado en 2025-02-09 13:30:39
Ubicacion completa: logs\2025\02\09_13hrs\bruteforce_analysis.log
Copia rapida: logs\latest_bruteforce_analysis.log
2025-02-09 13:32:29,142 [comtypes.client._code_cache] INFO MainProcess: Imported existing <module 'comtypes.gen' from 'C:\\Users\\jonat\\OneDrive - ucaldas.edu.co\\UNIVERSIDAD\\8. Semestre\\ADA\\Taller 1\\Proyecto-2025A\\.venv\\lib\\site-packages\\comtypes\\gen\\__init__.py'>
2025-02-09 13:32:29,143 [comtypes.client._code_cache] INFO MainProcess: Using writeable comtypes cache directory: 'C:\Users\jonat\OneDrive - ucaldas.edu.co\UNIVERSIDAD\8. Semestre\ADA\Taller 1\Proyecto-2025A\.venv\lib\site-packages\comtypes\gen'
2025-02-09 13:32:56,783 [pyphi.conf] INFO MainProcess: PyPhi v1.2.0
2025-02-09 13:32:56,783 [pyphi.conf] INFO MainProcess: Using default configuration (no configuration file provided)
2025-02-09 13:32:56,783 [pyphi.conf] INFO MainProcess: Current PyPhi configuration:
 { 'ASSUME_CUTS_CANNOT_CREATE_NEW_CONCEPTS': False,
  'CACHE_POTENTIAL_PURVIEWS': True,
  'CACHE_REPERTOIRES': True,
  'CACHE_SIAS': False,
  'CACHING_BACKEND': 'fs',
  'CLEAR_SUBSYSTEM_CACHES_AFTER_COMPUTING_SIA': False,
  'CUT_ONE_APPROXIMATION': False,
  'FS_CACHE_DIRECTORY': '__pyphi_cache__',
  'FS_CACHE_VERBOSITY': 0,
  'LOG_FILE': 'pyphi.log',
  'LOG_FILE_LEVEL': 'INFO',
  'LOG_STDOUT_LEVEL': 'WARNING',
  'MAXIMUM_CACHE_MEMORY_PERCENTAGE': 50,
  'MEASURE': 'EMD',
  'MONGODB_CONFIG': { 'collection_name': 'cache',
                      'database_name': 'pyphi',
                      'host': 'localhost',
                      'port': 27017},
  'NUMBER_OF_CORES': -1,
  'PARALLEL_COMPLEX_EVALUATION': False,
  'PARALLEL_CONCEPT_EVALUATION': False,
  'PARALLEL_CUT_EVALUATION': True,
  'PARTITION_TYPE': 'BI',
  'PICK_SMALLEST_PURVIEW': False,
  'PRECISION': 6,
  'PRINT_FRACTIONS': True,
  'PROGRESS_BARS': True,
  'REDIS_CACHE': False,
  'REDIS_CONFIG': {'db': 0, 'host': 'localhost', 'port': 6379, 'test_db': 1},
  'REPR_VERBOSITY': 2,
  'SINGLE_MICRO_NODES_WITH_SELFLOOPS_HAVE_PHI': False,
  'SYSTEM_CUTS': '3.0_STYLE',
  'USE_SMALL_PHI_DIFFERENCE_FOR_CES_DISTANCE': False,
  'VALIDATE_CONDITIONAL_INDEPENDENCE': True,
  'VALIDATE_SUBSYSTEM_STATES': True,
  'WELCOME_OFF': False}
2025-02-09 13:32:57,567 [bruteforce_analysis] INFO MainProcess: Log iniciado en 2025-02-09 13:32:57
Ubicacion completa: logs\2025\02\09_13hrs\bruteforce_analysis.log
Copia rapida: logs\latest_bruteforce_analysis.log
2025-02-09 13:34:25,085 [comtypes.client._code_cache] INFO MainProcess: Imported existing <module 'comtypes.gen' from 'c:\\Users\\jonat\\OneDrive - ucaldas.edu.co\\UNIVERSIDAD\\8. Semestre\\ADA\\Taller 1\\Proyecto-2025A\\.venv\\lib\\site-packages\\comtypes\\gen\\__init__.py'>
2025-02-09 13:34:25,085 [comtypes.client._code_cache] INFO MainProcess: Using writeable comtypes cache directory: 'c:\Users\jonat\OneDrive - ucaldas.edu.co\UNIVERSIDAD\8. Semestre\ADA\Taller 1\Proyecto-2025A\.venv\lib\site-packages\comtypes\gen'
2025-02-09 13:37:22,693 [pyphi.conf] INFO MainProcess: PyPhi v1.2.0
2025-02-09 13:37:22,694 [pyphi.conf] INFO MainProcess: Using default configuration (no configuration file provided)
2025-02-09 13:37:22,694 [pyphi.conf] INFO MainProcess: Current PyPhi configuration:
 { 'ASSUME_CUTS_CANNOT_CREATE_NEW_CONCEPTS': False,
  'CACHE_POTENTIAL_PURVIEWS': True,
  'CACHE_REPERTOIRES': True,
  'CACHE_SIAS': False,
  'CACHING_BACKEND': 'fs',
  'CLEAR_SUBSYSTEM_CACHES_AFTER_COMPUTING_SIA': False,
  'CUT_ONE_APPROXIMATION': False,
  'FS_CACHE_DIRECTORY': '__pyphi_cache__',
  'FS_CACHE_VERBOSITY': 0,
  'LOG_FILE': 'pyphi.log',
  'LOG_FILE_LEVEL': 'INFO',
  'LOG_STDOUT_LEVEL': 'WARNING',
  'MAXIMUM_CACHE_MEMORY_PERCENTAGE': 50,
  'MEASURE': 'EMD',
  'MONGODB_CONFIG': { 'collection_name': 'cache',
                      'database_name': 'pyphi',
                      'host': 'localhost',
                      'port': 27017},
  'NUMBER_OF_CORES': -1,
  'PARALLEL_COMPLEX_EVALUATION': False,
  'PARALLEL_CONCEPT_EVALUATION': False,
  'PARALLEL_CUT_EVALUATION': True,
  'PARTITION_TYPE': 'BI',
  'PICK_SMALLEST_PURVIEW': False,
  'PRECISION': 6,
  'PRINT_FRACTIONS': True,
  'PROGRESS_BARS': True,
  'REDIS_CACHE': False,
  'REDIS_CONFIG': {'db': 0, 'host': 'localhost', 'port': 6379, 'test_db': 1},
  'REPR_VERBOSITY': 2,
  'SINGLE_MICRO_NODES_WITH_SELFLOOPS_HAVE_PHI': False,
  'SYSTEM_CUTS': '3.0_STYLE',
  'USE_SMALL_PHI_DIFFERENCE_FOR_CES_DISTANCE': False,
  'VALIDATE_CONDITIONAL_INDEPENDENCE': True,
  'VALIDATE_SUBSYSTEM_STATES': True,
  'WELCOME_OFF': False}
2025-02-09 13:37:23,842 [bruteforce_analysis] INFO MainProcess: Log iniciado en 2025-02-09 13:37:23
Ubicacion completa: logs\2025\02\09_13hrs\bruteforce_analysis.log
Copia rapida: logs\latest_bruteforce_analysis.log
2025-02-09 13:38:52,369 [comtypes.client._code_cache] INFO MainProcess: Imported existing <module 'comtypes.gen' from 'c:\\Users\\jonat\\OneDrive - ucaldas.edu.co\\UNIVERSIDAD\\8. Semestre\\ADA\\Taller 1\\Proyecto-2025A\\.venv\\lib\\site-packages\\comtypes\\gen\\__init__.py'>
2025-02-09 13:38:52,370 [comtypes.client._code_cache] INFO MainProcess: Using writeable comtypes cache directory: 'c:\Users\jonat\OneDrive - ucaldas.edu.co\UNIVERSIDAD\8. Semestre\ADA\Taller 1\Proyecto-2025A\.venv\lib\site-packages\comtypes\gen'
2025-02-09 13:39:03,771 [pyphi.conf] INFO MainProcess: PyPhi v1.2.0
2025-02-09 13:39:03,771 [pyphi.conf] INFO MainProcess: Using default configuration (no configuration file provided)
2025-02-09 13:39:03,773 [pyphi.conf] INFO MainProcess: Current PyPhi configuration:
 { 'ASSUME_CUTS_CANNOT_CREATE_NEW_CONCEPTS': False,
  'CACHE_POTENTIAL_PURVIEWS': True,
  'CACHE_REPERTOIRES': True,
  'CACHE_SIAS': False,
  'CACHING_BACKEND': 'fs',
  'CLEAR_SUBSYSTEM_CACHES_AFTER_COMPUTING_SIA': False,
  'CUT_ONE_APPROXIMATION': False,
  'FS_CACHE_DIRECTORY': '__pyphi_cache__',
  'FS_CACHE_VERBOSITY': 0,
  'LOG_FILE': 'pyphi.log',
  'LOG_FILE_LEVEL': 'INFO',
  'LOG_STDOUT_LEVEL': 'WARNING',
  'MAXIMUM_CACHE_MEMORY_PERCENTAGE': 50,
  'MEASURE': 'EMD',
  'MONGODB_CONFIG': { 'collection_name': 'cache',
                      'database_name': 'pyphi',
                      'host': 'localhost',
                      'port': 27017},
  'NUMBER_OF_CORES': -1,
  'PARALLEL_COMPLEX_EVALUATION': False,
  'PARALLEL_CONCEPT_EVALUATION': False,
  'PARALLEL_CUT_EVALUATION': True,
  'PARTITION_TYPE': 'BI',
  'PICK_SMALLEST_PURVIEW': False,
  'PRECISION': 6,
  'PRINT_FRACTIONS': True,
  'PROGRESS_BARS': True,
  'REDIS_CACHE': False,
  'REDIS_CONFIG': {'db': 0, 'host': 'localhost', 'port': 6379, 'test_db': 1},
  'REPR_VERBOSITY': 2,
  'SINGLE_MICRO_NODES_WITH_SELFLOOPS_HAVE_PHI': False,
  'SYSTEM_CUTS': '3.0_STYLE',
  'USE_SMALL_PHI_DIFFERENCE_FOR_CES_DISTANCE': False,
  'VALIDATE_CONDITIONAL_INDEPENDENCE': True,
  'VALIDATE_SUBSYSTEM_STATES': True,
  'WELCOME_OFF': False}
2025-02-09 13:39:04,753 [bruteforce_analysis] INFO MainProcess: Log iniciado en 2025-02-09 13:39:04
Ubicacion completa: logs\2025\02\09_13hrs\bruteforce_analysis.log
Copia rapida: logs\latest_bruteforce_analysis.log
2025-02-09 13:40:30,282 [comtypes.client._code_cache] INFO MainProcess: Imported existing <module 'comtypes.gen' from 'C:\\Users\\jonat\\OneDrive - ucaldas.edu.co\\UNIVERSIDAD\\8. Semestre\\ADA\\Taller 1\\Proyecto-2025A\\.venv\\lib\\site-packages\\comtypes\\gen\\__init__.py'>
2025-02-09 13:40:30,283 [comtypes.client._code_cache] INFO MainProcess: Using writeable comtypes cache directory: 'C:\Users\jonat\OneDrive - ucaldas.edu.co\UNIVERSIDAD\8. Semestre\ADA\Taller 1\Proyecto-2025A\.venv\lib\site-packages\comtypes\gen'
2025-02-09 13:42:52,694 [pyphi.conf] INFO MainProcess: PyPhi v1.2.0
2025-02-09 13:42:52,695 [pyphi.conf] INFO MainProcess: Using default configuration (no configuration file provided)
2025-02-09 13:42:52,695 [pyphi.conf] INFO MainProcess: Current PyPhi configuration:
 { 'ASSUME_CUTS_CANNOT_CREATE_NEW_CONCEPTS': False,
  'CACHE_POTENTIAL_PURVIEWS': True,
  'CACHE_REPERTOIRES': True,
  'CACHE_SIAS': False,
  'CACHING_BACKEND': 'fs',
  'CLEAR_SUBSYSTEM_CACHES_AFTER_COMPUTING_SIA': False,
  'CUT_ONE_APPROXIMATION': False,
  'FS_CACHE_DIRECTORY': '__pyphi_cache__',
  'FS_CACHE_VERBOSITY': 0,
  'LOG_FILE': 'pyphi.log',
  'LOG_FILE_LEVEL': 'INFO',
  'LOG_STDOUT_LEVEL': 'WARNING',
  'MAXIMUM_CACHE_MEMORY_PERCENTAGE': 50,
  'MEASURE': 'EMD',
  'MONGODB_CONFIG': { 'collection_name': 'cache',
                      'database_name': 'pyphi',
                      'host': 'localhost',
                      'port': 27017},
  'NUMBER_OF_CORES': -1,
  'PARALLEL_COMPLEX_EVALUATION': False,
  'PARALLEL_CONCEPT_EVALUATION': False,
  'PARALLEL_CUT_EVALUATION': True,
  'PARTITION_TYPE': 'BI',
  'PICK_SMALLEST_PURVIEW': False,
  'PRECISION': 6,
  'PRINT_FRACTIONS': True,
  'PROGRESS_BARS': True,
  'REDIS_CACHE': False,
  'REDIS_CONFIG': {'db': 0, 'host': 'localhost', 'port': 6379, 'test_db': 1},
  'REPR_VERBOSITY': 2,
  'SINGLE_MICRO_NODES_WITH_SELFLOOPS_HAVE_PHI': False,
  'SYSTEM_CUTS': '3.0_STYLE',
  'USE_SMALL_PHI_DIFFERENCE_FOR_CES_DISTANCE': False,
  'VALIDATE_CONDITIONAL_INDEPENDENCE': True,
  'VALIDATE_SUBSYSTEM_STATES': True,
  'WELCOME_OFF': False}
2025-02-09 13:42:53,811 [bruteforce_analysis] INFO MainProcess: Log iniciado en 2025-02-09 13:42:53
Ubicacion completa: logs\2025\02\09_13hrs\bruteforce_analysis.log
Copia rapida: logs\latest_bruteforce_analysis.log
2025-02-09 13:51:11,833 [pyphi.conf] INFO MainProcess: PyPhi v1.2.0
2025-02-09 13:51:11,833 [pyphi.conf] INFO MainProcess: Using default configuration (no configuration file provided)
2025-02-09 13:51:11,833 [pyphi.conf] INFO MainProcess: Current PyPhi configuration:
 { 'ASSUME_CUTS_CANNOT_CREATE_NEW_CONCEPTS': False,
  'CACHE_POTENTIAL_PURVIEWS': True,
  'CACHE_REPERTOIRES': True,
  'CACHE_SIAS': False,
  'CACHING_BACKEND': 'fs',
  'CLEAR_SUBSYSTEM_CACHES_AFTER_COMPUTING_SIA': False,
  'CUT_ONE_APPROXIMATION': False,
  'FS_CACHE_DIRECTORY': '__pyphi_cache__',
  'FS_CACHE_VERBOSITY': 0,
  'LOG_FILE': 'pyphi.log',
  'LOG_FILE_LEVEL': 'INFO',
  'LOG_STDOUT_LEVEL': 'WARNING',
  'MAXIMUM_CACHE_MEMORY_PERCENTAGE': 50,
  'MEASURE': 'EMD',
  'MONGODB_CONFIG': { 'collection_name': 'cache',
                      'database_name': 'pyphi',
                      'host': 'localhost',
                      'port': 27017},
  'NUMBER_OF_CORES': -1,
  'PARALLEL_COMPLEX_EVALUATION': False,
  'PARALLEL_CONCEPT_EVALUATION': False,
  'PARALLEL_CUT_EVALUATION': True,
  'PARTITION_TYPE': 'BI',
  'PICK_SMALLEST_PURVIEW': False,
  'PRECISION': 6,
  'PRINT_FRACTIONS': True,
  'PROGRESS_BARS': True,
  'REDIS_CACHE': False,
  'REDIS_CONFIG': {'db': 0, 'host': 'localhost', 'port': 6379, 'test_db': 1},
  'REPR_VERBOSITY': 2,
  'SINGLE_MICRO_NODES_WITH_SELFLOOPS_HAVE_PHI': False,
  'SYSTEM_CUTS': '3.0_STYLE',
  'USE_SMALL_PHI_DIFFERENCE_FOR_CES_DISTANCE': False,
  'VALIDATE_CONDITIONAL_INDEPENDENCE': True,
  'VALIDATE_SUBSYSTEM_STATES': True,
  'WELCOME_OFF': False}
2025-02-09 13:51:13,382 [bruteforce_analysis] INFO MainProcess: Log iniciado en 2025-02-09 13:51:13
Ubicacion completa: logs\2025\02\09_13hrs\bruteforce_analysis.log
Copia rapida: logs\latest_bruteforce_analysis.log
2025-02-09 13:55:44,123 [pyphi.conf] INFO MainProcess: PyPhi v1.2.0
2025-02-09 13:55:44,123 [pyphi.conf] INFO MainProcess: Using default configuration (no configuration file provided)
2025-02-09 13:55:44,123 [pyphi.conf] INFO MainProcess: Current PyPhi configuration:
 { 'ASSUME_CUTS_CANNOT_CREATE_NEW_CONCEPTS': False,
  'CACHE_POTENTIAL_PURVIEWS': True,
  'CACHE_REPERTOIRES': True,
  'CACHE_SIAS': False,
  'CACHING_BACKEND': 'fs',
  'CLEAR_SUBSYSTEM_CACHES_AFTER_COMPUTING_SIA': False,
  'CUT_ONE_APPROXIMATION': False,
  'FS_CACHE_DIRECTORY': '__pyphi_cache__',
  'FS_CACHE_VERBOSITY': 0,
  'LOG_FILE': 'pyphi.log',
  'LOG_FILE_LEVEL': 'INFO',
  'LOG_STDOUT_LEVEL': 'WARNING',
  'MAXIMUM_CACHE_MEMORY_PERCENTAGE': 50,
  'MEASURE': 'EMD',
  'MONGODB_CONFIG': { 'collection_name': 'cache',
                      'database_name': 'pyphi',
                      'host': 'localhost',
                      'port': 27017},
  'NUMBER_OF_CORES': -1,
  'PARALLEL_COMPLEX_EVALUATION': False,
  'PARALLEL_CONCEPT_EVALUATION': False,
  'PARALLEL_CUT_EVALUATION': True,
  'PARTITION_TYPE': 'BI',
  'PICK_SMALLEST_PURVIEW': False,
  'PRECISION': 6,
  'PRINT_FRACTIONS': True,
  'PROGRESS_BARS': True,
  'REDIS_CACHE': False,
  'REDIS_CONFIG': {'db': 0, 'host': 'localhost', 'port': 6379, 'test_db': 1},
  'REPR_VERBOSITY': 2,
  'SINGLE_MICRO_NODES_WITH_SELFLOOPS_HAVE_PHI': False,
  'SYSTEM_CUTS': '3.0_STYLE',
  'USE_SMALL_PHI_DIFFERENCE_FOR_CES_DISTANCE': False,
  'VALIDATE_CONDITIONAL_INDEPENDENCE': True,
  'VALIDATE_SUBSYSTEM_STATES': True,
  'WELCOME_OFF': False}
2025-02-09 13:55:44,901 [bruteforce_analysis] INFO MainProcess: Log iniciado en 2025-02-09 13:55:44
Ubicacion completa: logs\2025\02\09_13hrs\bruteforce_analysis.log
Copia rapida: logs\latest_bruteforce_analysis.log
2025-02-09 13:59:10,130 [pyphi.conf] INFO MainProcess: PyPhi v1.2.0
2025-02-09 13:59:10,131 [pyphi.conf] INFO MainProcess: Using default configuration (no configuration file provided)
2025-02-09 13:59:10,132 [pyphi.conf] INFO MainProcess: Current PyPhi configuration:
 { 'ASSUME_CUTS_CANNOT_CREATE_NEW_CONCEPTS': False,
  'CACHE_POTENTIAL_PURVIEWS': True,
  'CACHE_REPERTOIRES': True,
  'CACHE_SIAS': False,
  'CACHING_BACKEND': 'fs',
  'CLEAR_SUBSYSTEM_CACHES_AFTER_COMPUTING_SIA': False,
  'CUT_ONE_APPROXIMATION': False,
  'FS_CACHE_DIRECTORY': '__pyphi_cache__',
  'FS_CACHE_VERBOSITY': 0,
  'LOG_FILE': 'pyphi.log',
  'LOG_FILE_LEVEL': 'INFO',
  'LOG_STDOUT_LEVEL': 'WARNING',
  'MAXIMUM_CACHE_MEMORY_PERCENTAGE': 50,
  'MEASURE': 'EMD',
  'MONGODB_CONFIG': { 'collection_name': 'cache',
                      'database_name': 'pyphi',
                      'host': 'localhost',
                      'port': 27017},
  'NUMBER_OF_CORES': -1,
  'PARALLEL_COMPLEX_EVALUATION': False,
  'PARALLEL_CONCEPT_EVALUATION': False,
  'PARALLEL_CUT_EVALUATION': True,
  'PARTITION_TYPE': 'BI',
  'PICK_SMALLEST_PURVIEW': False,
  'PRECISION': 6,
  'PRINT_FRACTIONS': True,
  'PROGRESS_BARS': True,
  'REDIS_CACHE': False,
  'REDIS_CONFIG': {'db': 0, 'host': 'localhost', 'port': 6379, 'test_db': 1},
  'REPR_VERBOSITY': 2,
  'SINGLE_MICRO_NODES_WITH_SELFLOOPS_HAVE_PHI': False,
  'SYSTEM_CUTS': '3.0_STYLE',
  'USE_SMALL_PHI_DIFFERENCE_FOR_CES_DISTANCE': False,
  'VALIDATE_CONDITIONAL_INDEPENDENCE': True,
  'VALIDATE_SUBSYSTEM_STATES': True,
  'WELCOME_OFF': False}
2025-02-09 13:59:11,418 [bruteforce_analysis] INFO MainProcess: Log iniciado en 2025-02-09 13:59:11
Ubicacion completa: logs\2025\02\09_13hrs\bruteforce_analysis.log
Copia rapida: logs\latest_bruteforce_analysis.log
2025-02-09 14:07:29,400 [pyphi.conf] INFO MainProcess: PyPhi v1.2.0
2025-02-09 14:07:29,404 [pyphi.conf] INFO MainProcess: Using default configuration (no configuration file provided)
2025-02-09 14:07:29,404 [pyphi.conf] INFO MainProcess: Current PyPhi configuration:
 { 'ASSUME_CUTS_CANNOT_CREATE_NEW_CONCEPTS': False,
  'CACHE_POTENTIAL_PURVIEWS': True,
  'CACHE_REPERTOIRES': True,
  'CACHE_SIAS': False,
  'CACHING_BACKEND': 'fs',
  'CLEAR_SUBSYSTEM_CACHES_AFTER_COMPUTING_SIA': False,
  'CUT_ONE_APPROXIMATION': False,
  'FS_CACHE_DIRECTORY': '__pyphi_cache__',
  'FS_CACHE_VERBOSITY': 0,
  'LOG_FILE': 'pyphi.log',
  'LOG_FILE_LEVEL': 'INFO',
  'LOG_STDOUT_LEVEL': 'WARNING',
  'MAXIMUM_CACHE_MEMORY_PERCENTAGE': 50,
  'MEASURE': 'EMD',
  'MONGODB_CONFIG': { 'collection_name': 'cache',
                      'database_name': 'pyphi',
                      'host': 'localhost',
                      'port': 27017},
  'NUMBER_OF_CORES': -1,
  'PARALLEL_COMPLEX_EVALUATION': False,
  'PARALLEL_CONCEPT_EVALUATION': False,
  'PARALLEL_CUT_EVALUATION': True,
  'PARTITION_TYPE': 'BI',
  'PICK_SMALLEST_PURVIEW': False,
  'PRECISION': 6,
  'PRINT_FRACTIONS': True,
  'PROGRESS_BARS': True,
  'REDIS_CACHE': False,
  'REDIS_CONFIG': {'db': 0, 'host': 'localhost', 'port': 6379, 'test_db': 1},
  'REPR_VERBOSITY': 2,
  'SINGLE_MICRO_NODES_WITH_SELFLOOPS_HAVE_PHI': False,
  'SYSTEM_CUTS': '3.0_STYLE',
  'USE_SMALL_PHI_DIFFERENCE_FOR_CES_DISTANCE': False,
  'VALIDATE_CONDITIONAL_INDEPENDENCE': True,
  'VALIDATE_SUBSYSTEM_STATES': True,
  'WELCOME_OFF': False}
2025-02-09 14:07:34,195 [bruteforce_analysis] INFO MainProcess: Log iniciado en 2025-02-09 14:07:34
Ubicacion completa: logs\2025\02\09_14hrs\bruteforce_analysis.log
Copia rapida: logs\latest_bruteforce_analysis.log
2025-02-09 14:09:40,488 [pyphi.conf] INFO MainProcess: PyPhi v1.2.0
2025-02-09 14:09:40,488 [pyphi.conf] INFO MainProcess: Using default configuration (no configuration file provided)
2025-02-09 14:09:40,488 [pyphi.conf] INFO MainProcess: Current PyPhi configuration:
 { 'ASSUME_CUTS_CANNOT_CREATE_NEW_CONCEPTS': False,
  'CACHE_POTENTIAL_PURVIEWS': True,
  'CACHE_REPERTOIRES': True,
  'CACHE_SIAS': False,
  'CACHING_BACKEND': 'fs',
  'CLEAR_SUBSYSTEM_CACHES_AFTER_COMPUTING_SIA': False,
  'CUT_ONE_APPROXIMATION': False,
  'FS_CACHE_DIRECTORY': '__pyphi_cache__',
  'FS_CACHE_VERBOSITY': 0,
  'LOG_FILE': 'pyphi.log',
  'LOG_FILE_LEVEL': 'INFO',
  'LOG_STDOUT_LEVEL': 'WARNING',
  'MAXIMUM_CACHE_MEMORY_PERCENTAGE': 50,
  'MEASURE': 'EMD',
  'MONGODB_CONFIG': { 'collection_name': 'cache',
                      'database_name': 'pyphi',
                      'host': 'localhost',
                      'port': 27017},
  'NUMBER_OF_CORES': -1,
  'PARALLEL_COMPLEX_EVALUATION': False,
  'PARALLEL_CONCEPT_EVALUATION': False,
  'PARALLEL_CUT_EVALUATION': True,
  'PARTITION_TYPE': 'BI',
  'PICK_SMALLEST_PURVIEW': False,
  'PRECISION': 6,
  'PRINT_FRACTIONS': True,
  'PROGRESS_BARS': True,
  'REDIS_CACHE': False,
  'REDIS_CONFIG': {'db': 0, 'host': 'localhost', 'port': 6379, 'test_db': 1},
  'REPR_VERBOSITY': 2,
  'SINGLE_MICRO_NODES_WITH_SELFLOOPS_HAVE_PHI': False,
  'SYSTEM_CUTS': '3.0_STYLE',
  'USE_SMALL_PHI_DIFFERENCE_FOR_CES_DISTANCE': False,
  'VALIDATE_CONDITIONAL_INDEPENDENCE': True,
  'VALIDATE_SUBSYSTEM_STATES': True,
  'WELCOME_OFF': False}
2025-02-09 14:09:41,272 [bruteforce_analysis] INFO MainProcess: Log iniciado en 2025-02-09 14:09:41
Ubicacion completa: logs\2025\02\09_14hrs\bruteforce_analysis.log
Copia rapida: logs\latest_bruteforce_analysis.log
2025-02-09 14:11:10,834 [pyphi.conf] INFO MainProcess: PyPhi v1.2.0
2025-02-09 14:11:10,834 [pyphi.conf] INFO MainProcess: Using default configuration (no configuration file provided)
2025-02-09 14:11:10,834 [pyphi.conf] INFO MainProcess: Current PyPhi configuration:
 { 'ASSUME_CUTS_CANNOT_CREATE_NEW_CONCEPTS': False,
  'CACHE_POTENTIAL_PURVIEWS': True,
  'CACHE_REPERTOIRES': True,
  'CACHE_SIAS': False,
  'CACHING_BACKEND': 'fs',
  'CLEAR_SUBSYSTEM_CACHES_AFTER_COMPUTING_SIA': False,
  'CUT_ONE_APPROXIMATION': False,
  'FS_CACHE_DIRECTORY': '__pyphi_cache__',
  'FS_CACHE_VERBOSITY': 0,
  'LOG_FILE': 'pyphi.log',
  'LOG_FILE_LEVEL': 'INFO',
  'LOG_STDOUT_LEVEL': 'WARNING',
  'MAXIMUM_CACHE_MEMORY_PERCENTAGE': 50,
  'MEASURE': 'EMD',
  'MONGODB_CONFIG': { 'collection_name': 'cache',
                      'database_name': 'pyphi',
                      'host': 'localhost',
                      'port': 27017},
  'NUMBER_OF_CORES': -1,
  'PARALLEL_COMPLEX_EVALUATION': False,
  'PARALLEL_CONCEPT_EVALUATION': False,
  'PARALLEL_CUT_EVALUATION': True,
  'PARTITION_TYPE': 'BI',
  'PICK_SMALLEST_PURVIEW': False,
  'PRECISION': 6,
  'PRINT_FRACTIONS': True,
  'PROGRESS_BARS': True,
  'REDIS_CACHE': False,
  'REDIS_CONFIG': {'db': 0, 'host': 'localhost', 'port': 6379, 'test_db': 1},
  'REPR_VERBOSITY': 2,
  'SINGLE_MICRO_NODES_WITH_SELFLOOPS_HAVE_PHI': False,
  'SYSTEM_CUTS': '3.0_STYLE',
  'USE_SMALL_PHI_DIFFERENCE_FOR_CES_DISTANCE': False,
  'VALIDATE_CONDITIONAL_INDEPENDENCE': True,
  'VALIDATE_SUBSYSTEM_STATES': True,
  'WELCOME_OFF': False}
2025-02-09 14:11:11,558 [bruteforce_analysis] INFO MainProcess: Log iniciado en 2025-02-09 14:11:11
Ubicacion completa: logs\2025\02\09_14hrs\bruteforce_analysis.log
Copia rapida: logs\latest_bruteforce_analysis.log
2025-02-09 14:14:07,440 [pyphi.conf] INFO MainProcess: PyPhi v1.2.0
2025-02-09 14:14:07,440 [pyphi.conf] INFO MainProcess: Using default configuration (no configuration file provided)
2025-02-09 14:14:07,440 [pyphi.conf] INFO MainProcess: Current PyPhi configuration:
 { 'ASSUME_CUTS_CANNOT_CREATE_NEW_CONCEPTS': False,
  'CACHE_POTENTIAL_PURVIEWS': True,
  'CACHE_REPERTOIRES': True,
  'CACHE_SIAS': False,
  'CACHING_BACKEND': 'fs',
  'CLEAR_SUBSYSTEM_CACHES_AFTER_COMPUTING_SIA': False,
  'CUT_ONE_APPROXIMATION': False,
  'FS_CACHE_DIRECTORY': '__pyphi_cache__',
  'FS_CACHE_VERBOSITY': 0,
  'LOG_FILE': 'pyphi.log',
  'LOG_FILE_LEVEL': 'INFO',
  'LOG_STDOUT_LEVEL': 'WARNING',
  'MAXIMUM_CACHE_MEMORY_PERCENTAGE': 50,
  'MEASURE': 'EMD',
  'MONGODB_CONFIG': { 'collection_name': 'cache',
                      'database_name': 'pyphi',
                      'host': 'localhost',
                      'port': 27017},
  'NUMBER_OF_CORES': -1,
  'PARALLEL_COMPLEX_EVALUATION': False,
  'PARALLEL_CONCEPT_EVALUATION': False,
  'PARALLEL_CUT_EVALUATION': True,
  'PARTITION_TYPE': 'BI',
  'PICK_SMALLEST_PURVIEW': False,
  'PRECISION': 6,
  'PRINT_FRACTIONS': True,
  'PROGRESS_BARS': True,
  'REDIS_CACHE': False,
  'REDIS_CONFIG': {'db': 0, 'host': 'localhost', 'port': 6379, 'test_db': 1},
  'REPR_VERBOSITY': 2,
  'SINGLE_MICRO_NODES_WITH_SELFLOOPS_HAVE_PHI': False,
  'SYSTEM_CUTS': '3.0_STYLE',
  'USE_SMALL_PHI_DIFFERENCE_FOR_CES_DISTANCE': False,
  'VALIDATE_CONDITIONAL_INDEPENDENCE': True,
  'VALIDATE_SUBSYSTEM_STATES': True,
  'WELCOME_OFF': False}
2025-02-09 14:14:08,434 [bruteforce_analysis] INFO MainProcess: Log iniciado en 2025-02-09 14:14:08
Ubicacion completa: logs\2025\02\09_14hrs\bruteforce_analysis.log
Copia rapida: logs\latest_bruteforce_analysis.log
2025-02-09 14:22:34,024 [pyphi.conf] INFO MainProcess: PyPhi v1.2.0
2025-02-09 14:22:34,024 [pyphi.conf] INFO MainProcess: Using default configuration (no configuration file provided)
2025-02-09 14:22:34,024 [pyphi.conf] INFO MainProcess: Current PyPhi configuration:
 { 'ASSUME_CUTS_CANNOT_CREATE_NEW_CONCEPTS': False,
  'CACHE_POTENTIAL_PURVIEWS': True,
  'CACHE_REPERTOIRES': True,
  'CACHE_SIAS': False,
  'CACHING_BACKEND': 'fs',
  'CLEAR_SUBSYSTEM_CACHES_AFTER_COMPUTING_SIA': False,
  'CUT_ONE_APPROXIMATION': False,
  'FS_CACHE_DIRECTORY': '__pyphi_cache__',
  'FS_CACHE_VERBOSITY': 0,
  'LOG_FILE': 'pyphi.log',
  'LOG_FILE_LEVEL': 'INFO',
  'LOG_STDOUT_LEVEL': 'WARNING',
  'MAXIMUM_CACHE_MEMORY_PERCENTAGE': 50,
  'MEASURE': 'EMD',
  'MONGODB_CONFIG': { 'collection_name': 'cache',
                      'database_name': 'pyphi',
                      'host': 'localhost',
                      'port': 27017},
  'NUMBER_OF_CORES': -1,
  'PARALLEL_COMPLEX_EVALUATION': False,
  'PARALLEL_CONCEPT_EVALUATION': False,
  'PARALLEL_CUT_EVALUATION': True,
  'PARTITION_TYPE': 'BI',
  'PICK_SMALLEST_PURVIEW': False,
  'PRECISION': 6,
  'PRINT_FRACTIONS': True,
  'PROGRESS_BARS': True,
  'REDIS_CACHE': False,
  'REDIS_CONFIG': {'db': 0, 'host': 'localhost', 'port': 6379, 'test_db': 1},
  'REPR_VERBOSITY': 2,
  'SINGLE_MICRO_NODES_WITH_SELFLOOPS_HAVE_PHI': False,
  'SYSTEM_CUTS': '3.0_STYLE',
  'USE_SMALL_PHI_DIFFERENCE_FOR_CES_DISTANCE': False,
  'VALIDATE_CONDITIONAL_INDEPENDENCE': True,
  'VALIDATE_SUBSYSTEM_STATES': True,
  'WELCOME_OFF': False}
2025-02-09 14:22:35,062 [bruteforce_analysis] INFO MainProcess: Log iniciado en 2025-02-09 14:22:35
Ubicacion completa: logs\2025\02\09_14hrs\bruteforce_analysis.log
Copia rapida: logs\latest_bruteforce_analysis.log
2025-02-09 14:25:17,987 [pyphi.conf] INFO MainProcess: PyPhi v1.2.0
2025-02-09 14:25:17,987 [pyphi.conf] INFO MainProcess: Using default configuration (no configuration file provided)
2025-02-09 14:25:17,987 [pyphi.conf] INFO MainProcess: Current PyPhi configuration:
 { 'ASSUME_CUTS_CANNOT_CREATE_NEW_CONCEPTS': False,
  'CACHE_POTENTIAL_PURVIEWS': True,
  'CACHE_REPERTOIRES': True,
  'CACHE_SIAS': False,
  'CACHING_BACKEND': 'fs',
  'CLEAR_SUBSYSTEM_CACHES_AFTER_COMPUTING_SIA': False,
  'CUT_ONE_APPROXIMATION': False,
  'FS_CACHE_DIRECTORY': '__pyphi_cache__',
  'FS_CACHE_VERBOSITY': 0,
  'LOG_FILE': 'pyphi.log',
  'LOG_FILE_LEVEL': 'INFO',
  'LOG_STDOUT_LEVEL': 'WARNING',
  'MAXIMUM_CACHE_MEMORY_PERCENTAGE': 50,
  'MEASURE': 'EMD',
  'MONGODB_CONFIG': { 'collection_name': 'cache',
                      'database_name': 'pyphi',
                      'host': 'localhost',
                      'port': 27017},
  'NUMBER_OF_CORES': -1,
  'PARALLEL_COMPLEX_EVALUATION': False,
  'PARALLEL_CONCEPT_EVALUATION': False,
  'PARALLEL_CUT_EVALUATION': True,
  'PARTITION_TYPE': 'BI',
  'PICK_SMALLEST_PURVIEW': False,
  'PRECISION': 6,
  'PRINT_FRACTIONS': True,
  'PROGRESS_BARS': True,
  'REDIS_CACHE': False,
  'REDIS_CONFIG': {'db': 0, 'host': 'localhost', 'port': 6379, 'test_db': 1},
  'REPR_VERBOSITY': 2,
  'SINGLE_MICRO_NODES_WITH_SELFLOOPS_HAVE_PHI': False,
  'SYSTEM_CUTS': '3.0_STYLE',
  'USE_SMALL_PHI_DIFFERENCE_FOR_CES_DISTANCE': False,
  'VALIDATE_CONDITIONAL_INDEPENDENCE': True,
  'VALIDATE_SUBSYSTEM_STATES': True,
  'WELCOME_OFF': False}
2025-02-09 14:25:19,508 [bruteforce_analysis] INFO MainProcess: Log iniciado en 2025-02-09 14:25:19
Ubicacion completa: logs\2025\02\09_14hrs\bruteforce_analysis.log
Copia rapida: logs\latest_bruteforce_analysis.log
2025-02-09 14:27:28,389 [pyphi.conf] INFO MainProcess: PyPhi v1.2.0
2025-02-09 14:27:28,389 [pyphi.conf] INFO MainProcess: Using default configuration (no configuration file provided)
2025-02-09 14:27:28,389 [pyphi.conf] INFO MainProcess: Current PyPhi configuration:
 { 'ASSUME_CUTS_CANNOT_CREATE_NEW_CONCEPTS': False,
  'CACHE_POTENTIAL_PURVIEWS': True,
  'CACHE_REPERTOIRES': True,
  'CACHE_SIAS': False,
  'CACHING_BACKEND': 'fs',
  'CLEAR_SUBSYSTEM_CACHES_AFTER_COMPUTING_SIA': False,
  'CUT_ONE_APPROXIMATION': False,
  'FS_CACHE_DIRECTORY': '__pyphi_cache__',
  'FS_CACHE_VERBOSITY': 0,
  'LOG_FILE': 'pyphi.log',
  'LOG_FILE_LEVEL': 'INFO',
  'LOG_STDOUT_LEVEL': 'WARNING',
  'MAXIMUM_CACHE_MEMORY_PERCENTAGE': 50,
  'MEASURE': 'EMD',
  'MONGODB_CONFIG': { 'collection_name': 'cache',
                      'database_name': 'pyphi',
                      'host': 'localhost',
                      'port': 27017},
  'NUMBER_OF_CORES': -1,
  'PARALLEL_COMPLEX_EVALUATION': False,
  'PARALLEL_CONCEPT_EVALUATION': False,
  'PARALLEL_CUT_EVALUATION': True,
  'PARTITION_TYPE': 'BI',
  'PICK_SMALLEST_PURVIEW': False,
  'PRECISION': 6,
  'PRINT_FRACTIONS': True,
  'PROGRESS_BARS': True,
  'REDIS_CACHE': False,
  'REDIS_CONFIG': {'db': 0, 'host': 'localhost', 'port': 6379, 'test_db': 1},
  'REPR_VERBOSITY': 2,
  'SINGLE_MICRO_NODES_WITH_SELFLOOPS_HAVE_PHI': False,
  'SYSTEM_CUTS': '3.0_STYLE',
  'USE_SMALL_PHI_DIFFERENCE_FOR_CES_DISTANCE': False,
  'VALIDATE_CONDITIONAL_INDEPENDENCE': True,
  'VALIDATE_SUBSYSTEM_STATES': True,
  'WELCOME_OFF': False}
2025-02-09 14:27:29,832 [bruteforce_analysis] INFO MainProcess: Log iniciado en 2025-02-09 14:27:29
Ubicacion completa: logs\2025\02\09_14hrs\bruteforce_analysis.log
Copia rapida: logs\latest_bruteforce_analysis.log
2025-02-09 14:29:41,701 [pyphi.conf] INFO MainProcess: PyPhi v1.2.0
2025-02-09 14:29:41,701 [pyphi.conf] INFO MainProcess: Using default configuration (no configuration file provided)
2025-02-09 14:29:41,701 [pyphi.conf] INFO MainProcess: Current PyPhi configuration:
 { 'ASSUME_CUTS_CANNOT_CREATE_NEW_CONCEPTS': False,
  'CACHE_POTENTIAL_PURVIEWS': True,
  'CACHE_REPERTOIRES': True,
  'CACHE_SIAS': False,
  'CACHING_BACKEND': 'fs',
  'CLEAR_SUBSYSTEM_CACHES_AFTER_COMPUTING_SIA': False,
  'CUT_ONE_APPROXIMATION': False,
  'FS_CACHE_DIRECTORY': '__pyphi_cache__',
  'FS_CACHE_VERBOSITY': 0,
  'LOG_FILE': 'pyphi.log',
  'LOG_FILE_LEVEL': 'INFO',
  'LOG_STDOUT_LEVEL': 'WARNING',
  'MAXIMUM_CACHE_MEMORY_PERCENTAGE': 50,
  'MEASURE': 'EMD',
  'MONGODB_CONFIG': { 'collection_name': 'cache',
                      'database_name': 'pyphi',
                      'host': 'localhost',
                      'port': 27017},
  'NUMBER_OF_CORES': -1,
  'PARALLEL_COMPLEX_EVALUATION': False,
  'PARALLEL_CONCEPT_EVALUATION': False,
  'PARALLEL_CUT_EVALUATION': True,
  'PARTITION_TYPE': 'BI',
  'PICK_SMALLEST_PURVIEW': False,
  'PRECISION': 6,
  'PRINT_FRACTIONS': True,
  'PROGRESS_BARS': True,
  'REDIS_CACHE': False,
  'REDIS_CONFIG': {'db': 0, 'host': 'localhost', 'port': 6379, 'test_db': 1},
  'REPR_VERBOSITY': 2,
  'SINGLE_MICRO_NODES_WITH_SELFLOOPS_HAVE_PHI': False,
  'SYSTEM_CUTS': '3.0_STYLE',
  'USE_SMALL_PHI_DIFFERENCE_FOR_CES_DISTANCE': False,
  'VALIDATE_CONDITIONAL_INDEPENDENCE': True,
  'VALIDATE_SUBSYSTEM_STATES': True,
  'WELCOME_OFF': False}
2025-02-09 14:29:42,853 [bruteforce_analysis] INFO MainProcess: Log iniciado en 2025-02-09 14:29:42
Ubicacion completa: logs\2025\02\09_14hrs\bruteforce_analysis.log
Copia rapida: logs\latest_bruteforce_analysis.log
2025-02-09 14:30:53,954 [pyphi.conf] INFO MainProcess: PyPhi v1.2.0
2025-02-09 14:30:53,954 [pyphi.conf] INFO MainProcess: Using default configuration (no configuration file provided)
2025-02-09 14:30:53,954 [pyphi.conf] INFO MainProcess: Current PyPhi configuration:
 { 'ASSUME_CUTS_CANNOT_CREATE_NEW_CONCEPTS': False,
  'CACHE_POTENTIAL_PURVIEWS': True,
  'CACHE_REPERTOIRES': True,
  'CACHE_SIAS': False,
  'CACHING_BACKEND': 'fs',
  'CLEAR_SUBSYSTEM_CACHES_AFTER_COMPUTING_SIA': False,
  'CUT_ONE_APPROXIMATION': False,
  'FS_CACHE_DIRECTORY': '__pyphi_cache__',
  'FS_CACHE_VERBOSITY': 0,
  'LOG_FILE': 'pyphi.log',
  'LOG_FILE_LEVEL': 'INFO',
  'LOG_STDOUT_LEVEL': 'WARNING',
  'MAXIMUM_CACHE_MEMORY_PERCENTAGE': 50,
  'MEASURE': 'EMD',
  'MONGODB_CONFIG': { 'collection_name': 'cache',
                      'database_name': 'pyphi',
                      'host': 'localhost',
                      'port': 27017},
  'NUMBER_OF_CORES': -1,
  'PARALLEL_COMPLEX_EVALUATION': False,
  'PARALLEL_CONCEPT_EVALUATION': False,
  'PARALLEL_CUT_EVALUATION': True,
  'PARTITION_TYPE': 'BI',
  'PICK_SMALLEST_PURVIEW': False,
  'PRECISION': 6,
  'PRINT_FRACTIONS': True,
  'PROGRESS_BARS': True,
  'REDIS_CACHE': False,
  'REDIS_CONFIG': {'db': 0, 'host': 'localhost', 'port': 6379, 'test_db': 1},
  'REPR_VERBOSITY': 2,
  'SINGLE_MICRO_NODES_WITH_SELFLOOPS_HAVE_PHI': False,
  'SYSTEM_CUTS': '3.0_STYLE',
  'USE_SMALL_PHI_DIFFERENCE_FOR_CES_DISTANCE': False,
  'VALIDATE_CONDITIONAL_INDEPENDENCE': True,
  'VALIDATE_SUBSYSTEM_STATES': True,
  'WELCOME_OFF': False}
2025-02-09 14:30:55,266 [bruteforce_analysis] INFO MainProcess: Log iniciado en 2025-02-09 14:30:55
Ubicacion completa: logs\2025\02\09_14hrs\bruteforce_analysis.log
Copia rapida: logs\latest_bruteforce_analysis.log
2025-02-09 14:32:37,080 [pyphi.conf] INFO MainProcess: PyPhi v1.2.0
2025-02-09 14:32:37,080 [pyphi.conf] INFO MainProcess: Using default configuration (no configuration file provided)
2025-02-09 14:32:37,080 [pyphi.conf] INFO MainProcess: Current PyPhi configuration:
 { 'ASSUME_CUTS_CANNOT_CREATE_NEW_CONCEPTS': False,
  'CACHE_POTENTIAL_PURVIEWS': True,
  'CACHE_REPERTOIRES': True,
  'CACHE_SIAS': False,
  'CACHING_BACKEND': 'fs',
  'CLEAR_SUBSYSTEM_CACHES_AFTER_COMPUTING_SIA': False,
  'CUT_ONE_APPROXIMATION': False,
  'FS_CACHE_DIRECTORY': '__pyphi_cache__',
  'FS_CACHE_VERBOSITY': 0,
  'LOG_FILE': 'pyphi.log',
  'LOG_FILE_LEVEL': 'INFO',
  'LOG_STDOUT_LEVEL': 'WARNING',
  'MAXIMUM_CACHE_MEMORY_PERCENTAGE': 50,
  'MEASURE': 'EMD',
  'MONGODB_CONFIG': { 'collection_name': 'cache',
                      'database_name': 'pyphi',
                      'host': 'localhost',
                      'port': 27017},
  'NUMBER_OF_CORES': -1,
  'PARALLEL_COMPLEX_EVALUATION': False,
  'PARALLEL_CONCEPT_EVALUATION': False,
  'PARALLEL_CUT_EVALUATION': True,
  'PARTITION_TYPE': 'BI',
  'PICK_SMALLEST_PURVIEW': False,
  'PRECISION': 6,
  'PRINT_FRACTIONS': True,
  'PROGRESS_BARS': True,
  'REDIS_CACHE': False,
  'REDIS_CONFIG': {'db': 0, 'host': 'localhost', 'port': 6379, 'test_db': 1},
  'REPR_VERBOSITY': 2,
  'SINGLE_MICRO_NODES_WITH_SELFLOOPS_HAVE_PHI': False,
  'SYSTEM_CUTS': '3.0_STYLE',
  'USE_SMALL_PHI_DIFFERENCE_FOR_CES_DISTANCE': False,
  'VALIDATE_CONDITIONAL_INDEPENDENCE': True,
  'VALIDATE_SUBSYSTEM_STATES': True,
  'WELCOME_OFF': False}
2025-02-09 14:32:38,218 [bruteforce_analysis] INFO MainProcess: Log iniciado en 2025-02-09 14:32:38
Ubicacion completa: logs\2025\02\09_14hrs\bruteforce_analysis.log
Copia rapida: logs\latest_bruteforce_analysis.log
2025-02-09 14:34:30,908 [pyphi.conf] INFO MainProcess: PyPhi v1.2.0
2025-02-09 14:34:30,908 [pyphi.conf] INFO MainProcess: Using default configuration (no configuration file provided)
2025-02-09 14:34:30,908 [pyphi.conf] INFO MainProcess: Current PyPhi configuration:
 { 'ASSUME_CUTS_CANNOT_CREATE_NEW_CONCEPTS': False,
  'CACHE_POTENTIAL_PURVIEWS': True,
  'CACHE_REPERTOIRES': True,
  'CACHE_SIAS': False,
  'CACHING_BACKEND': 'fs',
  'CLEAR_SUBSYSTEM_CACHES_AFTER_COMPUTING_SIA': False,
  'CUT_ONE_APPROXIMATION': False,
  'FS_CACHE_DIRECTORY': '__pyphi_cache__',
  'FS_CACHE_VERBOSITY': 0,
  'LOG_FILE': 'pyphi.log',
  'LOG_FILE_LEVEL': 'INFO',
  'LOG_STDOUT_LEVEL': 'WARNING',
  'MAXIMUM_CACHE_MEMORY_PERCENTAGE': 50,
  'MEASURE': 'EMD',
  'MONGODB_CONFIG': { 'collection_name': 'cache',
                      'database_name': 'pyphi',
                      'host': 'localhost',
                      'port': 27017},
  'NUMBER_OF_CORES': -1,
  'PARALLEL_COMPLEX_EVALUATION': False,
  'PARALLEL_CONCEPT_EVALUATION': False,
  'PARALLEL_CUT_EVALUATION': True,
  'PARTITION_TYPE': 'BI',
  'PICK_SMALLEST_PURVIEW': False,
  'PRECISION': 6,
  'PRINT_FRACTIONS': True,
  'PROGRESS_BARS': True,
  'REDIS_CACHE': False,
  'REDIS_CONFIG': {'db': 0, 'host': 'localhost', 'port': 6379, 'test_db': 1},
  'REPR_VERBOSITY': 2,
  'SINGLE_MICRO_NODES_WITH_SELFLOOPS_HAVE_PHI': False,
  'SYSTEM_CUTS': '3.0_STYLE',
  'USE_SMALL_PHI_DIFFERENCE_FOR_CES_DISTANCE': False,
  'VALIDATE_CONDITIONAL_INDEPENDENCE': True,
  'VALIDATE_SUBSYSTEM_STATES': True,
  'WELCOME_OFF': False}
2025-02-09 14:34:32,301 [bruteforce_analysis] INFO MainProcess: Log iniciado en 2025-02-09 14:34:32
Ubicacion completa: logs\2025\02\09_14hrs\bruteforce_analysis.log
Copia rapida: logs\latest_bruteforce_analysis.log
2025-02-09 15:30:56,445 [pyphi.conf] INFO MainProcess: PyPhi v1.2.0
2025-02-09 15:30:56,445 [pyphi.conf] INFO MainProcess: Using default configuration (no configuration file provided)
2025-02-09 15:30:56,446 [pyphi.conf] INFO MainProcess: Current PyPhi configuration:
 { 'ASSUME_CUTS_CANNOT_CREATE_NEW_CONCEPTS': False,
  'CACHE_POTENTIAL_PURVIEWS': True,
  'CACHE_REPERTOIRES': True,
  'CACHE_SIAS': False,
  'CACHING_BACKEND': 'fs',
  'CLEAR_SUBSYSTEM_CACHES_AFTER_COMPUTING_SIA': False,
  'CUT_ONE_APPROXIMATION': False,
  'FS_CACHE_DIRECTORY': '__pyphi_cache__',
  'FS_CACHE_VERBOSITY': 0,
  'LOG_FILE': 'pyphi.log',
  'LOG_FILE_LEVEL': 'INFO',
  'LOG_STDOUT_LEVEL': 'WARNING',
  'MAXIMUM_CACHE_MEMORY_PERCENTAGE': 50,
  'MEASURE': 'EMD',
  'MONGODB_CONFIG': { 'collection_name': 'cache',
                      'database_name': 'pyphi',
                      'host': 'localhost',
                      'port': 27017},
  'NUMBER_OF_CORES': -1,
  'PARALLEL_COMPLEX_EVALUATION': False,
  'PARALLEL_CONCEPT_EVALUATION': False,
  'PARALLEL_CUT_EVALUATION': True,
  'PARTITION_TYPE': 'BI',
  'PICK_SMALLEST_PURVIEW': False,
  'PRECISION': 6,
  'PRINT_FRACTIONS': True,
  'PROGRESS_BARS': True,
  'REDIS_CACHE': False,
  'REDIS_CONFIG': {'db': 0, 'host': 'localhost', 'port': 6379, 'test_db': 1},
  'REPR_VERBOSITY': 2,
  'SINGLE_MICRO_NODES_WITH_SELFLOOPS_HAVE_PHI': False,
  'SYSTEM_CUTS': '3.0_STYLE',
  'USE_SMALL_PHI_DIFFERENCE_FOR_CES_DISTANCE': False,
  'VALIDATE_CONDITIONAL_INDEPENDENCE': True,
  'VALIDATE_SUBSYSTEM_STATES': True,
  'WELCOME_OFF': False}
2025-02-09 15:30:57,447 [bruteforce_analysis] INFO MainProcess: Log iniciado en 2025-02-09 15:30:57
Ubicacion completa: logs\2025\02\09_15hrs\bruteforce_analysis.log
Copia rapida: logs\latest_bruteforce_analysis.log
2025-02-09 15:35:32,172 [pyphi.conf] INFO MainProcess: PyPhi v1.2.0
2025-02-09 15:35:32,172 [pyphi.conf] INFO MainProcess: Using default configuration (no configuration file provided)
2025-02-09 15:35:32,172 [pyphi.conf] INFO MainProcess: Current PyPhi configuration:
 { 'ASSUME_CUTS_CANNOT_CREATE_NEW_CONCEPTS': False,
  'CACHE_POTENTIAL_PURVIEWS': True,
  'CACHE_REPERTOIRES': True,
  'CACHE_SIAS': False,
  'CACHING_BACKEND': 'fs',
  'CLEAR_SUBSYSTEM_CACHES_AFTER_COMPUTING_SIA': False,
  'CUT_ONE_APPROXIMATION': False,
  'FS_CACHE_DIRECTORY': '__pyphi_cache__',
  'FS_CACHE_VERBOSITY': 0,
  'LOG_FILE': 'pyphi.log',
  'LOG_FILE_LEVEL': 'INFO',
  'LOG_STDOUT_LEVEL': 'WARNING',
  'MAXIMUM_CACHE_MEMORY_PERCENTAGE': 50,
  'MEASURE': 'EMD',
  'MONGODB_CONFIG': { 'collection_name': 'cache',
                      'database_name': 'pyphi',
                      'host': 'localhost',
                      'port': 27017},
  'NUMBER_OF_CORES': -1,
  'PARALLEL_COMPLEX_EVALUATION': False,
  'PARALLEL_CONCEPT_EVALUATION': False,
  'PARALLEL_CUT_EVALUATION': True,
  'PARTITION_TYPE': 'BI',
  'PICK_SMALLEST_PURVIEW': False,
  'PRECISION': 6,
  'PRINT_FRACTIONS': True,
  'PROGRESS_BARS': True,
  'REDIS_CACHE': False,
  'REDIS_CONFIG': {'db': 0, 'host': 'localhost', 'port': 6379, 'test_db': 1},
  'REPR_VERBOSITY': 2,
  'SINGLE_MICRO_NODES_WITH_SELFLOOPS_HAVE_PHI': False,
  'SYSTEM_CUTS': '3.0_STYLE',
  'USE_SMALL_PHI_DIFFERENCE_FOR_CES_DISTANCE': False,
  'VALIDATE_CONDITIONAL_INDEPENDENCE': True,
  'VALIDATE_SUBSYSTEM_STATES': True,
  'WELCOME_OFF': False}
2025-02-09 15:35:33,325 [bruteforce_analysis] INFO MainProcess: Log iniciado en 2025-02-09 15:35:33
Ubicacion completa: logs\2025\02\09_15hrs\bruteforce_analysis.log
Copia rapida: logs\latest_bruteforce_analysis.log
2025-02-10 18:57:56,875 [pyphi.conf] INFO MainProcess: PyPhi v1.2.0
2025-02-10 18:57:56,875 [pyphi.conf] INFO MainProcess: Using default configuration (no configuration file provided)
2025-02-10 18:57:56,875 [pyphi.conf] INFO MainProcess: Current PyPhi configuration:
 { 'ASSUME_CUTS_CANNOT_CREATE_NEW_CONCEPTS': False,
  'CACHE_POTENTIAL_PURVIEWS': True,
  'CACHE_REPERTOIRES': True,
  'CACHE_SIAS': False,
  'CACHING_BACKEND': 'fs',
  'CLEAR_SUBSYSTEM_CACHES_AFTER_COMPUTING_SIA': False,
  'CUT_ONE_APPROXIMATION': False,
  'FS_CACHE_DIRECTORY': '__pyphi_cache__',
  'FS_CACHE_VERBOSITY': 0,
  'LOG_FILE': 'pyphi.log',
  'LOG_FILE_LEVEL': 'INFO',
  'LOG_STDOUT_LEVEL': 'WARNING',
  'MAXIMUM_CACHE_MEMORY_PERCENTAGE': 50,
  'MEASURE': 'EMD',
  'MONGODB_CONFIG': { 'collection_name': 'cache',
                      'database_name': 'pyphi',
                      'host': 'localhost',
                      'port': 27017},
  'NUMBER_OF_CORES': -1,
  'PARALLEL_COMPLEX_EVALUATION': False,
  'PARALLEL_CONCEPT_EVALUATION': False,
  'PARALLEL_CUT_EVALUATION': True,
  'PARTITION_TYPE': 'BI',
  'PICK_SMALLEST_PURVIEW': False,
  'PRECISION': 6,
  'PRINT_FRACTIONS': True,
  'PROGRESS_BARS': True,
  'REDIS_CACHE': False,
  'REDIS_CONFIG': {'db': 0, 'host': 'localhost', 'port': 6379, 'test_db': 1},
  'REPR_VERBOSITY': 2,
  'SINGLE_MICRO_NODES_WITH_SELFLOOPS_HAVE_PHI': False,
  'SYSTEM_CUTS': '3.0_STYLE',
  'USE_SMALL_PHI_DIFFERENCE_FOR_CES_DISTANCE': False,
  'VALIDATE_CONDITIONAL_INDEPENDENCE': True,
  'VALIDATE_SUBSYSTEM_STATES': True,
  'WELCOME_OFF': False}
2025-02-10 18:58:08,146 [bruteforce_analysis] INFO MainProcess: Log iniciado en 2025-02-10 18:58:08
Ubicacion completa: logs\2025\02\10_18hrs\bruteforce_analysis.log
Copia rapida: logs\latest_bruteforce_analysis.log
2025-02-10 18:59:53,608 [pyphi.conf] INFO MainProcess: PyPhi v1.2.0
2025-02-10 18:59:53,608 [pyphi.conf] INFO MainProcess: Using default configuration (no configuration file provided)
2025-02-10 18:59:53,608 [pyphi.conf] INFO MainProcess: Current PyPhi configuration:
 { 'ASSUME_CUTS_CANNOT_CREATE_NEW_CONCEPTS': False,
  'CACHE_POTENTIAL_PURVIEWS': True,
  'CACHE_REPERTOIRES': True,
  'CACHE_SIAS': False,
  'CACHING_BACKEND': 'fs',
  'CLEAR_SUBSYSTEM_CACHES_AFTER_COMPUTING_SIA': False,
  'CUT_ONE_APPROXIMATION': False,
  'FS_CACHE_DIRECTORY': '__pyphi_cache__',
  'FS_CACHE_VERBOSITY': 0,
  'LOG_FILE': 'pyphi.log',
  'LOG_FILE_LEVEL': 'INFO',
  'LOG_STDOUT_LEVEL': 'WARNING',
  'MAXIMUM_CACHE_MEMORY_PERCENTAGE': 50,
  'MEASURE': 'EMD',
  'MONGODB_CONFIG': { 'collection_name': 'cache',
                      'database_name': 'pyphi',
                      'host': 'localhost',
                      'port': 27017},
  'NUMBER_OF_CORES': -1,
  'PARALLEL_COMPLEX_EVALUATION': False,
  'PARALLEL_CONCEPT_EVALUATION': False,
  'PARALLEL_CUT_EVALUATION': True,
  'PARTITION_TYPE': 'BI',
  'PICK_SMALLEST_PURVIEW': False,
  'PRECISION': 6,
  'PRINT_FRACTIONS': True,
  'PROGRESS_BARS': True,
  'REDIS_CACHE': False,
  'REDIS_CONFIG': {'db': 0, 'host': 'localhost', 'port': 6379, 'test_db': 1},
  'REPR_VERBOSITY': 2,
  'SINGLE_MICRO_NODES_WITH_SELFLOOPS_HAVE_PHI': False,
  'SYSTEM_CUTS': '3.0_STYLE',
  'USE_SMALL_PHI_DIFFERENCE_FOR_CES_DISTANCE': False,
  'VALIDATE_CONDITIONAL_INDEPENDENCE': True,
  'VALIDATE_SUBSYSTEM_STATES': True,
  'WELCOME_OFF': False}
2025-02-10 18:59:54,673 [bruteforce_analysis] INFO MainProcess: Log iniciado en 2025-02-10 18:59:54
Ubicacion completa: logs\2025\02\10_18hrs\bruteforce_analysis.log
Copia rapida: logs\latest_bruteforce_analysis.log
2025-02-10 19:08:33,485 [pyphi.conf] INFO MainProcess: PyPhi v1.2.0
2025-02-10 19:08:33,486 [pyphi.conf] INFO MainProcess: Using default configuration (no configuration file provided)
2025-02-10 19:08:33,486 [pyphi.conf] INFO MainProcess: Current PyPhi configuration:
 { 'ASSUME_CUTS_CANNOT_CREATE_NEW_CONCEPTS': False,
  'CACHE_POTENTIAL_PURVIEWS': True,
  'CACHE_REPERTOIRES': True,
  'CACHE_SIAS': False,
  'CACHING_BACKEND': 'fs',
  'CLEAR_SUBSYSTEM_CACHES_AFTER_COMPUTING_SIA': False,
  'CUT_ONE_APPROXIMATION': False,
  'FS_CACHE_DIRECTORY': '__pyphi_cache__',
  'FS_CACHE_VERBOSITY': 0,
  'LOG_FILE': 'pyphi.log',
  'LOG_FILE_LEVEL': 'INFO',
  'LOG_STDOUT_LEVEL': 'WARNING',
  'MAXIMUM_CACHE_MEMORY_PERCENTAGE': 50,
  'MEASURE': 'EMD',
  'MONGODB_CONFIG': { 'collection_name': 'cache',
                      'database_name': 'pyphi',
                      'host': 'localhost',
                      'port': 27017},
  'NUMBER_OF_CORES': -1,
  'PARALLEL_COMPLEX_EVALUATION': False,
  'PARALLEL_CONCEPT_EVALUATION': False,
  'PARALLEL_CUT_EVALUATION': True,
  'PARTITION_TYPE': 'BI',
  'PICK_SMALLEST_PURVIEW': False,
  'PRECISION': 6,
  'PRINT_FRACTIONS': True,
  'PROGRESS_BARS': True,
  'REDIS_CACHE': False,
  'REDIS_CONFIG': {'db': 0, 'host': 'localhost', 'port': 6379, 'test_db': 1},
  'REPR_VERBOSITY': 2,
  'SINGLE_MICRO_NODES_WITH_SELFLOOPS_HAVE_PHI': False,
  'SYSTEM_CUTS': '3.0_STYLE',
  'USE_SMALL_PHI_DIFFERENCE_FOR_CES_DISTANCE': False,
  'VALIDATE_CONDITIONAL_INDEPENDENCE': True,
  'VALIDATE_SUBSYSTEM_STATES': True,
  'WELCOME_OFF': False}
2025-02-10 19:08:34,606 [bruteforce_analysis] INFO MainProcess: Log iniciado en 2025-02-10 19:08:34
Ubicacion completa: logs\2025\02\10_19hrs\bruteforce_analysis.log
Copia rapida: logs\latest_bruteforce_analysis.log
2025-02-10 19:11:47,679 [pyphi.conf] INFO MainProcess: PyPhi v1.2.0
2025-02-10 19:11:47,679 [pyphi.conf] INFO MainProcess: Using default configuration (no configuration file provided)
2025-02-10 19:11:47,679 [pyphi.conf] INFO MainProcess: Current PyPhi configuration:
 { 'ASSUME_CUTS_CANNOT_CREATE_NEW_CONCEPTS': False,
  'CACHE_POTENTIAL_PURVIEWS': True,
  'CACHE_REPERTOIRES': True,
  'CACHE_SIAS': False,
  'CACHING_BACKEND': 'fs',
  'CLEAR_SUBSYSTEM_CACHES_AFTER_COMPUTING_SIA': False,
  'CUT_ONE_APPROXIMATION': False,
  'FS_CACHE_DIRECTORY': '__pyphi_cache__',
  'FS_CACHE_VERBOSITY': 0,
  'LOG_FILE': 'pyphi.log',
  'LOG_FILE_LEVEL': 'INFO',
  'LOG_STDOUT_LEVEL': 'WARNING',
  'MAXIMUM_CACHE_MEMORY_PERCENTAGE': 50,
  'MEASURE': 'EMD',
  'MONGODB_CONFIG': { 'collection_name': 'cache',
                      'database_name': 'pyphi',
                      'host': 'localhost',
                      'port': 27017},
  'NUMBER_OF_CORES': -1,
  'PARALLEL_COMPLEX_EVALUATION': False,
  'PARALLEL_CONCEPT_EVALUATION': False,
  'PARALLEL_CUT_EVALUATION': True,
  'PARTITION_TYPE': 'BI',
  'PICK_SMALLEST_PURVIEW': False,
  'PRECISION': 6,
  'PRINT_FRACTIONS': True,
  'PROGRESS_BARS': True,
  'REDIS_CACHE': False,
  'REDIS_CONFIG': {'db': 0, 'host': 'localhost', 'port': 6379, 'test_db': 1},
  'REPR_VERBOSITY': 2,
  'SINGLE_MICRO_NODES_WITH_SELFLOOPS_HAVE_PHI': False,
  'SYSTEM_CUTS': '3.0_STYLE',
  'USE_SMALL_PHI_DIFFERENCE_FOR_CES_DISTANCE': False,
  'VALIDATE_CONDITIONAL_INDEPENDENCE': True,
  'VALIDATE_SUBSYSTEM_STATES': True,
  'WELCOME_OFF': False}
2025-02-10 19:11:48,733 [bruteforce_analysis] INFO MainProcess: Log iniciado en 2025-02-10 19:11:48
Ubicacion completa: logs\2025\02\10_19hrs\bruteforce_analysis.log
Copia rapida: logs\latest_bruteforce_analysis.log
2025-02-10 19:15:47,712 [pyphi.conf] INFO MainProcess: PyPhi v1.2.0
2025-02-10 19:15:47,712 [pyphi.conf] INFO MainProcess: Using default configuration (no configuration file provided)
2025-02-10 19:15:47,712 [pyphi.conf] INFO MainProcess: Current PyPhi configuration:
 { 'ASSUME_CUTS_CANNOT_CREATE_NEW_CONCEPTS': False,
  'CACHE_POTENTIAL_PURVIEWS': True,
  'CACHE_REPERTOIRES': True,
  'CACHE_SIAS': False,
  'CACHING_BACKEND': 'fs',
  'CLEAR_SUBSYSTEM_CACHES_AFTER_COMPUTING_SIA': False,
  'CUT_ONE_APPROXIMATION': False,
  'FS_CACHE_DIRECTORY': '__pyphi_cache__',
  'FS_CACHE_VERBOSITY': 0,
  'LOG_FILE': 'pyphi.log',
  'LOG_FILE_LEVEL': 'INFO',
  'LOG_STDOUT_LEVEL': 'WARNING',
  'MAXIMUM_CACHE_MEMORY_PERCENTAGE': 50,
  'MEASURE': 'EMD',
  'MONGODB_CONFIG': { 'collection_name': 'cache',
                      'database_name': 'pyphi',
                      'host': 'localhost',
                      'port': 27017},
  'NUMBER_OF_CORES': -1,
  'PARALLEL_COMPLEX_EVALUATION': False,
  'PARALLEL_CONCEPT_EVALUATION': False,
  'PARALLEL_CUT_EVALUATION': True,
  'PARTITION_TYPE': 'BI',
  'PICK_SMALLEST_PURVIEW': False,
  'PRECISION': 6,
  'PRINT_FRACTIONS': True,
  'PROGRESS_BARS': True,
  'REDIS_CACHE': False,
  'REDIS_CONFIG': {'db': 0, 'host': 'localhost', 'port': 6379, 'test_db': 1},
  'REPR_VERBOSITY': 2,
  'SINGLE_MICRO_NODES_WITH_SELFLOOPS_HAVE_PHI': False,
  'SYSTEM_CUTS': '3.0_STYLE',
  'USE_SMALL_PHI_DIFFERENCE_FOR_CES_DISTANCE': False,
  'VALIDATE_CONDITIONAL_INDEPENDENCE': True,
  'VALIDATE_SUBSYSTEM_STATES': True,
  'WELCOME_OFF': False}
2025-02-10 19:15:48,845 [bruteforce_analysis] INFO MainProcess: Log iniciado en 2025-02-10 19:15:48
Ubicacion completa: logs\2025\02\10_19hrs\bruteforce_analysis.log
Copia rapida: logs\latest_bruteforce_analysis.log
2025-02-10 19:17:52,433 [pyphi.conf] INFO MainProcess: PyPhi v1.2.0
2025-02-10 19:17:52,433 [pyphi.conf] INFO MainProcess: Using default configuration (no configuration file provided)
2025-02-10 19:17:52,433 [pyphi.conf] INFO MainProcess: Current PyPhi configuration:
 { 'ASSUME_CUTS_CANNOT_CREATE_NEW_CONCEPTS': False,
  'CACHE_POTENTIAL_PURVIEWS': True,
  'CACHE_REPERTOIRES': True,
  'CACHE_SIAS': False,
  'CACHING_BACKEND': 'fs',
  'CLEAR_SUBSYSTEM_CACHES_AFTER_COMPUTING_SIA': False,
  'CUT_ONE_APPROXIMATION': False,
  'FS_CACHE_DIRECTORY': '__pyphi_cache__',
  'FS_CACHE_VERBOSITY': 0,
  'LOG_FILE': 'pyphi.log',
  'LOG_FILE_LEVEL': 'INFO',
  'LOG_STDOUT_LEVEL': 'WARNING',
  'MAXIMUM_CACHE_MEMORY_PERCENTAGE': 50,
  'MEASURE': 'EMD',
  'MONGODB_CONFIG': { 'collection_name': 'cache',
                      'database_name': 'pyphi',
                      'host': 'localhost',
                      'port': 27017},
  'NUMBER_OF_CORES': -1,
  'PARALLEL_COMPLEX_EVALUATION': False,
  'PARALLEL_CONCEPT_EVALUATION': False,
  'PARALLEL_CUT_EVALUATION': True,
  'PARTITION_TYPE': 'BI',
  'PICK_SMALLEST_PURVIEW': False,
  'PRECISION': 6,
  'PRINT_FRACTIONS': True,
  'PROGRESS_BARS': True,
  'REDIS_CACHE': False,
  'REDIS_CONFIG': {'db': 0, 'host': 'localhost', 'port': 6379, 'test_db': 1},
  'REPR_VERBOSITY': 2,
  'SINGLE_MICRO_NODES_WITH_SELFLOOPS_HAVE_PHI': False,
  'SYSTEM_CUTS': '3.0_STYLE',
  'USE_SMALL_PHI_DIFFERENCE_FOR_CES_DISTANCE': False,
  'VALIDATE_CONDITIONAL_INDEPENDENCE': True,
  'VALIDATE_SUBSYSTEM_STATES': True,
  'WELCOME_OFF': False}
2025-02-10 19:17:53,441 [bruteforce_analysis] INFO MainProcess: Log iniciado en 2025-02-10 19:17:53
Ubicacion completa: logs\2025\02\10_19hrs\bruteforce_analysis.log
Copia rapida: logs\latest_bruteforce_analysis.log
2025-02-10 19:20:40,284 [pyphi.conf] INFO MainProcess: PyPhi v1.2.0
2025-02-10 19:20:40,284 [pyphi.conf] INFO MainProcess: Using default configuration (no configuration file provided)
2025-02-10 19:20:40,285 [pyphi.conf] INFO MainProcess: Current PyPhi configuration:
 { 'ASSUME_CUTS_CANNOT_CREATE_NEW_CONCEPTS': False,
  'CACHE_POTENTIAL_PURVIEWS': True,
  'CACHE_REPERTOIRES': True,
  'CACHE_SIAS': False,
  'CACHING_BACKEND': 'fs',
  'CLEAR_SUBSYSTEM_CACHES_AFTER_COMPUTING_SIA': False,
  'CUT_ONE_APPROXIMATION': False,
  'FS_CACHE_DIRECTORY': '__pyphi_cache__',
  'FS_CACHE_VERBOSITY': 0,
  'LOG_FILE': 'pyphi.log',
  'LOG_FILE_LEVEL': 'INFO',
  'LOG_STDOUT_LEVEL': 'WARNING',
  'MAXIMUM_CACHE_MEMORY_PERCENTAGE': 50,
  'MEASURE': 'EMD',
  'MONGODB_CONFIG': { 'collection_name': 'cache',
                      'database_name': 'pyphi',
                      'host': 'localhost',
                      'port': 27017},
  'NUMBER_OF_CORES': -1,
  'PARALLEL_COMPLEX_EVALUATION': False,
  'PARALLEL_CONCEPT_EVALUATION': False,
  'PARALLEL_CUT_EVALUATION': True,
  'PARTITION_TYPE': 'BI',
  'PICK_SMALLEST_PURVIEW': False,
  'PRECISION': 6,
  'PRINT_FRACTIONS': True,
  'PROGRESS_BARS': True,
  'REDIS_CACHE': False,
  'REDIS_CONFIG': {'db': 0, 'host': 'localhost', 'port': 6379, 'test_db': 1},
  'REPR_VERBOSITY': 2,
  'SINGLE_MICRO_NODES_WITH_SELFLOOPS_HAVE_PHI': False,
  'SYSTEM_CUTS': '3.0_STYLE',
  'USE_SMALL_PHI_DIFFERENCE_FOR_CES_DISTANCE': False,
  'VALIDATE_CONDITIONAL_INDEPENDENCE': True,
  'VALIDATE_SUBSYSTEM_STATES': True,
  'WELCOME_OFF': False}
2025-02-10 19:20:41,419 [bruteforce_analysis] INFO MainProcess: Log iniciado en 2025-02-10 19:20:41
Ubicacion completa: logs\2025\02\10_19hrs\bruteforce_analysis.log
Copia rapida: logs\latest_bruteforce_analysis.log
2025-02-10 19:24:28,295 [pyphi.conf] INFO MainProcess: PyPhi v1.2.0
2025-02-10 19:24:28,295 [pyphi.conf] INFO MainProcess: Using default configuration (no configuration file provided)
2025-02-10 19:24:28,295 [pyphi.conf] INFO MainProcess: Current PyPhi configuration:
 { 'ASSUME_CUTS_CANNOT_CREATE_NEW_CONCEPTS': False,
  'CACHE_POTENTIAL_PURVIEWS': True,
  'CACHE_REPERTOIRES': True,
  'CACHE_SIAS': False,
  'CACHING_BACKEND': 'fs',
  'CLEAR_SUBSYSTEM_CACHES_AFTER_COMPUTING_SIA': False,
  'CUT_ONE_APPROXIMATION': False,
  'FS_CACHE_DIRECTORY': '__pyphi_cache__',
  'FS_CACHE_VERBOSITY': 0,
  'LOG_FILE': 'pyphi.log',
  'LOG_FILE_LEVEL': 'INFO',
  'LOG_STDOUT_LEVEL': 'WARNING',
  'MAXIMUM_CACHE_MEMORY_PERCENTAGE': 50,
  'MEASURE': 'EMD',
  'MONGODB_CONFIG': { 'collection_name': 'cache',
                      'database_name': 'pyphi',
                      'host': 'localhost',
                      'port': 27017},
  'NUMBER_OF_CORES': -1,
  'PARALLEL_COMPLEX_EVALUATION': False,
  'PARALLEL_CONCEPT_EVALUATION': False,
  'PARALLEL_CUT_EVALUATION': True,
  'PARTITION_TYPE': 'BI',
  'PICK_SMALLEST_PURVIEW': False,
  'PRECISION': 6,
  'PRINT_FRACTIONS': True,
  'PROGRESS_BARS': True,
  'REDIS_CACHE': False,
  'REDIS_CONFIG': {'db': 0, 'host': 'localhost', 'port': 6379, 'test_db': 1},
  'REPR_VERBOSITY': 2,
  'SINGLE_MICRO_NODES_WITH_SELFLOOPS_HAVE_PHI': False,
  'SYSTEM_CUTS': '3.0_STYLE',
  'USE_SMALL_PHI_DIFFERENCE_FOR_CES_DISTANCE': False,
  'VALIDATE_CONDITIONAL_INDEPENDENCE': True,
  'VALIDATE_SUBSYSTEM_STATES': True,
  'WELCOME_OFF': False}
2025-02-10 19:24:29,244 [bruteforce_analysis] INFO MainProcess: Log iniciado en 2025-02-10 19:24:29
Ubicacion completa: logs\2025\02\10_19hrs\bruteforce_analysis.log
Copia rapida: logs\latest_bruteforce_analysis.log
2025-02-10 19:26:13,477 [pyphi.conf] INFO MainProcess: PyPhi v1.2.0
2025-02-10 19:26:13,477 [pyphi.conf] INFO MainProcess: Using default configuration (no configuration file provided)
2025-02-10 19:26:13,477 [pyphi.conf] INFO MainProcess: Current PyPhi configuration:
 { 'ASSUME_CUTS_CANNOT_CREATE_NEW_CONCEPTS': False,
  'CACHE_POTENTIAL_PURVIEWS': True,
  'CACHE_REPERTOIRES': True,
  'CACHE_SIAS': False,
  'CACHING_BACKEND': 'fs',
  'CLEAR_SUBSYSTEM_CACHES_AFTER_COMPUTING_SIA': False,
  'CUT_ONE_APPROXIMATION': False,
  'FS_CACHE_DIRECTORY': '__pyphi_cache__',
  'FS_CACHE_VERBOSITY': 0,
  'LOG_FILE': 'pyphi.log',
  'LOG_FILE_LEVEL': 'INFO',
  'LOG_STDOUT_LEVEL': 'WARNING',
  'MAXIMUM_CACHE_MEMORY_PERCENTAGE': 50,
  'MEASURE': 'EMD',
  'MONGODB_CONFIG': { 'collection_name': 'cache',
                      'database_name': 'pyphi',
                      'host': 'localhost',
                      'port': 27017},
  'NUMBER_OF_CORES': -1,
  'PARALLEL_COMPLEX_EVALUATION': False,
  'PARALLEL_CONCEPT_EVALUATION': False,
  'PARALLEL_CUT_EVALUATION': True,
  'PARTITION_TYPE': 'BI',
  'PICK_SMALLEST_PURVIEW': False,
  'PRECISION': 6,
  'PRINT_FRACTIONS': True,
  'PROGRESS_BARS': True,
  'REDIS_CACHE': False,
  'REDIS_CONFIG': {'db': 0, 'host': 'localhost', 'port': 6379, 'test_db': 1},
  'REPR_VERBOSITY': 2,
  'SINGLE_MICRO_NODES_WITH_SELFLOOPS_HAVE_PHI': False,
  'SYSTEM_CUTS': '3.0_STYLE',
  'USE_SMALL_PHI_DIFFERENCE_FOR_CES_DISTANCE': False,
  'VALIDATE_CONDITIONAL_INDEPENDENCE': True,
  'VALIDATE_SUBSYSTEM_STATES': True,
  'WELCOME_OFF': False}
2025-02-10 19:26:14,724 [bruteforce_analysis] INFO MainProcess: Log iniciado en 2025-02-10 19:26:14
Ubicacion completa: logs\2025\02\10_19hrs\bruteforce_analysis.log
Copia rapida: logs\latest_bruteforce_analysis.log
2025-02-10 19:27:10,223 [pyphi.conf] INFO MainProcess: PyPhi v1.2.0
2025-02-10 19:27:10,223 [pyphi.conf] INFO MainProcess: Using default configuration (no configuration file provided)
2025-02-10 19:27:10,223 [pyphi.conf] INFO MainProcess: Current PyPhi configuration:
 { 'ASSUME_CUTS_CANNOT_CREATE_NEW_CONCEPTS': False,
  'CACHE_POTENTIAL_PURVIEWS': True,
  'CACHE_REPERTOIRES': True,
  'CACHE_SIAS': False,
  'CACHING_BACKEND': 'fs',
  'CLEAR_SUBSYSTEM_CACHES_AFTER_COMPUTING_SIA': False,
  'CUT_ONE_APPROXIMATION': False,
  'FS_CACHE_DIRECTORY': '__pyphi_cache__',
  'FS_CACHE_VERBOSITY': 0,
  'LOG_FILE': 'pyphi.log',
  'LOG_FILE_LEVEL': 'INFO',
  'LOG_STDOUT_LEVEL': 'WARNING',
  'MAXIMUM_CACHE_MEMORY_PERCENTAGE': 50,
  'MEASURE': 'EMD',
  'MONGODB_CONFIG': { 'collection_name': 'cache',
                      'database_name': 'pyphi',
                      'host': 'localhost',
                      'port': 27017},
  'NUMBER_OF_CORES': -1,
  'PARALLEL_COMPLEX_EVALUATION': False,
  'PARALLEL_CONCEPT_EVALUATION': False,
  'PARALLEL_CUT_EVALUATION': True,
  'PARTITION_TYPE': 'BI',
  'PICK_SMALLEST_PURVIEW': False,
  'PRECISION': 6,
  'PRINT_FRACTIONS': True,
  'PROGRESS_BARS': True,
  'REDIS_CACHE': False,
  'REDIS_CONFIG': {'db': 0, 'host': 'localhost', 'port': 6379, 'test_db': 1},
  'REPR_VERBOSITY': 2,
  'SINGLE_MICRO_NODES_WITH_SELFLOOPS_HAVE_PHI': False,
  'SYSTEM_CUTS': '3.0_STYLE',
  'USE_SMALL_PHI_DIFFERENCE_FOR_CES_DISTANCE': False,
  'VALIDATE_CONDITIONAL_INDEPENDENCE': True,
  'VALIDATE_SUBSYSTEM_STATES': True,
  'WELCOME_OFF': False}
2025-02-10 19:27:11,654 [bruteforce_analysis] INFO MainProcess: Log iniciado en 2025-02-10 19:27:11
Ubicacion completa: logs\2025\02\10_19hrs\bruteforce_analysis.log
Copia rapida: logs\latest_bruteforce_analysis.log
2025-02-10 19:28:49,172 [pyphi.conf] INFO MainProcess: PyPhi v1.2.0
2025-02-10 19:28:49,172 [pyphi.conf] INFO MainProcess: Using default configuration (no configuration file provided)
2025-02-10 19:28:49,172 [pyphi.conf] INFO MainProcess: Current PyPhi configuration:
 { 'ASSUME_CUTS_CANNOT_CREATE_NEW_CONCEPTS': False,
  'CACHE_POTENTIAL_PURVIEWS': True,
  'CACHE_REPERTOIRES': True,
  'CACHE_SIAS': False,
  'CACHING_BACKEND': 'fs',
  'CLEAR_SUBSYSTEM_CACHES_AFTER_COMPUTING_SIA': False,
  'CUT_ONE_APPROXIMATION': False,
  'FS_CACHE_DIRECTORY': '__pyphi_cache__',
  'FS_CACHE_VERBOSITY': 0,
  'LOG_FILE': 'pyphi.log',
  'LOG_FILE_LEVEL': 'INFO',
  'LOG_STDOUT_LEVEL': 'WARNING',
  'MAXIMUM_CACHE_MEMORY_PERCENTAGE': 50,
  'MEASURE': 'EMD',
  'MONGODB_CONFIG': { 'collection_name': 'cache',
                      'database_name': 'pyphi',
                      'host': 'localhost',
                      'port': 27017},
  'NUMBER_OF_CORES': -1,
  'PARALLEL_COMPLEX_EVALUATION': False,
  'PARALLEL_CONCEPT_EVALUATION': False,
  'PARALLEL_CUT_EVALUATION': True,
  'PARTITION_TYPE': 'BI',
  'PICK_SMALLEST_PURVIEW': False,
  'PRECISION': 6,
  'PRINT_FRACTIONS': True,
  'PROGRESS_BARS': True,
  'REDIS_CACHE': False,
  'REDIS_CONFIG': {'db': 0, 'host': 'localhost', 'port': 6379, 'test_db': 1},
  'REPR_VERBOSITY': 2,
  'SINGLE_MICRO_NODES_WITH_SELFLOOPS_HAVE_PHI': False,
  'SYSTEM_CUTS': '3.0_STYLE',
  'USE_SMALL_PHI_DIFFERENCE_FOR_CES_DISTANCE': False,
  'VALIDATE_CONDITIONAL_INDEPENDENCE': True,
  'VALIDATE_SUBSYSTEM_STATES': True,
  'WELCOME_OFF': False}
2025-02-10 19:28:50,318 [bruteforce_analysis] INFO MainProcess: Log iniciado en 2025-02-10 19:28:50
Ubicacion completa: logs\2025\02\10_19hrs\bruteforce_analysis.log
Copia rapida: logs\latest_bruteforce_analysis.log
2025-02-10 19:30:25,947 [pyphi.conf] INFO MainProcess: PyPhi v1.2.0
2025-02-10 19:30:25,947 [pyphi.conf] INFO MainProcess: Using default configuration (no configuration file provided)
2025-02-10 19:30:25,947 [pyphi.conf] INFO MainProcess: Current PyPhi configuration:
 { 'ASSUME_CUTS_CANNOT_CREATE_NEW_CONCEPTS': False,
  'CACHE_POTENTIAL_PURVIEWS': True,
  'CACHE_REPERTOIRES': True,
  'CACHE_SIAS': False,
  'CACHING_BACKEND': 'fs',
  'CLEAR_SUBSYSTEM_CACHES_AFTER_COMPUTING_SIA': False,
  'CUT_ONE_APPROXIMATION': False,
  'FS_CACHE_DIRECTORY': '__pyphi_cache__',
  'FS_CACHE_VERBOSITY': 0,
  'LOG_FILE': 'pyphi.log',
  'LOG_FILE_LEVEL': 'INFO',
  'LOG_STDOUT_LEVEL': 'WARNING',
  'MAXIMUM_CACHE_MEMORY_PERCENTAGE': 50,
  'MEASURE': 'EMD',
  'MONGODB_CONFIG': { 'collection_name': 'cache',
                      'database_name': 'pyphi',
                      'host': 'localhost',
                      'port': 27017},
  'NUMBER_OF_CORES': -1,
  'PARALLEL_COMPLEX_EVALUATION': False,
  'PARALLEL_CONCEPT_EVALUATION': False,
  'PARALLEL_CUT_EVALUATION': True,
  'PARTITION_TYPE': 'BI',
  'PICK_SMALLEST_PURVIEW': False,
  'PRECISION': 6,
  'PRINT_FRACTIONS': True,
  'PROGRESS_BARS': True,
  'REDIS_CACHE': False,
  'REDIS_CONFIG': {'db': 0, 'host': 'localhost', 'port': 6379, 'test_db': 1},
  'REPR_VERBOSITY': 2,
  'SINGLE_MICRO_NODES_WITH_SELFLOOPS_HAVE_PHI': False,
  'SYSTEM_CUTS': '3.0_STYLE',
  'USE_SMALL_PHI_DIFFERENCE_FOR_CES_DISTANCE': False,
  'VALIDATE_CONDITIONAL_INDEPENDENCE': True,
  'VALIDATE_SUBSYSTEM_STATES': True,
  'WELCOME_OFF': False}
2025-02-10 19:30:27,424 [bruteforce_analysis] INFO MainProcess: Log iniciado en 2025-02-10 19:30:27
Ubicacion completa: logs\2025\02\10_19hrs\bruteforce_analysis.log
Copia rapida: logs\latest_bruteforce_analysis.log
2025-02-10 19:32:41,726 [pyphi.conf] INFO MainProcess: PyPhi v1.2.0
2025-02-10 19:32:41,727 [pyphi.conf] INFO MainProcess: Using default configuration (no configuration file provided)
2025-02-10 19:32:41,727 [pyphi.conf] INFO MainProcess: Current PyPhi configuration:
 { 'ASSUME_CUTS_CANNOT_CREATE_NEW_CONCEPTS': False,
  'CACHE_POTENTIAL_PURVIEWS': True,
  'CACHE_REPERTOIRES': True,
  'CACHE_SIAS': False,
  'CACHING_BACKEND': 'fs',
  'CLEAR_SUBSYSTEM_CACHES_AFTER_COMPUTING_SIA': False,
  'CUT_ONE_APPROXIMATION': False,
  'FS_CACHE_DIRECTORY': '__pyphi_cache__',
  'FS_CACHE_VERBOSITY': 0,
  'LOG_FILE': 'pyphi.log',
  'LOG_FILE_LEVEL': 'INFO',
  'LOG_STDOUT_LEVEL': 'WARNING',
  'MAXIMUM_CACHE_MEMORY_PERCENTAGE': 50,
  'MEASURE': 'EMD',
  'MONGODB_CONFIG': { 'collection_name': 'cache',
                      'database_name': 'pyphi',
                      'host': 'localhost',
                      'port': 27017},
  'NUMBER_OF_CORES': -1,
  'PARALLEL_COMPLEX_EVALUATION': False,
  'PARALLEL_CONCEPT_EVALUATION': False,
  'PARALLEL_CUT_EVALUATION': True,
  'PARTITION_TYPE': 'BI',
  'PICK_SMALLEST_PURVIEW': False,
  'PRECISION': 6,
  'PRINT_FRACTIONS': True,
  'PROGRESS_BARS': True,
  'REDIS_CACHE': False,
  'REDIS_CONFIG': {'db': 0, 'host': 'localhost', 'port': 6379, 'test_db': 1},
  'REPR_VERBOSITY': 2,
  'SINGLE_MICRO_NODES_WITH_SELFLOOPS_HAVE_PHI': False,
  'SYSTEM_CUTS': '3.0_STYLE',
  'USE_SMALL_PHI_DIFFERENCE_FOR_CES_DISTANCE': False,
  'VALIDATE_CONDITIONAL_INDEPENDENCE': True,
  'VALIDATE_SUBSYSTEM_STATES': True,
  'WELCOME_OFF': False}
2025-02-10 19:32:42,843 [bruteforce_analysis] INFO MainProcess: Log iniciado en 2025-02-10 19:32:42
Ubicacion completa: logs\2025\02\10_19hrs\bruteforce_analysis.log
Copia rapida: logs\latest_bruteforce_analysis.log
2025-02-10 19:36:43,425 [pyphi.conf] INFO MainProcess: PyPhi v1.2.0
2025-02-10 19:36:43,425 [pyphi.conf] INFO MainProcess: Using default configuration (no configuration file provided)
2025-02-10 19:36:43,425 [pyphi.conf] INFO MainProcess: Current PyPhi configuration:
 { 'ASSUME_CUTS_CANNOT_CREATE_NEW_CONCEPTS': False,
  'CACHE_POTENTIAL_PURVIEWS': True,
  'CACHE_REPERTOIRES': True,
  'CACHE_SIAS': False,
  'CACHING_BACKEND': 'fs',
  'CLEAR_SUBSYSTEM_CACHES_AFTER_COMPUTING_SIA': False,
  'CUT_ONE_APPROXIMATION': False,
  'FS_CACHE_DIRECTORY': '__pyphi_cache__',
  'FS_CACHE_VERBOSITY': 0,
  'LOG_FILE': 'pyphi.log',
  'LOG_FILE_LEVEL': 'INFO',
  'LOG_STDOUT_LEVEL': 'WARNING',
  'MAXIMUM_CACHE_MEMORY_PERCENTAGE': 50,
  'MEASURE': 'EMD',
  'MONGODB_CONFIG': { 'collection_name': 'cache',
                      'database_name': 'pyphi',
                      'host': 'localhost',
                      'port': 27017},
  'NUMBER_OF_CORES': -1,
  'PARALLEL_COMPLEX_EVALUATION': False,
  'PARALLEL_CONCEPT_EVALUATION': False,
  'PARALLEL_CUT_EVALUATION': True,
  'PARTITION_TYPE': 'BI',
  'PICK_SMALLEST_PURVIEW': False,
  'PRECISION': 6,
  'PRINT_FRACTIONS': True,
  'PROGRESS_BARS': True,
  'REDIS_CACHE': False,
  'REDIS_CONFIG': {'db': 0, 'host': 'localhost', 'port': 6379, 'test_db': 1},
  'REPR_VERBOSITY': 2,
  'SINGLE_MICRO_NODES_WITH_SELFLOOPS_HAVE_PHI': False,
  'SYSTEM_CUTS': '3.0_STYLE',
  'USE_SMALL_PHI_DIFFERENCE_FOR_CES_DISTANCE': False,
  'VALIDATE_CONDITIONAL_INDEPENDENCE': True,
  'VALIDATE_SUBSYSTEM_STATES': True,
  'WELCOME_OFF': False}
2025-02-10 19:36:44,431 [bruteforce_analysis] INFO MainProcess: Log iniciado en 2025-02-10 19:36:44
Ubicacion completa: logs\2025\02\10_19hrs\bruteforce_analysis.log
Copia rapida: logs\latest_bruteforce_analysis.log
2025-02-10 19:38:47,384 [pyphi.conf] INFO MainProcess: PyPhi v1.2.0
2025-02-10 19:38:47,385 [pyphi.conf] INFO MainProcess: Using default configuration (no configuration file provided)
2025-02-10 19:38:47,385 [pyphi.conf] INFO MainProcess: Current PyPhi configuration:
 { 'ASSUME_CUTS_CANNOT_CREATE_NEW_CONCEPTS': False,
  'CACHE_POTENTIAL_PURVIEWS': True,
  'CACHE_REPERTOIRES': True,
  'CACHE_SIAS': False,
  'CACHING_BACKEND': 'fs',
  'CLEAR_SUBSYSTEM_CACHES_AFTER_COMPUTING_SIA': False,
  'CUT_ONE_APPROXIMATION': False,
  'FS_CACHE_DIRECTORY': '__pyphi_cache__',
  'FS_CACHE_VERBOSITY': 0,
  'LOG_FILE': 'pyphi.log',
  'LOG_FILE_LEVEL': 'INFO',
  'LOG_STDOUT_LEVEL': 'WARNING',
  'MAXIMUM_CACHE_MEMORY_PERCENTAGE': 50,
  'MEASURE': 'EMD',
  'MONGODB_CONFIG': { 'collection_name': 'cache',
                      'database_name': 'pyphi',
                      'host': 'localhost',
                      'port': 27017},
  'NUMBER_OF_CORES': -1,
  'PARALLEL_COMPLEX_EVALUATION': False,
  'PARALLEL_CONCEPT_EVALUATION': False,
  'PARALLEL_CUT_EVALUATION': True,
  'PARTITION_TYPE': 'BI',
  'PICK_SMALLEST_PURVIEW': False,
  'PRECISION': 6,
  'PRINT_FRACTIONS': True,
  'PROGRESS_BARS': True,
  'REDIS_CACHE': False,
  'REDIS_CONFIG': {'db': 0, 'host': 'localhost', 'port': 6379, 'test_db': 1},
  'REPR_VERBOSITY': 2,
  'SINGLE_MICRO_NODES_WITH_SELFLOOPS_HAVE_PHI': False,
  'SYSTEM_CUTS': '3.0_STYLE',
  'USE_SMALL_PHI_DIFFERENCE_FOR_CES_DISTANCE': False,
  'VALIDATE_CONDITIONAL_INDEPENDENCE': True,
  'VALIDATE_SUBSYSTEM_STATES': True,
  'WELCOME_OFF': False}
2025-02-10 19:38:48,362 [bruteforce_analysis] INFO MainProcess: Log iniciado en 2025-02-10 19:38:48
Ubicacion completa: logs\2025\02\10_19hrs\bruteforce_analysis.log
Copia rapida: logs\latest_bruteforce_analysis.log
2025-02-10 19:41:07,703 [pyphi.conf] INFO MainProcess: PyPhi v1.2.0
2025-02-10 19:41:07,704 [pyphi.conf] INFO MainProcess: Using default configuration (no configuration file provided)
2025-02-10 19:41:07,704 [pyphi.conf] INFO MainProcess: Current PyPhi configuration:
 { 'ASSUME_CUTS_CANNOT_CREATE_NEW_CONCEPTS': False,
  'CACHE_POTENTIAL_PURVIEWS': True,
  'CACHE_REPERTOIRES': True,
  'CACHE_SIAS': False,
  'CACHING_BACKEND': 'fs',
  'CLEAR_SUBSYSTEM_CACHES_AFTER_COMPUTING_SIA': False,
  'CUT_ONE_APPROXIMATION': False,
  'FS_CACHE_DIRECTORY': '__pyphi_cache__',
  'FS_CACHE_VERBOSITY': 0,
  'LOG_FILE': 'pyphi.log',
  'LOG_FILE_LEVEL': 'INFO',
  'LOG_STDOUT_LEVEL': 'WARNING',
  'MAXIMUM_CACHE_MEMORY_PERCENTAGE': 50,
  'MEASURE': 'EMD',
  'MONGODB_CONFIG': { 'collection_name': 'cache',
                      'database_name': 'pyphi',
                      'host': 'localhost',
                      'port': 27017},
  'NUMBER_OF_CORES': -1,
  'PARALLEL_COMPLEX_EVALUATION': False,
  'PARALLEL_CONCEPT_EVALUATION': False,
  'PARALLEL_CUT_EVALUATION': True,
  'PARTITION_TYPE': 'BI',
  'PICK_SMALLEST_PURVIEW': False,
  'PRECISION': 6,
  'PRINT_FRACTIONS': True,
  'PROGRESS_BARS': True,
  'REDIS_CACHE': False,
  'REDIS_CONFIG': {'db': 0, 'host': 'localhost', 'port': 6379, 'test_db': 1},
  'REPR_VERBOSITY': 2,
  'SINGLE_MICRO_NODES_WITH_SELFLOOPS_HAVE_PHI': False,
  'SYSTEM_CUTS': '3.0_STYLE',
  'USE_SMALL_PHI_DIFFERENCE_FOR_CES_DISTANCE': False,
  'VALIDATE_CONDITIONAL_INDEPENDENCE': True,
  'VALIDATE_SUBSYSTEM_STATES': True,
  'WELCOME_OFF': False}
2025-02-10 19:41:08,787 [bruteforce_analysis] INFO MainProcess: Log iniciado en 2025-02-10 19:41:08
Ubicacion completa: logs\2025\02\10_19hrs\bruteforce_analysis.log
Copia rapida: logs\latest_bruteforce_analysis.log
2025-02-10 19:45:13,312 [pyphi.conf] INFO MainProcess: PyPhi v1.2.0
2025-02-10 19:45:13,313 [pyphi.conf] INFO MainProcess: Using default configuration (no configuration file provided)
2025-02-10 19:45:13,313 [pyphi.conf] INFO MainProcess: Current PyPhi configuration:
 { 'ASSUME_CUTS_CANNOT_CREATE_NEW_CONCEPTS': False,
  'CACHE_POTENTIAL_PURVIEWS': True,
  'CACHE_REPERTOIRES': True,
  'CACHE_SIAS': False,
  'CACHING_BACKEND': 'fs',
  'CLEAR_SUBSYSTEM_CACHES_AFTER_COMPUTING_SIA': False,
  'CUT_ONE_APPROXIMATION': False,
  'FS_CACHE_DIRECTORY': '__pyphi_cache__',
  'FS_CACHE_VERBOSITY': 0,
  'LOG_FILE': 'pyphi.log',
  'LOG_FILE_LEVEL': 'INFO',
  'LOG_STDOUT_LEVEL': 'WARNING',
  'MAXIMUM_CACHE_MEMORY_PERCENTAGE': 50,
  'MEASURE': 'EMD',
  'MONGODB_CONFIG': { 'collection_name': 'cache',
                      'database_name': 'pyphi',
                      'host': 'localhost',
                      'port': 27017},
  'NUMBER_OF_CORES': -1,
  'PARALLEL_COMPLEX_EVALUATION': False,
  'PARALLEL_CONCEPT_EVALUATION': False,
  'PARALLEL_CUT_EVALUATION': True,
  'PARTITION_TYPE': 'BI',
  'PICK_SMALLEST_PURVIEW': False,
  'PRECISION': 6,
  'PRINT_FRACTIONS': True,
  'PROGRESS_BARS': True,
  'REDIS_CACHE': False,
  'REDIS_CONFIG': {'db': 0, 'host': 'localhost', 'port': 6379, 'test_db': 1},
  'REPR_VERBOSITY': 2,
  'SINGLE_MICRO_NODES_WITH_SELFLOOPS_HAVE_PHI': False,
  'SYSTEM_CUTS': '3.0_STYLE',
  'USE_SMALL_PHI_DIFFERENCE_FOR_CES_DISTANCE': False,
  'VALIDATE_CONDITIONAL_INDEPENDENCE': True,
  'VALIDATE_SUBSYSTEM_STATES': True,
  'WELCOME_OFF': False}
2025-02-10 19:45:14,325 [bruteforce_analysis] INFO MainProcess: Log iniciado en 2025-02-10 19:45:14
Ubicacion completa: logs\2025\02\10_19hrs\bruteforce_analysis.log
Copia rapida: logs\latest_bruteforce_analysis.log
2025-02-10 19:46:30,297 [pyphi.conf] INFO MainProcess: PyPhi v1.2.0
2025-02-10 19:46:30,297 [pyphi.conf] INFO MainProcess: Using default configuration (no configuration file provided)
2025-02-10 19:46:30,297 [pyphi.conf] INFO MainProcess: Current PyPhi configuration:
 { 'ASSUME_CUTS_CANNOT_CREATE_NEW_CONCEPTS': False,
  'CACHE_POTENTIAL_PURVIEWS': True,
  'CACHE_REPERTOIRES': True,
  'CACHE_SIAS': False,
  'CACHING_BACKEND': 'fs',
  'CLEAR_SUBSYSTEM_CACHES_AFTER_COMPUTING_SIA': False,
  'CUT_ONE_APPROXIMATION': False,
  'FS_CACHE_DIRECTORY': '__pyphi_cache__',
  'FS_CACHE_VERBOSITY': 0,
  'LOG_FILE': 'pyphi.log',
  'LOG_FILE_LEVEL': 'INFO',
  'LOG_STDOUT_LEVEL': 'WARNING',
  'MAXIMUM_CACHE_MEMORY_PERCENTAGE': 50,
  'MEASURE': 'EMD',
  'MONGODB_CONFIG': { 'collection_name': 'cache',
                      'database_name': 'pyphi',
                      'host': 'localhost',
                      'port': 27017},
  'NUMBER_OF_CORES': -1,
  'PARALLEL_COMPLEX_EVALUATION': False,
  'PARALLEL_CONCEPT_EVALUATION': False,
  'PARALLEL_CUT_EVALUATION': True,
  'PARTITION_TYPE': 'BI',
  'PICK_SMALLEST_PURVIEW': False,
  'PRECISION': 6,
  'PRINT_FRACTIONS': True,
  'PROGRESS_BARS': True,
  'REDIS_CACHE': False,
  'REDIS_CONFIG': {'db': 0, 'host': 'localhost', 'port': 6379, 'test_db': 1},
  'REPR_VERBOSITY': 2,
  'SINGLE_MICRO_NODES_WITH_SELFLOOPS_HAVE_PHI': False,
  'SYSTEM_CUTS': '3.0_STYLE',
  'USE_SMALL_PHI_DIFFERENCE_FOR_CES_DISTANCE': False,
  'VALIDATE_CONDITIONAL_INDEPENDENCE': True,
  'VALIDATE_SUBSYSTEM_STATES': True,
  'WELCOME_OFF': False}
2025-02-10 19:46:31,263 [bruteforce_analysis] INFO MainProcess: Log iniciado en 2025-02-10 19:46:31
Ubicacion completa: logs\2025\02\10_19hrs\bruteforce_analysis.log
Copia rapida: logs\latest_bruteforce_analysis.log
2025-02-10 19:56:34,683 [pyphi.conf] INFO MainProcess: PyPhi v1.2.0
2025-02-10 19:56:34,683 [pyphi.conf] INFO MainProcess: Using default configuration (no configuration file provided)
2025-02-10 19:56:34,683 [pyphi.conf] INFO MainProcess: Current PyPhi configuration:
 { 'ASSUME_CUTS_CANNOT_CREATE_NEW_CONCEPTS': False,
  'CACHE_POTENTIAL_PURVIEWS': True,
  'CACHE_REPERTOIRES': True,
  'CACHE_SIAS': False,
  'CACHING_BACKEND': 'fs',
  'CLEAR_SUBSYSTEM_CACHES_AFTER_COMPUTING_SIA': False,
  'CUT_ONE_APPROXIMATION': False,
  'FS_CACHE_DIRECTORY': '__pyphi_cache__',
  'FS_CACHE_VERBOSITY': 0,
  'LOG_FILE': 'pyphi.log',
  'LOG_FILE_LEVEL': 'INFO',
  'LOG_STDOUT_LEVEL': 'WARNING',
  'MAXIMUM_CACHE_MEMORY_PERCENTAGE': 50,
  'MEASURE': 'EMD',
  'MONGODB_CONFIG': { 'collection_name': 'cache',
                      'database_name': 'pyphi',
                      'host': 'localhost',
                      'port': 27017},
  'NUMBER_OF_CORES': -1,
  'PARALLEL_COMPLEX_EVALUATION': False,
  'PARALLEL_CONCEPT_EVALUATION': False,
  'PARALLEL_CUT_EVALUATION': True,
  'PARTITION_TYPE': 'BI',
  'PICK_SMALLEST_PURVIEW': False,
  'PRECISION': 6,
  'PRINT_FRACTIONS': True,
  'PROGRESS_BARS': True,
  'REDIS_CACHE': False,
  'REDIS_CONFIG': {'db': 0, 'host': 'localhost', 'port': 6379, 'test_db': 1},
  'REPR_VERBOSITY': 2,
  'SINGLE_MICRO_NODES_WITH_SELFLOOPS_HAVE_PHI': False,
  'SYSTEM_CUTS': '3.0_STYLE',
  'USE_SMALL_PHI_DIFFERENCE_FOR_CES_DISTANCE': False,
  'VALIDATE_CONDITIONAL_INDEPENDENCE': True,
  'VALIDATE_SUBSYSTEM_STATES': True,
  'WELCOME_OFF': False}
2025-02-10 19:56:35,683 [bruteforce_analysis] INFO MainProcess: Log iniciado en 2025-02-10 19:56:35
Ubicacion completa: logs\2025\02\10_19hrs\bruteforce_analysis.log
Copia rapida: logs\latest_bruteforce_analysis.log
2025-02-10 20:01:08,038 [pyphi.conf] INFO MainProcess: PyPhi v1.2.0
2025-02-10 20:01:08,039 [pyphi.conf] INFO MainProcess: Using default configuration (no configuration file provided)
2025-02-10 20:01:08,041 [pyphi.conf] INFO MainProcess: Current PyPhi configuration:
 { 'ASSUME_CUTS_CANNOT_CREATE_NEW_CONCEPTS': False,
  'CACHE_POTENTIAL_PURVIEWS': True,
  'CACHE_REPERTOIRES': True,
  'CACHE_SIAS': False,
  'CACHING_BACKEND': 'fs',
  'CLEAR_SUBSYSTEM_CACHES_AFTER_COMPUTING_SIA': False,
  'CUT_ONE_APPROXIMATION': False,
  'FS_CACHE_DIRECTORY': '__pyphi_cache__',
  'FS_CACHE_VERBOSITY': 0,
  'LOG_FILE': 'pyphi.log',
  'LOG_FILE_LEVEL': 'INFO',
  'LOG_STDOUT_LEVEL': 'WARNING',
  'MAXIMUM_CACHE_MEMORY_PERCENTAGE': 50,
  'MEASURE': 'EMD',
  'MONGODB_CONFIG': { 'collection_name': 'cache',
                      'database_name': 'pyphi',
                      'host': 'localhost',
                      'port': 27017},
  'NUMBER_OF_CORES': -1,
  'PARALLEL_COMPLEX_EVALUATION': False,
  'PARALLEL_CONCEPT_EVALUATION': False,
  'PARALLEL_CUT_EVALUATION': True,
  'PARTITION_TYPE': 'BI',
  'PICK_SMALLEST_PURVIEW': False,
  'PRECISION': 6,
  'PRINT_FRACTIONS': True,
  'PROGRESS_BARS': True,
  'REDIS_CACHE': False,
  'REDIS_CONFIG': {'db': 0, 'host': 'localhost', 'port': 6379, 'test_db': 1},
  'REPR_VERBOSITY': 2,
  'SINGLE_MICRO_NODES_WITH_SELFLOOPS_HAVE_PHI': False,
  'SYSTEM_CUTS': '3.0_STYLE',
  'USE_SMALL_PHI_DIFFERENCE_FOR_CES_DISTANCE': False,
  'VALIDATE_CONDITIONAL_INDEPENDENCE': True,
  'VALIDATE_SUBSYSTEM_STATES': True,
  'WELCOME_OFF': False}
2025-02-10 20:01:09,210 [bruteforce_analysis] INFO MainProcess: Log iniciado en 2025-02-10 20:01:09
Ubicacion completa: logs\2025\02\10_20hrs\bruteforce_analysis.log
Copia rapida: logs\latest_bruteforce_analysis.log
2025-02-10 20:02:42,566 [pyphi.conf] INFO MainProcess: PyPhi v1.2.0
2025-02-10 20:02:42,566 [pyphi.conf] INFO MainProcess: Using default configuration (no configuration file provided)
2025-02-10 20:02:42,566 [pyphi.conf] INFO MainProcess: Current PyPhi configuration:
 { 'ASSUME_CUTS_CANNOT_CREATE_NEW_CONCEPTS': False,
  'CACHE_POTENTIAL_PURVIEWS': True,
  'CACHE_REPERTOIRES': True,
  'CACHE_SIAS': False,
  'CACHING_BACKEND': 'fs',
  'CLEAR_SUBSYSTEM_CACHES_AFTER_COMPUTING_SIA': False,
  'CUT_ONE_APPROXIMATION': False,
  'FS_CACHE_DIRECTORY': '__pyphi_cache__',
  'FS_CACHE_VERBOSITY': 0,
  'LOG_FILE': 'pyphi.log',
  'LOG_FILE_LEVEL': 'INFO',
  'LOG_STDOUT_LEVEL': 'WARNING',
  'MAXIMUM_CACHE_MEMORY_PERCENTAGE': 50,
  'MEASURE': 'EMD',
  'MONGODB_CONFIG': { 'collection_name': 'cache',
                      'database_name': 'pyphi',
                      'host': 'localhost',
                      'port': 27017},
  'NUMBER_OF_CORES': -1,
  'PARALLEL_COMPLEX_EVALUATION': False,
  'PARALLEL_CONCEPT_EVALUATION': False,
  'PARALLEL_CUT_EVALUATION': True,
  'PARTITION_TYPE': 'BI',
  'PICK_SMALLEST_PURVIEW': False,
  'PRECISION': 6,
  'PRINT_FRACTIONS': True,
  'PROGRESS_BARS': True,
  'REDIS_CACHE': False,
  'REDIS_CONFIG': {'db': 0, 'host': 'localhost', 'port': 6379, 'test_db': 1},
  'REPR_VERBOSITY': 2,
  'SINGLE_MICRO_NODES_WITH_SELFLOOPS_HAVE_PHI': False,
  'SYSTEM_CUTS': '3.0_STYLE',
  'USE_SMALL_PHI_DIFFERENCE_FOR_CES_DISTANCE': False,
  'VALIDATE_CONDITIONAL_INDEPENDENCE': True,
  'VALIDATE_SUBSYSTEM_STATES': True,
  'WELCOME_OFF': False}
2025-02-10 20:02:43,510 [bruteforce_analysis] INFO MainProcess: Log iniciado en 2025-02-10 20:02:43
Ubicacion completa: logs\2025\02\10_20hrs\bruteforce_analysis.log
Copia rapida: logs\latest_bruteforce_analysis.log
2025-02-10 20:05:14,222 [pyphi.conf] INFO MainProcess: PyPhi v1.2.0
2025-02-10 20:05:14,222 [pyphi.conf] INFO MainProcess: Using default configuration (no configuration file provided)
2025-02-10 20:05:14,222 [pyphi.conf] INFO MainProcess: Current PyPhi configuration:
 { 'ASSUME_CUTS_CANNOT_CREATE_NEW_CONCEPTS': False,
  'CACHE_POTENTIAL_PURVIEWS': True,
  'CACHE_REPERTOIRES': True,
  'CACHE_SIAS': False,
  'CACHING_BACKEND': 'fs',
  'CLEAR_SUBSYSTEM_CACHES_AFTER_COMPUTING_SIA': False,
  'CUT_ONE_APPROXIMATION': False,
  'FS_CACHE_DIRECTORY': '__pyphi_cache__',
  'FS_CACHE_VERBOSITY': 0,
  'LOG_FILE': 'pyphi.log',
  'LOG_FILE_LEVEL': 'INFO',
  'LOG_STDOUT_LEVEL': 'WARNING',
  'MAXIMUM_CACHE_MEMORY_PERCENTAGE': 50,
  'MEASURE': 'EMD',
  'MONGODB_CONFIG': { 'collection_name': 'cache',
                      'database_name': 'pyphi',
                      'host': 'localhost',
                      'port': 27017},
  'NUMBER_OF_CORES': -1,
  'PARALLEL_COMPLEX_EVALUATION': False,
  'PARALLEL_CONCEPT_EVALUATION': False,
  'PARALLEL_CUT_EVALUATION': True,
  'PARTITION_TYPE': 'BI',
  'PICK_SMALLEST_PURVIEW': False,
  'PRECISION': 6,
  'PRINT_FRACTIONS': True,
  'PROGRESS_BARS': True,
  'REDIS_CACHE': False,
  'REDIS_CONFIG': {'db': 0, 'host': 'localhost', 'port': 6379, 'test_db': 1},
  'REPR_VERBOSITY': 2,
  'SINGLE_MICRO_NODES_WITH_SELFLOOPS_HAVE_PHI': False,
  'SYSTEM_CUTS': '3.0_STYLE',
  'USE_SMALL_PHI_DIFFERENCE_FOR_CES_DISTANCE': False,
  'VALIDATE_CONDITIONAL_INDEPENDENCE': True,
  'VALIDATE_SUBSYSTEM_STATES': True,
  'WELCOME_OFF': False}
2025-02-10 20:05:15,156 [bruteforce_analysis] INFO MainProcess: Log iniciado en 2025-02-10 20:05:15
Ubicacion completa: logs\2025\02\10_20hrs\bruteforce_analysis.log
Copia rapida: logs\latest_bruteforce_analysis.log
2025-02-10 20:06:50,858 [pyphi.conf] INFO MainProcess: PyPhi v1.2.0
2025-02-10 20:06:50,858 [pyphi.conf] INFO MainProcess: Using default configuration (no configuration file provided)
2025-02-10 20:06:50,858 [pyphi.conf] INFO MainProcess: Current PyPhi configuration:
 { 'ASSUME_CUTS_CANNOT_CREATE_NEW_CONCEPTS': False,
  'CACHE_POTENTIAL_PURVIEWS': True,
  'CACHE_REPERTOIRES': True,
  'CACHE_SIAS': False,
  'CACHING_BACKEND': 'fs',
  'CLEAR_SUBSYSTEM_CACHES_AFTER_COMPUTING_SIA': False,
  'CUT_ONE_APPROXIMATION': False,
  'FS_CACHE_DIRECTORY': '__pyphi_cache__',
  'FS_CACHE_VERBOSITY': 0,
  'LOG_FILE': 'pyphi.log',
  'LOG_FILE_LEVEL': 'INFO',
  'LOG_STDOUT_LEVEL': 'WARNING',
  'MAXIMUM_CACHE_MEMORY_PERCENTAGE': 50,
  'MEASURE': 'EMD',
  'MONGODB_CONFIG': { 'collection_name': 'cache',
                      'database_name': 'pyphi',
                      'host': 'localhost',
                      'port': 27017},
  'NUMBER_OF_CORES': -1,
  'PARALLEL_COMPLEX_EVALUATION': False,
  'PARALLEL_CONCEPT_EVALUATION': False,
  'PARALLEL_CUT_EVALUATION': True,
  'PARTITION_TYPE': 'BI',
  'PICK_SMALLEST_PURVIEW': False,
  'PRECISION': 6,
  'PRINT_FRACTIONS': True,
  'PROGRESS_BARS': True,
  'REDIS_CACHE': False,
  'REDIS_CONFIG': {'db': 0, 'host': 'localhost', 'port': 6379, 'test_db': 1},
  'REPR_VERBOSITY': 2,
  'SINGLE_MICRO_NODES_WITH_SELFLOOPS_HAVE_PHI': False,
  'SYSTEM_CUTS': '3.0_STYLE',
  'USE_SMALL_PHI_DIFFERENCE_FOR_CES_DISTANCE': False,
  'VALIDATE_CONDITIONAL_INDEPENDENCE': True,
  'VALIDATE_SUBSYSTEM_STATES': True,
  'WELCOME_OFF': False}
2025-02-10 20:06:51,823 [bruteforce_analysis] INFO MainProcess: Log iniciado en 2025-02-10 20:06:51
Ubicacion completa: logs\2025\02\10_20hrs\bruteforce_analysis.log
Copia rapida: logs\latest_bruteforce_analysis.log
2025-02-10 20:09:30,518 [pyphi.conf] INFO MainProcess: PyPhi v1.2.0
2025-02-10 20:09:30,519 [pyphi.conf] INFO MainProcess: Using default configuration (no configuration file provided)
2025-02-10 20:09:30,520 [pyphi.conf] INFO MainProcess: Current PyPhi configuration:
 { 'ASSUME_CUTS_CANNOT_CREATE_NEW_CONCEPTS': False,
  'CACHE_POTENTIAL_PURVIEWS': True,
  'CACHE_REPERTOIRES': True,
  'CACHE_SIAS': False,
  'CACHING_BACKEND': 'fs',
  'CLEAR_SUBSYSTEM_CACHES_AFTER_COMPUTING_SIA': False,
  'CUT_ONE_APPROXIMATION': False,
  'FS_CACHE_DIRECTORY': '__pyphi_cache__',
  'FS_CACHE_VERBOSITY': 0,
  'LOG_FILE': 'pyphi.log',
  'LOG_FILE_LEVEL': 'INFO',
  'LOG_STDOUT_LEVEL': 'WARNING',
  'MAXIMUM_CACHE_MEMORY_PERCENTAGE': 50,
  'MEASURE': 'EMD',
  'MONGODB_CONFIG': { 'collection_name': 'cache',
                      'database_name': 'pyphi',
                      'host': 'localhost',
                      'port': 27017},
  'NUMBER_OF_CORES': -1,
  'PARALLEL_COMPLEX_EVALUATION': False,
  'PARALLEL_CONCEPT_EVALUATION': False,
  'PARALLEL_CUT_EVALUATION': True,
  'PARTITION_TYPE': 'BI',
  'PICK_SMALLEST_PURVIEW': False,
  'PRECISION': 6,
  'PRINT_FRACTIONS': True,
  'PROGRESS_BARS': True,
  'REDIS_CACHE': False,
  'REDIS_CONFIG': {'db': 0, 'host': 'localhost', 'port': 6379, 'test_db': 1},
  'REPR_VERBOSITY': 2,
  'SINGLE_MICRO_NODES_WITH_SELFLOOPS_HAVE_PHI': False,
  'SYSTEM_CUTS': '3.0_STYLE',
  'USE_SMALL_PHI_DIFFERENCE_FOR_CES_DISTANCE': False,
  'VALIDATE_CONDITIONAL_INDEPENDENCE': True,
  'VALIDATE_SUBSYSTEM_STATES': True,
  'WELCOME_OFF': False}
2025-02-10 20:09:31,594 [bruteforce_analysis] INFO MainProcess: Log iniciado en 2025-02-10 20:09:31
Ubicacion completa: logs\2025\02\10_20hrs\bruteforce_analysis.log
Copia rapida: logs\latest_bruteforce_analysis.log
2025-02-10 20:11:08,403 [pyphi.conf] INFO MainProcess: PyPhi v1.2.0
2025-02-10 20:11:08,405 [pyphi.conf] INFO MainProcess: Using default configuration (no configuration file provided)
2025-02-10 20:11:08,405 [pyphi.conf] INFO MainProcess: Current PyPhi configuration:
 { 'ASSUME_CUTS_CANNOT_CREATE_NEW_CONCEPTS': False,
  'CACHE_POTENTIAL_PURVIEWS': True,
  'CACHE_REPERTOIRES': True,
  'CACHE_SIAS': False,
  'CACHING_BACKEND': 'fs',
  'CLEAR_SUBSYSTEM_CACHES_AFTER_COMPUTING_SIA': False,
  'CUT_ONE_APPROXIMATION': False,
  'FS_CACHE_DIRECTORY': '__pyphi_cache__',
  'FS_CACHE_VERBOSITY': 0,
  'LOG_FILE': 'pyphi.log',
  'LOG_FILE_LEVEL': 'INFO',
  'LOG_STDOUT_LEVEL': 'WARNING',
  'MAXIMUM_CACHE_MEMORY_PERCENTAGE': 50,
  'MEASURE': 'EMD',
  'MONGODB_CONFIG': { 'collection_name': 'cache',
                      'database_name': 'pyphi',
                      'host': 'localhost',
                      'port': 27017},
  'NUMBER_OF_CORES': -1,
  'PARALLEL_COMPLEX_EVALUATION': False,
  'PARALLEL_CONCEPT_EVALUATION': False,
  'PARALLEL_CUT_EVALUATION': True,
  'PARTITION_TYPE': 'BI',
  'PICK_SMALLEST_PURVIEW': False,
  'PRECISION': 6,
  'PRINT_FRACTIONS': True,
  'PROGRESS_BARS': True,
  'REDIS_CACHE': False,
  'REDIS_CONFIG': {'db': 0, 'host': 'localhost', 'port': 6379, 'test_db': 1},
  'REPR_VERBOSITY': 2,
  'SINGLE_MICRO_NODES_WITH_SELFLOOPS_HAVE_PHI': False,
  'SYSTEM_CUTS': '3.0_STYLE',
  'USE_SMALL_PHI_DIFFERENCE_FOR_CES_DISTANCE': False,
  'VALIDATE_CONDITIONAL_INDEPENDENCE': True,
  'VALIDATE_SUBSYSTEM_STATES': True,
  'WELCOME_OFF': False}
2025-02-10 20:11:09,386 [bruteforce_analysis] INFO MainProcess: Log iniciado en 2025-02-10 20:11:09
Ubicacion completa: logs\2025\02\10_20hrs\bruteforce_analysis.log
Copia rapida: logs\latest_bruteforce_analysis.log
2025-02-10 20:12:01,012 [pyphi.conf] INFO MainProcess: PyPhi v1.2.0
2025-02-10 20:12:01,012 [pyphi.conf] INFO MainProcess: Using default configuration (no configuration file provided)
2025-02-10 20:12:01,012 [pyphi.conf] INFO MainProcess: Current PyPhi configuration:
 { 'ASSUME_CUTS_CANNOT_CREATE_NEW_CONCEPTS': False,
  'CACHE_POTENTIAL_PURVIEWS': True,
  'CACHE_REPERTOIRES': True,
  'CACHE_SIAS': False,
  'CACHING_BACKEND': 'fs',
  'CLEAR_SUBSYSTEM_CACHES_AFTER_COMPUTING_SIA': False,
  'CUT_ONE_APPROXIMATION': False,
  'FS_CACHE_DIRECTORY': '__pyphi_cache__',
  'FS_CACHE_VERBOSITY': 0,
  'LOG_FILE': 'pyphi.log',
  'LOG_FILE_LEVEL': 'INFO',
  'LOG_STDOUT_LEVEL': 'WARNING',
  'MAXIMUM_CACHE_MEMORY_PERCENTAGE': 50,
  'MEASURE': 'EMD',
  'MONGODB_CONFIG': { 'collection_name': 'cache',
                      'database_name': 'pyphi',
                      'host': 'localhost',
                      'port': 27017},
  'NUMBER_OF_CORES': -1,
  'PARALLEL_COMPLEX_EVALUATION': False,
  'PARALLEL_CONCEPT_EVALUATION': False,
  'PARALLEL_CUT_EVALUATION': True,
  'PARTITION_TYPE': 'BI',
  'PICK_SMALLEST_PURVIEW': False,
  'PRECISION': 6,
  'PRINT_FRACTIONS': True,
  'PROGRESS_BARS': True,
  'REDIS_CACHE': False,
  'REDIS_CONFIG': {'db': 0, 'host': 'localhost', 'port': 6379, 'test_db': 1},
  'REPR_VERBOSITY': 2,
  'SINGLE_MICRO_NODES_WITH_SELFLOOPS_HAVE_PHI': False,
  'SYSTEM_CUTS': '3.0_STYLE',
  'USE_SMALL_PHI_DIFFERENCE_FOR_CES_DISTANCE': False,
  'VALIDATE_CONDITIONAL_INDEPENDENCE': True,
  'VALIDATE_SUBSYSTEM_STATES': True,
  'WELCOME_OFF': False}
2025-02-10 20:12:01,982 [bruteforce_analysis] INFO MainProcess: Log iniciado en 2025-02-10 20:12:01
Ubicacion completa: logs\2025\02\10_20hrs\bruteforce_analysis.log
Copia rapida: logs\latest_bruteforce_analysis.log
2025-02-10 20:14:12,314 [pyphi.conf] INFO MainProcess: PyPhi v1.2.0
2025-02-10 20:14:12,314 [pyphi.conf] INFO MainProcess: Using default configuration (no configuration file provided)
2025-02-10 20:14:12,314 [pyphi.conf] INFO MainProcess: Current PyPhi configuration:
 { 'ASSUME_CUTS_CANNOT_CREATE_NEW_CONCEPTS': False,
  'CACHE_POTENTIAL_PURVIEWS': True,
  'CACHE_REPERTOIRES': True,
  'CACHE_SIAS': False,
  'CACHING_BACKEND': 'fs',
  'CLEAR_SUBSYSTEM_CACHES_AFTER_COMPUTING_SIA': False,
  'CUT_ONE_APPROXIMATION': False,
  'FS_CACHE_DIRECTORY': '__pyphi_cache__',
  'FS_CACHE_VERBOSITY': 0,
  'LOG_FILE': 'pyphi.log',
  'LOG_FILE_LEVEL': 'INFO',
  'LOG_STDOUT_LEVEL': 'WARNING',
  'MAXIMUM_CACHE_MEMORY_PERCENTAGE': 50,
  'MEASURE': 'EMD',
  'MONGODB_CONFIG': { 'collection_name': 'cache',
                      'database_name': 'pyphi',
                      'host': 'localhost',
                      'port': 27017},
  'NUMBER_OF_CORES': -1,
  'PARALLEL_COMPLEX_EVALUATION': False,
  'PARALLEL_CONCEPT_EVALUATION': False,
  'PARALLEL_CUT_EVALUATION': True,
  'PARTITION_TYPE': 'BI',
  'PICK_SMALLEST_PURVIEW': False,
  'PRECISION': 6,
  'PRINT_FRACTIONS': True,
  'PROGRESS_BARS': True,
  'REDIS_CACHE': False,
  'REDIS_CONFIG': {'db': 0, 'host': 'localhost', 'port': 6379, 'test_db': 1},
  'REPR_VERBOSITY': 2,
  'SINGLE_MICRO_NODES_WITH_SELFLOOPS_HAVE_PHI': False,
  'SYSTEM_CUTS': '3.0_STYLE',
  'USE_SMALL_PHI_DIFFERENCE_FOR_CES_DISTANCE': False,
  'VALIDATE_CONDITIONAL_INDEPENDENCE': True,
  'VALIDATE_SUBSYSTEM_STATES': True,
  'WELCOME_OFF': False}
2025-02-10 20:14:13,277 [bruteforce_analysis] INFO MainProcess: Log iniciado en 2025-02-10 20:14:13
Ubicacion completa: logs\2025\02\10_20hrs\bruteforce_analysis.log
Copia rapida: logs\latest_bruteforce_analysis.log
2025-02-10 20:16:44,537 [pyphi.conf] INFO MainProcess: PyPhi v1.2.0
2025-02-10 20:16:44,537 [pyphi.conf] INFO MainProcess: Using default configuration (no configuration file provided)
2025-02-10 20:16:44,537 [pyphi.conf] INFO MainProcess: Current PyPhi configuration:
 { 'ASSUME_CUTS_CANNOT_CREATE_NEW_CONCEPTS': False,
  'CACHE_POTENTIAL_PURVIEWS': True,
  'CACHE_REPERTOIRES': True,
  'CACHE_SIAS': False,
  'CACHING_BACKEND': 'fs',
  'CLEAR_SUBSYSTEM_CACHES_AFTER_COMPUTING_SIA': False,
  'CUT_ONE_APPROXIMATION': False,
  'FS_CACHE_DIRECTORY': '__pyphi_cache__',
  'FS_CACHE_VERBOSITY': 0,
  'LOG_FILE': 'pyphi.log',
  'LOG_FILE_LEVEL': 'INFO',
  'LOG_STDOUT_LEVEL': 'WARNING',
  'MAXIMUM_CACHE_MEMORY_PERCENTAGE': 50,
  'MEASURE': 'EMD',
  'MONGODB_CONFIG': { 'collection_name': 'cache',
                      'database_name': 'pyphi',
                      'host': 'localhost',
                      'port': 27017},
  'NUMBER_OF_CORES': -1,
  'PARALLEL_COMPLEX_EVALUATION': False,
  'PARALLEL_CONCEPT_EVALUATION': False,
  'PARALLEL_CUT_EVALUATION': True,
  'PARTITION_TYPE': 'BI',
  'PICK_SMALLEST_PURVIEW': False,
  'PRECISION': 6,
  'PRINT_FRACTIONS': True,
  'PROGRESS_BARS': True,
  'REDIS_CACHE': False,
  'REDIS_CONFIG': {'db': 0, 'host': 'localhost', 'port': 6379, 'test_db': 1},
  'REPR_VERBOSITY': 2,
  'SINGLE_MICRO_NODES_WITH_SELFLOOPS_HAVE_PHI': False,
  'SYSTEM_CUTS': '3.0_STYLE',
  'USE_SMALL_PHI_DIFFERENCE_FOR_CES_DISTANCE': False,
  'VALIDATE_CONDITIONAL_INDEPENDENCE': True,
  'VALIDATE_SUBSYSTEM_STATES': True,
  'WELCOME_OFF': False}
2025-02-10 20:16:45,563 [bruteforce_analysis] INFO MainProcess: Log iniciado en 2025-02-10 20:16:45
Ubicacion completa: logs\2025\02\10_20hrs\bruteforce_analysis.log
Copia rapida: logs\latest_bruteforce_analysis.log
2025-02-10 20:18:26,867 [pyphi.conf] INFO MainProcess: PyPhi v1.2.0
2025-02-10 20:18:26,867 [pyphi.conf] INFO MainProcess: Using default configuration (no configuration file provided)
2025-02-10 20:18:26,867 [pyphi.conf] INFO MainProcess: Current PyPhi configuration:
 { 'ASSUME_CUTS_CANNOT_CREATE_NEW_CONCEPTS': False,
  'CACHE_POTENTIAL_PURVIEWS': True,
  'CACHE_REPERTOIRES': True,
  'CACHE_SIAS': False,
  'CACHING_BACKEND': 'fs',
  'CLEAR_SUBSYSTEM_CACHES_AFTER_COMPUTING_SIA': False,
  'CUT_ONE_APPROXIMATION': False,
  'FS_CACHE_DIRECTORY': '__pyphi_cache__',
  'FS_CACHE_VERBOSITY': 0,
  'LOG_FILE': 'pyphi.log',
  'LOG_FILE_LEVEL': 'INFO',
  'LOG_STDOUT_LEVEL': 'WARNING',
  'MAXIMUM_CACHE_MEMORY_PERCENTAGE': 50,
  'MEASURE': 'EMD',
  'MONGODB_CONFIG': { 'collection_name': 'cache',
                      'database_name': 'pyphi',
                      'host': 'localhost',
                      'port': 27017},
  'NUMBER_OF_CORES': -1,
  'PARALLEL_COMPLEX_EVALUATION': False,
  'PARALLEL_CONCEPT_EVALUATION': False,
  'PARALLEL_CUT_EVALUATION': True,
  'PARTITION_TYPE': 'BI',
  'PICK_SMALLEST_PURVIEW': False,
  'PRECISION': 6,
  'PRINT_FRACTIONS': True,
  'PROGRESS_BARS': True,
  'REDIS_CACHE': False,
  'REDIS_CONFIG': {'db': 0, 'host': 'localhost', 'port': 6379, 'test_db': 1},
  'REPR_VERBOSITY': 2,
  'SINGLE_MICRO_NODES_WITH_SELFLOOPS_HAVE_PHI': False,
  'SYSTEM_CUTS': '3.0_STYLE',
  'USE_SMALL_PHI_DIFFERENCE_FOR_CES_DISTANCE': False,
  'VALIDATE_CONDITIONAL_INDEPENDENCE': True,
  'VALIDATE_SUBSYSTEM_STATES': True,
  'WELCOME_OFF': False}
2025-02-10 20:18:27,814 [bruteforce_analysis] INFO MainProcess: Log iniciado en 2025-02-10 20:18:27
Ubicacion completa: logs\2025\02\10_20hrs\bruteforce_analysis.log
Copia rapida: logs\latest_bruteforce_analysis.log
2025-02-10 20:19:59,442 [pyphi.conf] INFO MainProcess: PyPhi v1.2.0
2025-02-10 20:19:59,442 [pyphi.conf] INFO MainProcess: Using default configuration (no configuration file provided)
2025-02-10 20:19:59,443 [pyphi.conf] INFO MainProcess: Current PyPhi configuration:
 { 'ASSUME_CUTS_CANNOT_CREATE_NEW_CONCEPTS': False,
  'CACHE_POTENTIAL_PURVIEWS': True,
  'CACHE_REPERTOIRES': True,
  'CACHE_SIAS': False,
  'CACHING_BACKEND': 'fs',
  'CLEAR_SUBSYSTEM_CACHES_AFTER_COMPUTING_SIA': False,
  'CUT_ONE_APPROXIMATION': False,
  'FS_CACHE_DIRECTORY': '__pyphi_cache__',
  'FS_CACHE_VERBOSITY': 0,
  'LOG_FILE': 'pyphi.log',
  'LOG_FILE_LEVEL': 'INFO',
  'LOG_STDOUT_LEVEL': 'WARNING',
  'MAXIMUM_CACHE_MEMORY_PERCENTAGE': 50,
  'MEASURE': 'EMD',
  'MONGODB_CONFIG': { 'collection_name': 'cache',
                      'database_name': 'pyphi',
                      'host': 'localhost',
                      'port': 27017},
  'NUMBER_OF_CORES': -1,
  'PARALLEL_COMPLEX_EVALUATION': False,
  'PARALLEL_CONCEPT_EVALUATION': False,
  'PARALLEL_CUT_EVALUATION': True,
  'PARTITION_TYPE': 'BI',
  'PICK_SMALLEST_PURVIEW': False,
  'PRECISION': 6,
  'PRINT_FRACTIONS': True,
  'PROGRESS_BARS': True,
  'REDIS_CACHE': False,
  'REDIS_CONFIG': {'db': 0, 'host': 'localhost', 'port': 6379, 'test_db': 1},
  'REPR_VERBOSITY': 2,
  'SINGLE_MICRO_NODES_WITH_SELFLOOPS_HAVE_PHI': False,
  'SYSTEM_CUTS': '3.0_STYLE',
  'USE_SMALL_PHI_DIFFERENCE_FOR_CES_DISTANCE': False,
  'VALIDATE_CONDITIONAL_INDEPENDENCE': True,
  'VALIDATE_SUBSYSTEM_STATES': True,
  'WELCOME_OFF': False}
2025-02-10 20:20:00,403 [bruteforce_analysis] INFO MainProcess: Log iniciado en 2025-02-10 20:20:00
Ubicacion completa: logs\2025\02\10_20hrs\bruteforce_analysis.log
Copia rapida: logs\latest_bruteforce_analysis.log
2025-02-10 20:27:14,854 [pyphi.conf] INFO MainProcess: PyPhi v1.2.0
2025-02-10 20:27:14,860 [pyphi.conf] INFO MainProcess: Using default configuration (no configuration file provided)
2025-02-10 20:27:14,861 [pyphi.conf] INFO MainProcess: Current PyPhi configuration:
 { 'ASSUME_CUTS_CANNOT_CREATE_NEW_CONCEPTS': False,
  'CACHE_POTENTIAL_PURVIEWS': True,
  'CACHE_REPERTOIRES': True,
  'CACHE_SIAS': False,
  'CACHING_BACKEND': 'fs',
  'CLEAR_SUBSYSTEM_CACHES_AFTER_COMPUTING_SIA': False,
  'CUT_ONE_APPROXIMATION': False,
  'FS_CACHE_DIRECTORY': '__pyphi_cache__',
  'FS_CACHE_VERBOSITY': 0,
  'LOG_FILE': 'pyphi.log',
  'LOG_FILE_LEVEL': 'INFO',
  'LOG_STDOUT_LEVEL': 'WARNING',
  'MAXIMUM_CACHE_MEMORY_PERCENTAGE': 50,
  'MEASURE': 'EMD',
  'MONGODB_CONFIG': { 'collection_name': 'cache',
                      'database_name': 'pyphi',
                      'host': 'localhost',
                      'port': 27017},
  'NUMBER_OF_CORES': -1,
  'PARALLEL_COMPLEX_EVALUATION': False,
  'PARALLEL_CONCEPT_EVALUATION': False,
  'PARALLEL_CUT_EVALUATION': True,
  'PARTITION_TYPE': 'BI',
  'PICK_SMALLEST_PURVIEW': False,
  'PRECISION': 6,
  'PRINT_FRACTIONS': True,
  'PROGRESS_BARS': True,
  'REDIS_CACHE': False,
  'REDIS_CONFIG': {'db': 0, 'host': 'localhost', 'port': 6379, 'test_db': 1},
  'REPR_VERBOSITY': 2,
  'SINGLE_MICRO_NODES_WITH_SELFLOOPS_HAVE_PHI': False,
  'SYSTEM_CUTS': '3.0_STYLE',
  'USE_SMALL_PHI_DIFFERENCE_FOR_CES_DISTANCE': False,
  'VALIDATE_CONDITIONAL_INDEPENDENCE': True,
  'VALIDATE_SUBSYSTEM_STATES': True,
  'WELCOME_OFF': False}
2025-02-10 20:27:15,873 [bruteforce_analysis] INFO MainProcess: Log iniciado en 2025-02-10 20:27:15
Ubicacion completa: logs\2025\02\10_20hrs\bruteforce_analysis.log
Copia rapida: logs\latest_bruteforce_analysis.log
2025-02-10 20:30:00,274 [pyphi.conf] INFO MainProcess: PyPhi v1.2.0
2025-02-10 20:30:00,274 [pyphi.conf] INFO MainProcess: Using default configuration (no configuration file provided)
2025-02-10 20:30:00,274 [pyphi.conf] INFO MainProcess: Current PyPhi configuration:
 { 'ASSUME_CUTS_CANNOT_CREATE_NEW_CONCEPTS': False,
  'CACHE_POTENTIAL_PURVIEWS': True,
  'CACHE_REPERTOIRES': True,
  'CACHE_SIAS': False,
  'CACHING_BACKEND': 'fs',
  'CLEAR_SUBSYSTEM_CACHES_AFTER_COMPUTING_SIA': False,
  'CUT_ONE_APPROXIMATION': False,
  'FS_CACHE_DIRECTORY': '__pyphi_cache__',
  'FS_CACHE_VERBOSITY': 0,
  'LOG_FILE': 'pyphi.log',
  'LOG_FILE_LEVEL': 'INFO',
  'LOG_STDOUT_LEVEL': 'WARNING',
  'MAXIMUM_CACHE_MEMORY_PERCENTAGE': 50,
  'MEASURE': 'EMD',
  'MONGODB_CONFIG': { 'collection_name': 'cache',
                      'database_name': 'pyphi',
                      'host': 'localhost',
                      'port': 27017},
  'NUMBER_OF_CORES': -1,
  'PARALLEL_COMPLEX_EVALUATION': False,
  'PARALLEL_CONCEPT_EVALUATION': False,
  'PARALLEL_CUT_EVALUATION': True,
  'PARTITION_TYPE': 'BI',
  'PICK_SMALLEST_PURVIEW': False,
  'PRECISION': 6,
  'PRINT_FRACTIONS': True,
  'PROGRESS_BARS': True,
  'REDIS_CACHE': False,
  'REDIS_CONFIG': {'db': 0, 'host': 'localhost', 'port': 6379, 'test_db': 1},
  'REPR_VERBOSITY': 2,
  'SINGLE_MICRO_NODES_WITH_SELFLOOPS_HAVE_PHI': False,
  'SYSTEM_CUTS': '3.0_STYLE',
  'USE_SMALL_PHI_DIFFERENCE_FOR_CES_DISTANCE': False,
  'VALIDATE_CONDITIONAL_INDEPENDENCE': True,
  'VALIDATE_SUBSYSTEM_STATES': True,
  'WELCOME_OFF': False}
2025-02-10 20:30:01,293 [bruteforce_analysis] INFO MainProcess: Log iniciado en 2025-02-10 20:30:01
Ubicacion completa: logs\2025\02\10_20hrs\bruteforce_analysis.log
Copia rapida: logs\latest_bruteforce_analysis.log
2025-02-10 20:31:00,475 [pyphi.conf] INFO MainProcess: PyPhi v1.2.0
2025-02-10 20:31:00,475 [pyphi.conf] INFO MainProcess: Using default configuration (no configuration file provided)
2025-02-10 20:31:00,475 [pyphi.conf] INFO MainProcess: Current PyPhi configuration:
 { 'ASSUME_CUTS_CANNOT_CREATE_NEW_CONCEPTS': False,
  'CACHE_POTENTIAL_PURVIEWS': True,
  'CACHE_REPERTOIRES': True,
  'CACHE_SIAS': False,
  'CACHING_BACKEND': 'fs',
  'CLEAR_SUBSYSTEM_CACHES_AFTER_COMPUTING_SIA': False,
  'CUT_ONE_APPROXIMATION': False,
  'FS_CACHE_DIRECTORY': '__pyphi_cache__',
  'FS_CACHE_VERBOSITY': 0,
  'LOG_FILE': 'pyphi.log',
  'LOG_FILE_LEVEL': 'INFO',
  'LOG_STDOUT_LEVEL': 'WARNING',
  'MAXIMUM_CACHE_MEMORY_PERCENTAGE': 50,
  'MEASURE': 'EMD',
  'MONGODB_CONFIG': { 'collection_name': 'cache',
                      'database_name': 'pyphi',
                      'host': 'localhost',
                      'port': 27017},
  'NUMBER_OF_CORES': -1,
  'PARALLEL_COMPLEX_EVALUATION': False,
  'PARALLEL_CONCEPT_EVALUATION': False,
  'PARALLEL_CUT_EVALUATION': True,
  'PARTITION_TYPE': 'BI',
  'PICK_SMALLEST_PURVIEW': False,
  'PRECISION': 6,
  'PRINT_FRACTIONS': True,
  'PROGRESS_BARS': True,
  'REDIS_CACHE': False,
  'REDIS_CONFIG': {'db': 0, 'host': 'localhost', 'port': 6379, 'test_db': 1},
  'REPR_VERBOSITY': 2,
  'SINGLE_MICRO_NODES_WITH_SELFLOOPS_HAVE_PHI': False,
  'SYSTEM_CUTS': '3.0_STYLE',
  'USE_SMALL_PHI_DIFFERENCE_FOR_CES_DISTANCE': False,
  'VALIDATE_CONDITIONAL_INDEPENDENCE': True,
  'VALIDATE_SUBSYSTEM_STATES': True,
  'WELCOME_OFF': False}
2025-02-10 20:31:01,480 [bruteforce_analysis] INFO MainProcess: Log iniciado en 2025-02-10 20:31:01
Ubicacion completa: logs\2025\02\10_20hrs\bruteforce_analysis.log
Copia rapida: logs\latest_bruteforce_analysis.log
2025-02-10 20:32:24,942 [pyphi.conf] INFO MainProcess: PyPhi v1.2.0
2025-02-10 20:32:24,942 [pyphi.conf] INFO MainProcess: Using default configuration (no configuration file provided)
2025-02-10 20:32:24,942 [pyphi.conf] INFO MainProcess: Current PyPhi configuration:
 { 'ASSUME_CUTS_CANNOT_CREATE_NEW_CONCEPTS': False,
  'CACHE_POTENTIAL_PURVIEWS': True,
  'CACHE_REPERTOIRES': True,
  'CACHE_SIAS': False,
  'CACHING_BACKEND': 'fs',
  'CLEAR_SUBSYSTEM_CACHES_AFTER_COMPUTING_SIA': False,
  'CUT_ONE_APPROXIMATION': False,
  'FS_CACHE_DIRECTORY': '__pyphi_cache__',
  'FS_CACHE_VERBOSITY': 0,
  'LOG_FILE': 'pyphi.log',
  'LOG_FILE_LEVEL': 'INFO',
  'LOG_STDOUT_LEVEL': 'WARNING',
  'MAXIMUM_CACHE_MEMORY_PERCENTAGE': 50,
  'MEASURE': 'EMD',
  'MONGODB_CONFIG': { 'collection_name': 'cache',
                      'database_name': 'pyphi',
                      'host': 'localhost',
                      'port': 27017},
  'NUMBER_OF_CORES': -1,
  'PARALLEL_COMPLEX_EVALUATION': False,
  'PARALLEL_CONCEPT_EVALUATION': False,
  'PARALLEL_CUT_EVALUATION': True,
  'PARTITION_TYPE': 'BI',
  'PICK_SMALLEST_PURVIEW': False,
  'PRECISION': 6,
  'PRINT_FRACTIONS': True,
  'PROGRESS_BARS': True,
  'REDIS_CACHE': False,
  'REDIS_CONFIG': {'db': 0, 'host': 'localhost', 'port': 6379, 'test_db': 1},
  'REPR_VERBOSITY': 2,
  'SINGLE_MICRO_NODES_WITH_SELFLOOPS_HAVE_PHI': False,
  'SYSTEM_CUTS': '3.0_STYLE',
  'USE_SMALL_PHI_DIFFERENCE_FOR_CES_DISTANCE': False,
  'VALIDATE_CONDITIONAL_INDEPENDENCE': True,
  'VALIDATE_SUBSYSTEM_STATES': True,
  'WELCOME_OFF': False}
2025-02-10 20:32:25,934 [bruteforce_analysis] INFO MainProcess: Log iniciado en 2025-02-10 20:32:25
Ubicacion completa: logs\2025\02\10_20hrs\bruteforce_analysis.log
Copia rapida: logs\latest_bruteforce_analysis.log
2025-02-10 20:33:41,648 [pyphi.conf] INFO MainProcess: PyPhi v1.2.0
2025-02-10 20:33:41,648 [pyphi.conf] INFO MainProcess: Using default configuration (no configuration file provided)
2025-02-10 20:33:41,648 [pyphi.conf] INFO MainProcess: Current PyPhi configuration:
 { 'ASSUME_CUTS_CANNOT_CREATE_NEW_CONCEPTS': False,
  'CACHE_POTENTIAL_PURVIEWS': True,
  'CACHE_REPERTOIRES': True,
  'CACHE_SIAS': False,
  'CACHING_BACKEND': 'fs',
  'CLEAR_SUBSYSTEM_CACHES_AFTER_COMPUTING_SIA': False,
  'CUT_ONE_APPROXIMATION': False,
  'FS_CACHE_DIRECTORY': '__pyphi_cache__',
  'FS_CACHE_VERBOSITY': 0,
  'LOG_FILE': 'pyphi.log',
  'LOG_FILE_LEVEL': 'INFO',
  'LOG_STDOUT_LEVEL': 'WARNING',
  'MAXIMUM_CACHE_MEMORY_PERCENTAGE': 50,
  'MEASURE': 'EMD',
  'MONGODB_CONFIG': { 'collection_name': 'cache',
                      'database_name': 'pyphi',
                      'host': 'localhost',
                      'port': 27017},
  'NUMBER_OF_CORES': -1,
  'PARALLEL_COMPLEX_EVALUATION': False,
  'PARALLEL_CONCEPT_EVALUATION': False,
  'PARALLEL_CUT_EVALUATION': True,
  'PARTITION_TYPE': 'BI',
  'PICK_SMALLEST_PURVIEW': False,
  'PRECISION': 6,
  'PRINT_FRACTIONS': True,
  'PROGRESS_BARS': True,
  'REDIS_CACHE': False,
  'REDIS_CONFIG': {'db': 0, 'host': 'localhost', 'port': 6379, 'test_db': 1},
  'REPR_VERBOSITY': 2,
  'SINGLE_MICRO_NODES_WITH_SELFLOOPS_HAVE_PHI': False,
  'SYSTEM_CUTS': '3.0_STYLE',
  'USE_SMALL_PHI_DIFFERENCE_FOR_CES_DISTANCE': False,
  'VALIDATE_CONDITIONAL_INDEPENDENCE': True,
  'VALIDATE_SUBSYSTEM_STATES': True,
  'WELCOME_OFF': False}
2025-02-10 20:33:42,591 [bruteforce_analysis] INFO MainProcess: Log iniciado en 2025-02-10 20:33:42
Ubicacion completa: logs\2025\02\10_20hrs\bruteforce_analysis.log
Copia rapida: logs\latest_bruteforce_analysis.log
2025-02-10 20:34:33,040 [pyphi.conf] INFO MainProcess: PyPhi v1.2.0
2025-02-10 20:34:33,040 [pyphi.conf] INFO MainProcess: Using default configuration (no configuration file provided)
2025-02-10 20:34:33,040 [pyphi.conf] INFO MainProcess: Current PyPhi configuration:
 { 'ASSUME_CUTS_CANNOT_CREATE_NEW_CONCEPTS': False,
  'CACHE_POTENTIAL_PURVIEWS': True,
  'CACHE_REPERTOIRES': True,
  'CACHE_SIAS': False,
  'CACHING_BACKEND': 'fs',
  'CLEAR_SUBSYSTEM_CACHES_AFTER_COMPUTING_SIA': False,
  'CUT_ONE_APPROXIMATION': False,
  'FS_CACHE_DIRECTORY': '__pyphi_cache__',
  'FS_CACHE_VERBOSITY': 0,
  'LOG_FILE': 'pyphi.log',
  'LOG_FILE_LEVEL': 'INFO',
  'LOG_STDOUT_LEVEL': 'WARNING',
  'MAXIMUM_CACHE_MEMORY_PERCENTAGE': 50,
  'MEASURE': 'EMD',
  'MONGODB_CONFIG': { 'collection_name': 'cache',
                      'database_name': 'pyphi',
                      'host': 'localhost',
                      'port': 27017},
  'NUMBER_OF_CORES': -1,
  'PARALLEL_COMPLEX_EVALUATION': False,
  'PARALLEL_CONCEPT_EVALUATION': False,
  'PARALLEL_CUT_EVALUATION': True,
  'PARTITION_TYPE': 'BI',
  'PICK_SMALLEST_PURVIEW': False,
  'PRECISION': 6,
  'PRINT_FRACTIONS': True,
  'PROGRESS_BARS': True,
  'REDIS_CACHE': False,
  'REDIS_CONFIG': {'db': 0, 'host': 'localhost', 'port': 6379, 'test_db': 1},
  'REPR_VERBOSITY': 2,
  'SINGLE_MICRO_NODES_WITH_SELFLOOPS_HAVE_PHI': False,
  'SYSTEM_CUTS': '3.0_STYLE',
  'USE_SMALL_PHI_DIFFERENCE_FOR_CES_DISTANCE': False,
  'VALIDATE_CONDITIONAL_INDEPENDENCE': True,
  'VALIDATE_SUBSYSTEM_STATES': True,
  'WELCOME_OFF': False}
2025-02-10 20:34:33,998 [bruteforce_analysis] INFO MainProcess: Log iniciado en 2025-02-10 20:34:33
Ubicacion completa: logs\2025\02\10_20hrs\bruteforce_analysis.log
Copia rapida: logs\latest_bruteforce_analysis.log
2025-02-10 20:36:33,902 [pyphi.conf] INFO MainProcess: PyPhi v1.2.0
2025-02-10 20:36:33,902 [pyphi.conf] INFO MainProcess: Using default configuration (no configuration file provided)
2025-02-10 20:36:33,902 [pyphi.conf] INFO MainProcess: Current PyPhi configuration:
 { 'ASSUME_CUTS_CANNOT_CREATE_NEW_CONCEPTS': False,
  'CACHE_POTENTIAL_PURVIEWS': True,
  'CACHE_REPERTOIRES': True,
  'CACHE_SIAS': False,
  'CACHING_BACKEND': 'fs',
  'CLEAR_SUBSYSTEM_CACHES_AFTER_COMPUTING_SIA': False,
  'CUT_ONE_APPROXIMATION': False,
  'FS_CACHE_DIRECTORY': '__pyphi_cache__',
  'FS_CACHE_VERBOSITY': 0,
  'LOG_FILE': 'pyphi.log',
  'LOG_FILE_LEVEL': 'INFO',
  'LOG_STDOUT_LEVEL': 'WARNING',
  'MAXIMUM_CACHE_MEMORY_PERCENTAGE': 50,
  'MEASURE': 'EMD',
  'MONGODB_CONFIG': { 'collection_name': 'cache',
                      'database_name': 'pyphi',
                      'host': 'localhost',
                      'port': 27017},
  'NUMBER_OF_CORES': -1,
  'PARALLEL_COMPLEX_EVALUATION': False,
  'PARALLEL_CONCEPT_EVALUATION': False,
  'PARALLEL_CUT_EVALUATION': True,
  'PARTITION_TYPE': 'BI',
  'PICK_SMALLEST_PURVIEW': False,
  'PRECISION': 6,
  'PRINT_FRACTIONS': True,
  'PROGRESS_BARS': True,
  'REDIS_CACHE': False,
  'REDIS_CONFIG': {'db': 0, 'host': 'localhost', 'port': 6379, 'test_db': 1},
  'REPR_VERBOSITY': 2,
  'SINGLE_MICRO_NODES_WITH_SELFLOOPS_HAVE_PHI': False,
  'SYSTEM_CUTS': '3.0_STYLE',
  'USE_SMALL_PHI_DIFFERENCE_FOR_CES_DISTANCE': False,
  'VALIDATE_CONDITIONAL_INDEPENDENCE': True,
  'VALIDATE_SUBSYSTEM_STATES': True,
  'WELCOME_OFF': False}
2025-02-10 20:36:34,836 [bruteforce_analysis] INFO MainProcess: Log iniciado en 2025-02-10 20:36:34
Ubicacion completa: logs\2025\02\10_20hrs\bruteforce_analysis.log
Copia rapida: logs\latest_bruteforce_analysis.log
2025-02-10 20:47:53,698 [pyphi.conf] INFO MainProcess: PyPhi v1.2.0
2025-02-10 20:47:53,698 [pyphi.conf] INFO MainProcess: Using default configuration (no configuration file provided)
2025-02-10 20:47:53,698 [pyphi.conf] INFO MainProcess: Current PyPhi configuration:
 { 'ASSUME_CUTS_CANNOT_CREATE_NEW_CONCEPTS': False,
  'CACHE_POTENTIAL_PURVIEWS': True,
  'CACHE_REPERTOIRES': True,
  'CACHE_SIAS': False,
  'CACHING_BACKEND': 'fs',
  'CLEAR_SUBSYSTEM_CACHES_AFTER_COMPUTING_SIA': False,
  'CUT_ONE_APPROXIMATION': False,
  'FS_CACHE_DIRECTORY': '__pyphi_cache__',
  'FS_CACHE_VERBOSITY': 0,
  'LOG_FILE': 'pyphi.log',
  'LOG_FILE_LEVEL': 'INFO',
  'LOG_STDOUT_LEVEL': 'WARNING',
  'MAXIMUM_CACHE_MEMORY_PERCENTAGE': 50,
  'MEASURE': 'EMD',
  'MONGODB_CONFIG': { 'collection_name': 'cache',
                      'database_name': 'pyphi',
                      'host': 'localhost',
                      'port': 27017},
  'NUMBER_OF_CORES': -1,
  'PARALLEL_COMPLEX_EVALUATION': False,
  'PARALLEL_CONCEPT_EVALUATION': False,
  'PARALLEL_CUT_EVALUATION': True,
  'PARTITION_TYPE': 'BI',
  'PICK_SMALLEST_PURVIEW': False,
  'PRECISION': 6,
  'PRINT_FRACTIONS': True,
  'PROGRESS_BARS': True,
  'REDIS_CACHE': False,
  'REDIS_CONFIG': {'db': 0, 'host': 'localhost', 'port': 6379, 'test_db': 1},
  'REPR_VERBOSITY': 2,
  'SINGLE_MICRO_NODES_WITH_SELFLOOPS_HAVE_PHI': False,
  'SYSTEM_CUTS': '3.0_STYLE',
  'USE_SMALL_PHI_DIFFERENCE_FOR_CES_DISTANCE': False,
  'VALIDATE_CONDITIONAL_INDEPENDENCE': True,
  'VALIDATE_SUBSYSTEM_STATES': True,
  'WELCOME_OFF': False}
2025-02-10 20:47:54,685 [bruteforce_analysis] INFO MainProcess: Log iniciado en 2025-02-10 20:47:54
Ubicacion completa: logs\2025\02\10_20hrs\bruteforce_analysis.log
Copia rapida: logs\latest_bruteforce_analysis.log
2025-02-10 20:48:43,155 [pyphi.conf] INFO MainProcess: PyPhi v1.2.0
2025-02-10 20:48:43,155 [pyphi.conf] INFO MainProcess: Using default configuration (no configuration file provided)
2025-02-10 20:48:43,155 [pyphi.conf] INFO MainProcess: Current PyPhi configuration:
 { 'ASSUME_CUTS_CANNOT_CREATE_NEW_CONCEPTS': False,
  'CACHE_POTENTIAL_PURVIEWS': True,
  'CACHE_REPERTOIRES': True,
  'CACHE_SIAS': False,
  'CACHING_BACKEND': 'fs',
  'CLEAR_SUBSYSTEM_CACHES_AFTER_COMPUTING_SIA': False,
  'CUT_ONE_APPROXIMATION': False,
  'FS_CACHE_DIRECTORY': '__pyphi_cache__',
  'FS_CACHE_VERBOSITY': 0,
  'LOG_FILE': 'pyphi.log',
  'LOG_FILE_LEVEL': 'INFO',
  'LOG_STDOUT_LEVEL': 'WARNING',
  'MAXIMUM_CACHE_MEMORY_PERCENTAGE': 50,
  'MEASURE': 'EMD',
  'MONGODB_CONFIG': { 'collection_name': 'cache',
                      'database_name': 'pyphi',
                      'host': 'localhost',
                      'port': 27017},
  'NUMBER_OF_CORES': -1,
  'PARALLEL_COMPLEX_EVALUATION': False,
  'PARALLEL_CONCEPT_EVALUATION': False,
  'PARALLEL_CUT_EVALUATION': True,
  'PARTITION_TYPE': 'BI',
  'PICK_SMALLEST_PURVIEW': False,
  'PRECISION': 6,
  'PRINT_FRACTIONS': True,
  'PROGRESS_BARS': True,
  'REDIS_CACHE': False,
  'REDIS_CONFIG': {'db': 0, 'host': 'localhost', 'port': 6379, 'test_db': 1},
  'REPR_VERBOSITY': 2,
  'SINGLE_MICRO_NODES_WITH_SELFLOOPS_HAVE_PHI': False,
  'SYSTEM_CUTS': '3.0_STYLE',
  'USE_SMALL_PHI_DIFFERENCE_FOR_CES_DISTANCE': False,
  'VALIDATE_CONDITIONAL_INDEPENDENCE': True,
  'VALIDATE_SUBSYSTEM_STATES': True,
  'WELCOME_OFF': False}
2025-02-10 20:48:44,160 [bruteforce_analysis] INFO MainProcess: Log iniciado en 2025-02-10 20:48:44
Ubicacion completa: logs\2025\02\10_20hrs\bruteforce_analysis.log
Copia rapida: logs\latest_bruteforce_analysis.log
2025-02-10 20:50:29,052 [pyphi.conf] INFO MainProcess: PyPhi v1.2.0
2025-02-10 20:50:29,052 [pyphi.conf] INFO MainProcess: Using default configuration (no configuration file provided)
2025-02-10 20:50:29,052 [pyphi.conf] INFO MainProcess: Current PyPhi configuration:
 { 'ASSUME_CUTS_CANNOT_CREATE_NEW_CONCEPTS': False,
  'CACHE_POTENTIAL_PURVIEWS': True,
  'CACHE_REPERTOIRES': True,
  'CACHE_SIAS': False,
  'CACHING_BACKEND': 'fs',
  'CLEAR_SUBSYSTEM_CACHES_AFTER_COMPUTING_SIA': False,
  'CUT_ONE_APPROXIMATION': False,
  'FS_CACHE_DIRECTORY': '__pyphi_cache__',
  'FS_CACHE_VERBOSITY': 0,
  'LOG_FILE': 'pyphi.log',
  'LOG_FILE_LEVEL': 'INFO',
  'LOG_STDOUT_LEVEL': 'WARNING',
  'MAXIMUM_CACHE_MEMORY_PERCENTAGE': 50,
  'MEASURE': 'EMD',
  'MONGODB_CONFIG': { 'collection_name': 'cache',
                      'database_name': 'pyphi',
                      'host': 'localhost',
                      'port': 27017},
  'NUMBER_OF_CORES': -1,
  'PARALLEL_COMPLEX_EVALUATION': False,
  'PARALLEL_CONCEPT_EVALUATION': False,
  'PARALLEL_CUT_EVALUATION': True,
  'PARTITION_TYPE': 'BI',
  'PICK_SMALLEST_PURVIEW': False,
  'PRECISION': 6,
  'PRINT_FRACTIONS': True,
  'PROGRESS_BARS': True,
  'REDIS_CACHE': False,
  'REDIS_CONFIG': {'db': 0, 'host': 'localhost', 'port': 6379, 'test_db': 1},
  'REPR_VERBOSITY': 2,
  'SINGLE_MICRO_NODES_WITH_SELFLOOPS_HAVE_PHI': False,
  'SYSTEM_CUTS': '3.0_STYLE',
  'USE_SMALL_PHI_DIFFERENCE_FOR_CES_DISTANCE': False,
  'VALIDATE_CONDITIONAL_INDEPENDENCE': True,
  'VALIDATE_SUBSYSTEM_STATES': True,
  'WELCOME_OFF': False}
2025-02-10 20:50:30,016 [bruteforce_analysis] INFO MainProcess: Log iniciado en 2025-02-10 20:50:30
Ubicacion completa: logs\2025\02\10_20hrs\bruteforce_analysis.log
Copia rapida: logs\latest_bruteforce_analysis.log
2025-02-11 08:00:52,461 [pyphi.conf] INFO MainProcess: PyPhi v1.2.0
2025-02-11 08:00:52,461 [pyphi.conf] INFO MainProcess: Using default configuration (no configuration file provided)
2025-02-11 08:00:52,464 [pyphi.conf] INFO MainProcess: Current PyPhi configuration:
 { 'ASSUME_CUTS_CANNOT_CREATE_NEW_CONCEPTS': False,
  'CACHE_POTENTIAL_PURVIEWS': True,
  'CACHE_REPERTOIRES': True,
  'CACHE_SIAS': False,
  'CACHING_BACKEND': 'fs',
  'CLEAR_SUBSYSTEM_CACHES_AFTER_COMPUTING_SIA': False,
  'CUT_ONE_APPROXIMATION': False,
  'FS_CACHE_DIRECTORY': '__pyphi_cache__',
  'FS_CACHE_VERBOSITY': 0,
  'LOG_FILE': 'pyphi.log',
  'LOG_FILE_LEVEL': 'INFO',
  'LOG_STDOUT_LEVEL': 'WARNING',
  'MAXIMUM_CACHE_MEMORY_PERCENTAGE': 50,
  'MEASURE': 'EMD',
  'MONGODB_CONFIG': { 'collection_name': 'cache',
                      'database_name': 'pyphi',
                      'host': 'localhost',
                      'port': 27017},
  'NUMBER_OF_CORES': -1,
  'PARALLEL_COMPLEX_EVALUATION': False,
  'PARALLEL_CONCEPT_EVALUATION': False,
  'PARALLEL_CUT_EVALUATION': True,
  'PARTITION_TYPE': 'BI',
  'PICK_SMALLEST_PURVIEW': False,
  'PRECISION': 6,
  'PRINT_FRACTIONS': True,
  'PROGRESS_BARS': True,
  'REDIS_CACHE': False,
  'REDIS_CONFIG': {'db': 0, 'host': 'localhost', 'port': 6379, 'test_db': 1},
  'REPR_VERBOSITY': 2,
  'SINGLE_MICRO_NODES_WITH_SELFLOOPS_HAVE_PHI': False,
  'SYSTEM_CUTS': '3.0_STYLE',
  'USE_SMALL_PHI_DIFFERENCE_FOR_CES_DISTANCE': False,
  'VALIDATE_CONDITIONAL_INDEPENDENCE': True,
  'VALIDATE_SUBSYSTEM_STATES': True,
  'WELCOME_OFF': False}
2025-02-11 08:00:54,156 [bruteforce_analysis] INFO MainProcess: Log iniciado en 2025-02-11 08:00:54
Ubicacion completa: logs\2025\02\11_08hrs\bruteforce_analysis.log
Copia rapida: logs\latest_bruteforce_analysis.log
2025-02-11 08:01:14,349 [pyphi.conf] INFO MainProcess: PyPhi v1.2.0
2025-02-11 08:01:14,349 [pyphi.conf] INFO MainProcess: Using default configuration (no configuration file provided)
2025-02-11 08:01:14,349 [pyphi.conf] INFO MainProcess: Current PyPhi configuration:
 { 'ASSUME_CUTS_CANNOT_CREATE_NEW_CONCEPTS': False,
  'CACHE_POTENTIAL_PURVIEWS': True,
  'CACHE_REPERTOIRES': True,
  'CACHE_SIAS': False,
  'CACHING_BACKEND': 'fs',
  'CLEAR_SUBSYSTEM_CACHES_AFTER_COMPUTING_SIA': False,
  'CUT_ONE_APPROXIMATION': False,
  'FS_CACHE_DIRECTORY': '__pyphi_cache__',
  'FS_CACHE_VERBOSITY': 0,
  'LOG_FILE': 'pyphi.log',
  'LOG_FILE_LEVEL': 'INFO',
  'LOG_STDOUT_LEVEL': 'WARNING',
  'MAXIMUM_CACHE_MEMORY_PERCENTAGE': 50,
  'MEASURE': 'EMD',
  'MONGODB_CONFIG': { 'collection_name': 'cache',
                      'database_name': 'pyphi',
                      'host': 'localhost',
                      'port': 27017},
  'NUMBER_OF_CORES': -1,
  'PARALLEL_COMPLEX_EVALUATION': False,
  'PARALLEL_CONCEPT_EVALUATION': False,
  'PARALLEL_CUT_EVALUATION': True,
  'PARTITION_TYPE': 'BI',
  'PICK_SMALLEST_PURVIEW': False,
  'PRECISION': 6,
  'PRINT_FRACTIONS': True,
  'PROGRESS_BARS': True,
  'REDIS_CACHE': False,
  'REDIS_CONFIG': {'db': 0, 'host': 'localhost', 'port': 6379, 'test_db': 1},
  'REPR_VERBOSITY': 2,
  'SINGLE_MICRO_NODES_WITH_SELFLOOPS_HAVE_PHI': False,
  'SYSTEM_CUTS': '3.0_STYLE',
  'USE_SMALL_PHI_DIFFERENCE_FOR_CES_DISTANCE': False,
  'VALIDATE_CONDITIONAL_INDEPENDENCE': True,
  'VALIDATE_SUBSYSTEM_STATES': True,
  'WELCOME_OFF': False}
2025-02-11 08:01:15,623 [bruteforce_analysis] INFO MainProcess: Log iniciado en 2025-02-11 08:01:15
Ubicacion completa: logs\2025\02\11_08hrs\bruteforce_analysis.log
Copia rapida: logs\latest_bruteforce_analysis.log
2025-02-11 08:03:51,180 [pyphi.conf] INFO MainProcess: PyPhi v1.2.0
2025-02-11 08:03:51,180 [pyphi.conf] INFO MainProcess: Using default configuration (no configuration file provided)
2025-02-11 08:03:51,180 [pyphi.conf] INFO MainProcess: Current PyPhi configuration:
 { 'ASSUME_CUTS_CANNOT_CREATE_NEW_CONCEPTS': False,
  'CACHE_POTENTIAL_PURVIEWS': True,
  'CACHE_REPERTOIRES': True,
  'CACHE_SIAS': False,
  'CACHING_BACKEND': 'fs',
  'CLEAR_SUBSYSTEM_CACHES_AFTER_COMPUTING_SIA': False,
  'CUT_ONE_APPROXIMATION': False,
  'FS_CACHE_DIRECTORY': '__pyphi_cache__',
  'FS_CACHE_VERBOSITY': 0,
  'LOG_FILE': 'pyphi.log',
  'LOG_FILE_LEVEL': 'INFO',
  'LOG_STDOUT_LEVEL': 'WARNING',
  'MAXIMUM_CACHE_MEMORY_PERCENTAGE': 50,
  'MEASURE': 'EMD',
  'MONGODB_CONFIG': { 'collection_name': 'cache',
                      'database_name': 'pyphi',
                      'host': 'localhost',
                      'port': 27017},
  'NUMBER_OF_CORES': -1,
  'PARALLEL_COMPLEX_EVALUATION': False,
  'PARALLEL_CONCEPT_EVALUATION': False,
  'PARALLEL_CUT_EVALUATION': True,
  'PARTITION_TYPE': 'BI',
  'PICK_SMALLEST_PURVIEW': False,
  'PRECISION': 6,
  'PRINT_FRACTIONS': True,
  'PROGRESS_BARS': True,
  'REDIS_CACHE': False,
  'REDIS_CONFIG': {'db': 0, 'host': 'localhost', 'port': 6379, 'test_db': 1},
  'REPR_VERBOSITY': 2,
  'SINGLE_MICRO_NODES_WITH_SELFLOOPS_HAVE_PHI': False,
  'SYSTEM_CUTS': '3.0_STYLE',
  'USE_SMALL_PHI_DIFFERENCE_FOR_CES_DISTANCE': False,
  'VALIDATE_CONDITIONAL_INDEPENDENCE': True,
  'VALIDATE_SUBSYSTEM_STATES': True,
  'WELCOME_OFF': False}
2025-02-11 08:04:02,877 [bruteforce_analysis] INFO MainProcess: Log iniciado en 2025-02-11 08:04:02
Ubicacion completa: logs\2025\02\11_08hrs\bruteforce_analysis.log
Copia rapida: logs\latest_bruteforce_analysis.log
2025-02-11 08:06:21,803 [pyphi.conf] INFO MainProcess: PyPhi v1.2.0
2025-02-11 08:06:21,803 [pyphi.conf] INFO MainProcess: Using default configuration (no configuration file provided)
2025-02-11 08:06:21,803 [pyphi.conf] INFO MainProcess: Current PyPhi configuration:
 { 'ASSUME_CUTS_CANNOT_CREATE_NEW_CONCEPTS': False,
  'CACHE_POTENTIAL_PURVIEWS': True,
  'CACHE_REPERTOIRES': True,
  'CACHE_SIAS': False,
  'CACHING_BACKEND': 'fs',
  'CLEAR_SUBSYSTEM_CACHES_AFTER_COMPUTING_SIA': False,
  'CUT_ONE_APPROXIMATION': False,
  'FS_CACHE_DIRECTORY': '__pyphi_cache__',
  'FS_CACHE_VERBOSITY': 0,
  'LOG_FILE': 'pyphi.log',
  'LOG_FILE_LEVEL': 'INFO',
  'LOG_STDOUT_LEVEL': 'WARNING',
  'MAXIMUM_CACHE_MEMORY_PERCENTAGE': 50,
  'MEASURE': 'EMD',
  'MONGODB_CONFIG': { 'collection_name': 'cache',
                      'database_name': 'pyphi',
                      'host': 'localhost',
                      'port': 27017},
  'NUMBER_OF_CORES': -1,
  'PARALLEL_COMPLEX_EVALUATION': False,
  'PARALLEL_CONCEPT_EVALUATION': False,
  'PARALLEL_CUT_EVALUATION': True,
  'PARTITION_TYPE': 'BI',
  'PICK_SMALLEST_PURVIEW': False,
  'PRECISION': 6,
  'PRINT_FRACTIONS': True,
  'PROGRESS_BARS': True,
  'REDIS_CACHE': False,
  'REDIS_CONFIG': {'db': 0, 'host': 'localhost', 'port': 6379, 'test_db': 1},
  'REPR_VERBOSITY': 2,
  'SINGLE_MICRO_NODES_WITH_SELFLOOPS_HAVE_PHI': False,
  'SYSTEM_CUTS': '3.0_STYLE',
  'USE_SMALL_PHI_DIFFERENCE_FOR_CES_DISTANCE': False,
  'VALIDATE_CONDITIONAL_INDEPENDENCE': True,
  'VALIDATE_SUBSYSTEM_STATES': True,
  'WELCOME_OFF': False}
2025-02-11 08:06:22,934 [bruteforce_analysis] INFO MainProcess: Log iniciado en 2025-02-11 08:06:22
Ubicacion completa: logs\2025\02\11_08hrs\bruteforce_analysis.log
Copia rapida: logs\latest_bruteforce_analysis.log
2025-02-11 08:10:24,424 [pyphi.conf] INFO MainProcess: PyPhi v1.2.0
2025-02-11 08:10:24,424 [pyphi.conf] INFO MainProcess: Using default configuration (no configuration file provided)
2025-02-11 08:10:24,424 [pyphi.conf] INFO MainProcess: Current PyPhi configuration:
 { 'ASSUME_CUTS_CANNOT_CREATE_NEW_CONCEPTS': False,
  'CACHE_POTENTIAL_PURVIEWS': True,
  'CACHE_REPERTOIRES': True,
  'CACHE_SIAS': False,
  'CACHING_BACKEND': 'fs',
  'CLEAR_SUBSYSTEM_CACHES_AFTER_COMPUTING_SIA': False,
  'CUT_ONE_APPROXIMATION': False,
  'FS_CACHE_DIRECTORY': '__pyphi_cache__',
  'FS_CACHE_VERBOSITY': 0,
  'LOG_FILE': 'pyphi.log',
  'LOG_FILE_LEVEL': 'INFO',
  'LOG_STDOUT_LEVEL': 'WARNING',
  'MAXIMUM_CACHE_MEMORY_PERCENTAGE': 50,
  'MEASURE': 'EMD',
  'MONGODB_CONFIG': { 'collection_name': 'cache',
                      'database_name': 'pyphi',
                      'host': 'localhost',
                      'port': 27017},
  'NUMBER_OF_CORES': -1,
  'PARALLEL_COMPLEX_EVALUATION': False,
  'PARALLEL_CONCEPT_EVALUATION': False,
  'PARALLEL_CUT_EVALUATION': True,
  'PARTITION_TYPE': 'BI',
  'PICK_SMALLEST_PURVIEW': False,
  'PRECISION': 6,
  'PRINT_FRACTIONS': True,
  'PROGRESS_BARS': True,
  'REDIS_CACHE': False,
  'REDIS_CONFIG': {'db': 0, 'host': 'localhost', 'port': 6379, 'test_db': 1},
  'REPR_VERBOSITY': 2,
  'SINGLE_MICRO_NODES_WITH_SELFLOOPS_HAVE_PHI': False,
  'SYSTEM_CUTS': '3.0_STYLE',
  'USE_SMALL_PHI_DIFFERENCE_FOR_CES_DISTANCE': False,
  'VALIDATE_CONDITIONAL_INDEPENDENCE': True,
  'VALIDATE_SUBSYSTEM_STATES': True,
  'WELCOME_OFF': False}
2025-02-11 08:10:25,563 [bruteforce_analysis] INFO MainProcess: Log iniciado en 2025-02-11 08:10:25
Ubicacion completa: logs\2025\02\11_08hrs\bruteforce_analysis.log
Copia rapida: logs\latest_bruteforce_analysis.log
2025-02-11 08:13:44,926 [pyphi.conf] INFO MainProcess: PyPhi v1.2.0
2025-02-11 08:13:44,926 [pyphi.conf] INFO MainProcess: Using default configuration (no configuration file provided)
2025-02-11 08:13:44,935 [pyphi.conf] INFO MainProcess: Current PyPhi configuration:
 { 'ASSUME_CUTS_CANNOT_CREATE_NEW_CONCEPTS': False,
  'CACHE_POTENTIAL_PURVIEWS': True,
  'CACHE_REPERTOIRES': True,
  'CACHE_SIAS': False,
  'CACHING_BACKEND': 'fs',
  'CLEAR_SUBSYSTEM_CACHES_AFTER_COMPUTING_SIA': False,
  'CUT_ONE_APPROXIMATION': False,
  'FS_CACHE_DIRECTORY': '__pyphi_cache__',
  'FS_CACHE_VERBOSITY': 0,
  'LOG_FILE': 'pyphi.log',
  'LOG_FILE_LEVEL': 'INFO',
  'LOG_STDOUT_LEVEL': 'WARNING',
  'MAXIMUM_CACHE_MEMORY_PERCENTAGE': 50,
  'MEASURE': 'EMD',
  'MONGODB_CONFIG': { 'collection_name': 'cache',
                      'database_name': 'pyphi',
                      'host': 'localhost',
                      'port': 27017},
  'NUMBER_OF_CORES': -1,
  'PARALLEL_COMPLEX_EVALUATION': False,
  'PARALLEL_CONCEPT_EVALUATION': False,
  'PARALLEL_CUT_EVALUATION': True,
  'PARTITION_TYPE': 'BI',
  'PICK_SMALLEST_PURVIEW': False,
  'PRECISION': 6,
  'PRINT_FRACTIONS': True,
  'PROGRESS_BARS': True,
  'REDIS_CACHE': False,
  'REDIS_CONFIG': {'db': 0, 'host': 'localhost', 'port': 6379, 'test_db': 1},
  'REPR_VERBOSITY': 2,
  'SINGLE_MICRO_NODES_WITH_SELFLOOPS_HAVE_PHI': False,
  'SYSTEM_CUTS': '3.0_STYLE',
  'USE_SMALL_PHI_DIFFERENCE_FOR_CES_DISTANCE': False,
  'VALIDATE_CONDITIONAL_INDEPENDENCE': True,
  'VALIDATE_SUBSYSTEM_STATES': True,
  'WELCOME_OFF': False}
2025-02-11 08:13:46,149 [bruteforce_analysis] INFO MainProcess: Log iniciado en 2025-02-11 08:13:46
Ubicacion completa: logs\2025\02\11_08hrs\bruteforce_analysis.log
Copia rapida: logs\latest_bruteforce_analysis.log
2025-02-11 08:26:53,491 [pyphi.conf] INFO MainProcess: PyPhi v1.2.0
2025-02-11 08:26:53,491 [pyphi.conf] INFO MainProcess: Using default configuration (no configuration file provided)
2025-02-11 08:26:53,491 [pyphi.conf] INFO MainProcess: Current PyPhi configuration:
 { 'ASSUME_CUTS_CANNOT_CREATE_NEW_CONCEPTS': False,
  'CACHE_POTENTIAL_PURVIEWS': True,
  'CACHE_REPERTOIRES': True,
  'CACHE_SIAS': False,
  'CACHING_BACKEND': 'fs',
  'CLEAR_SUBSYSTEM_CACHES_AFTER_COMPUTING_SIA': False,
  'CUT_ONE_APPROXIMATION': False,
  'FS_CACHE_DIRECTORY': '__pyphi_cache__',
  'FS_CACHE_VERBOSITY': 0,
  'LOG_FILE': 'pyphi.log',
  'LOG_FILE_LEVEL': 'INFO',
  'LOG_STDOUT_LEVEL': 'WARNING',
  'MAXIMUM_CACHE_MEMORY_PERCENTAGE': 50,
  'MEASURE': 'EMD',
  'MONGODB_CONFIG': { 'collection_name': 'cache',
                      'database_name': 'pyphi',
                      'host': 'localhost',
                      'port': 27017},
  'NUMBER_OF_CORES': -1,
  'PARALLEL_COMPLEX_EVALUATION': False,
  'PARALLEL_CONCEPT_EVALUATION': False,
  'PARALLEL_CUT_EVALUATION': True,
  'PARTITION_TYPE': 'BI',
  'PICK_SMALLEST_PURVIEW': False,
  'PRECISION': 6,
  'PRINT_FRACTIONS': True,
  'PROGRESS_BARS': True,
  'REDIS_CACHE': False,
  'REDIS_CONFIG': {'db': 0, 'host': 'localhost', 'port': 6379, 'test_db': 1},
  'REPR_VERBOSITY': 2,
  'SINGLE_MICRO_NODES_WITH_SELFLOOPS_HAVE_PHI': False,
  'SYSTEM_CUTS': '3.0_STYLE',
  'USE_SMALL_PHI_DIFFERENCE_FOR_CES_DISTANCE': False,
  'VALIDATE_CONDITIONAL_INDEPENDENCE': True,
  'VALIDATE_SUBSYSTEM_STATES': True,
  'WELCOME_OFF': False}
2025-02-11 08:26:54,426 [bruteforce_analysis] INFO MainProcess: Log iniciado en 2025-02-11 08:26:54
Ubicacion completa: logs\2025\02\11_08hrs\bruteforce_analysis.log
Copia rapida: logs\latest_bruteforce_analysis.log
2025-02-11 11:51:09,672 [pyphi.conf] INFO MainProcess: PyPhi v1.2.0
2025-02-11 11:51:09,672 [pyphi.conf] INFO MainProcess: Using default configuration (no configuration file provided)
2025-02-11 11:51:09,672 [pyphi.conf] INFO MainProcess: Current PyPhi configuration:
 { 'ASSUME_CUTS_CANNOT_CREATE_NEW_CONCEPTS': False,
  'CACHE_POTENTIAL_PURVIEWS': True,
  'CACHE_REPERTOIRES': True,
  'CACHE_SIAS': False,
  'CACHING_BACKEND': 'fs',
  'CLEAR_SUBSYSTEM_CACHES_AFTER_COMPUTING_SIA': False,
  'CUT_ONE_APPROXIMATION': False,
  'FS_CACHE_DIRECTORY': '__pyphi_cache__',
  'FS_CACHE_VERBOSITY': 0,
  'LOG_FILE': 'pyphi.log',
  'LOG_FILE_LEVEL': 'INFO',
  'LOG_STDOUT_LEVEL': 'WARNING',
  'MAXIMUM_CACHE_MEMORY_PERCENTAGE': 50,
  'MEASURE': 'EMD',
  'MONGODB_CONFIG': { 'collection_name': 'cache',
                      'database_name': 'pyphi',
                      'host': 'localhost',
                      'port': 27017},
  'NUMBER_OF_CORES': -1,
  'PARALLEL_COMPLEX_EVALUATION': False,
  'PARALLEL_CONCEPT_EVALUATION': False,
  'PARALLEL_CUT_EVALUATION': True,
  'PARTITION_TYPE': 'BI',
  'PICK_SMALLEST_PURVIEW': False,
  'PRECISION': 6,
  'PRINT_FRACTIONS': True,
  'PROGRESS_BARS': True,
  'REDIS_CACHE': False,
  'REDIS_CONFIG': {'db': 0, 'host': 'localhost', 'port': 6379, 'test_db': 1},
  'REPR_VERBOSITY': 2,
  'SINGLE_MICRO_NODES_WITH_SELFLOOPS_HAVE_PHI': False,
  'SYSTEM_CUTS': '3.0_STYLE',
  'USE_SMALL_PHI_DIFFERENCE_FOR_CES_DISTANCE': False,
  'VALIDATE_CONDITIONAL_INDEPENDENCE': True,
  'VALIDATE_SUBSYSTEM_STATES': True,
  'WELCOME_OFF': False}
2025-02-11 11:51:10,817 [bruteforce_analysis] INFO MainProcess: Log iniciado en 2025-02-11 11:51:10
Ubicacion completa: logs\2025\02\11_11hrs\bruteforce_analysis.log
Copia rapida: logs\latest_bruteforce_analysis.log
2025-02-11 12:09:20,598 [pyphi.conf] INFO MainProcess: PyPhi v1.2.0
2025-02-11 12:09:20,598 [pyphi.conf] INFO MainProcess: Using default configuration (no configuration file provided)
2025-02-11 12:09:20,598 [pyphi.conf] INFO MainProcess: Current PyPhi configuration:
 { 'ASSUME_CUTS_CANNOT_CREATE_NEW_CONCEPTS': False,
  'CACHE_POTENTIAL_PURVIEWS': True,
  'CACHE_REPERTOIRES': True,
  'CACHE_SIAS': False,
  'CACHING_BACKEND': 'fs',
  'CLEAR_SUBSYSTEM_CACHES_AFTER_COMPUTING_SIA': False,
  'CUT_ONE_APPROXIMATION': False,
  'FS_CACHE_DIRECTORY': '__pyphi_cache__',
  'FS_CACHE_VERBOSITY': 0,
  'LOG_FILE': 'pyphi.log',
  'LOG_FILE_LEVEL': 'INFO',
  'LOG_STDOUT_LEVEL': 'WARNING',
  'MAXIMUM_CACHE_MEMORY_PERCENTAGE': 50,
  'MEASURE': 'EMD',
  'MONGODB_CONFIG': { 'collection_name': 'cache',
                      'database_name': 'pyphi',
                      'host': 'localhost',
                      'port': 27017},
  'NUMBER_OF_CORES': -1,
  'PARALLEL_COMPLEX_EVALUATION': False,
  'PARALLEL_CONCEPT_EVALUATION': False,
  'PARALLEL_CUT_EVALUATION': True,
  'PARTITION_TYPE': 'BI',
  'PICK_SMALLEST_PURVIEW': False,
  'PRECISION': 6,
  'PRINT_FRACTIONS': True,
  'PROGRESS_BARS': True,
  'REDIS_CACHE': False,
  'REDIS_CONFIG': {'db': 0, 'host': 'localhost', 'port': 6379, 'test_db': 1},
  'REPR_VERBOSITY': 2,
  'SINGLE_MICRO_NODES_WITH_SELFLOOPS_HAVE_PHI': False,
  'SYSTEM_CUTS': '3.0_STYLE',
  'USE_SMALL_PHI_DIFFERENCE_FOR_CES_DISTANCE': False,
  'VALIDATE_CONDITIONAL_INDEPENDENCE': True,
  'VALIDATE_SUBSYSTEM_STATES': True,
  'WELCOME_OFF': False}
2025-02-11 12:09:21,446 [bruteforce_analysis] INFO MainProcess: Log iniciado en 2025-02-11 12:09:21
Ubicacion completa: logs\2025\02\11_12hrs\bruteforce_analysis.log
Copia rapida: logs\latest_bruteforce_analysis.log
2025-02-11 12:13:08,460 [pyphi.conf] INFO MainProcess: PyPhi v1.2.0
2025-02-11 12:13:08,460 [pyphi.conf] INFO MainProcess: Using default configuration (no configuration file provided)
2025-02-11 12:13:08,460 [pyphi.conf] INFO MainProcess: Current PyPhi configuration:
 { 'ASSUME_CUTS_CANNOT_CREATE_NEW_CONCEPTS': False,
  'CACHE_POTENTIAL_PURVIEWS': True,
  'CACHE_REPERTOIRES': True,
  'CACHE_SIAS': False,
  'CACHING_BACKEND': 'fs',
  'CLEAR_SUBSYSTEM_CACHES_AFTER_COMPUTING_SIA': False,
  'CUT_ONE_APPROXIMATION': False,
  'FS_CACHE_DIRECTORY': '__pyphi_cache__',
  'FS_CACHE_VERBOSITY': 0,
  'LOG_FILE': 'pyphi.log',
  'LOG_FILE_LEVEL': 'INFO',
  'LOG_STDOUT_LEVEL': 'WARNING',
  'MAXIMUM_CACHE_MEMORY_PERCENTAGE': 50,
  'MEASURE': 'EMD',
  'MONGODB_CONFIG': { 'collection_name': 'cache',
                      'database_name': 'pyphi',
                      'host': 'localhost',
                      'port': 27017},
  'NUMBER_OF_CORES': -1,
  'PARALLEL_COMPLEX_EVALUATION': False,
  'PARALLEL_CONCEPT_EVALUATION': False,
  'PARALLEL_CUT_EVALUATION': True,
  'PARTITION_TYPE': 'BI',
  'PICK_SMALLEST_PURVIEW': False,
  'PRECISION': 6,
  'PRINT_FRACTIONS': True,
  'PROGRESS_BARS': True,
  'REDIS_CACHE': False,
  'REDIS_CONFIG': {'db': 0, 'host': 'localhost', 'port': 6379, 'test_db': 1},
  'REPR_VERBOSITY': 2,
  'SINGLE_MICRO_NODES_WITH_SELFLOOPS_HAVE_PHI': False,
  'SYSTEM_CUTS': '3.0_STYLE',
  'USE_SMALL_PHI_DIFFERENCE_FOR_CES_DISTANCE': False,
  'VALIDATE_CONDITIONAL_INDEPENDENCE': True,
  'VALIDATE_SUBSYSTEM_STATES': True,
  'WELCOME_OFF': False}
2025-02-11 12:13:09,181 [bruteforce_analysis] INFO MainProcess: Log iniciado en 2025-02-11 12:13:09
Ubicacion completa: logs\2025\02\11_12hrs\bruteforce_analysis.log
Copia rapida: logs\latest_bruteforce_analysis.log
2025-02-11 12:13:52,528 [pyphi.conf] INFO MainProcess: PyPhi v1.2.0
2025-02-11 12:13:52,528 [pyphi.conf] INFO MainProcess: Using default configuration (no configuration file provided)
2025-02-11 12:13:52,528 [pyphi.conf] INFO MainProcess: Current PyPhi configuration:
 { 'ASSUME_CUTS_CANNOT_CREATE_NEW_CONCEPTS': False,
  'CACHE_POTENTIAL_PURVIEWS': True,
  'CACHE_REPERTOIRES': True,
  'CACHE_SIAS': False,
  'CACHING_BACKEND': 'fs',
  'CLEAR_SUBSYSTEM_CACHES_AFTER_COMPUTING_SIA': False,
  'CUT_ONE_APPROXIMATION': False,
  'FS_CACHE_DIRECTORY': '__pyphi_cache__',
  'FS_CACHE_VERBOSITY': 0,
  'LOG_FILE': 'pyphi.log',
  'LOG_FILE_LEVEL': 'INFO',
  'LOG_STDOUT_LEVEL': 'WARNING',
  'MAXIMUM_CACHE_MEMORY_PERCENTAGE': 50,
  'MEASURE': 'EMD',
  'MONGODB_CONFIG': { 'collection_name': 'cache',
                      'database_name': 'pyphi',
                      'host': 'localhost',
                      'port': 27017},
  'NUMBER_OF_CORES': -1,
  'PARALLEL_COMPLEX_EVALUATION': False,
  'PARALLEL_CONCEPT_EVALUATION': False,
  'PARALLEL_CUT_EVALUATION': True,
  'PARTITION_TYPE': 'BI',
  'PICK_SMALLEST_PURVIEW': False,
  'PRECISION': 6,
  'PRINT_FRACTIONS': True,
  'PROGRESS_BARS': True,
  'REDIS_CACHE': False,
  'REDIS_CONFIG': {'db': 0, 'host': 'localhost', 'port': 6379, 'test_db': 1},
  'REPR_VERBOSITY': 2,
  'SINGLE_MICRO_NODES_WITH_SELFLOOPS_HAVE_PHI': False,
  'SYSTEM_CUTS': '3.0_STYLE',
  'USE_SMALL_PHI_DIFFERENCE_FOR_CES_DISTANCE': False,
  'VALIDATE_CONDITIONAL_INDEPENDENCE': True,
  'VALIDATE_SUBSYSTEM_STATES': True,
  'WELCOME_OFF': False}
2025-02-11 12:13:53,258 [bruteforce_analysis] INFO MainProcess: Log iniciado en 2025-02-11 12:13:53
Ubicacion completa: logs\2025\02\11_12hrs\bruteforce_analysis.log
Copia rapida: logs\latest_bruteforce_analysis.log
2025-02-12 16:18:52,213 [pyphi.conf] INFO MainProcess: PyPhi v1.2.0
2025-02-12 16:18:52,213 [pyphi.conf] INFO MainProcess: Using default configuration (no configuration file provided)
2025-02-12 16:18:52,213 [pyphi.conf] INFO MainProcess: Current PyPhi configuration:
 { 'ASSUME_CUTS_CANNOT_CREATE_NEW_CONCEPTS': False,
  'CACHE_POTENTIAL_PURVIEWS': True,
  'CACHE_REPERTOIRES': True,
  'CACHE_SIAS': False,
  'CACHING_BACKEND': 'fs',
  'CLEAR_SUBSYSTEM_CACHES_AFTER_COMPUTING_SIA': False,
  'CUT_ONE_APPROXIMATION': False,
  'FS_CACHE_DIRECTORY': '__pyphi_cache__',
  'FS_CACHE_VERBOSITY': 0,
  'LOG_FILE': 'pyphi.log',
  'LOG_FILE_LEVEL': 'INFO',
  'LOG_STDOUT_LEVEL': 'WARNING',
  'MAXIMUM_CACHE_MEMORY_PERCENTAGE': 50,
  'MEASURE': 'EMD',
  'MONGODB_CONFIG': { 'collection_name': 'cache',
                      'database_name': 'pyphi',
                      'host': 'localhost',
                      'port': 27017},
  'NUMBER_OF_CORES': -1,
  'PARALLEL_COMPLEX_EVALUATION': False,
  'PARALLEL_CONCEPT_EVALUATION': False,
  'PARALLEL_CUT_EVALUATION': True,
  'PARTITION_TYPE': 'BI',
  'PICK_SMALLEST_PURVIEW': False,
  'PRECISION': 6,
  'PRINT_FRACTIONS': True,
  'PROGRESS_BARS': True,
  'REDIS_CACHE': False,
  'REDIS_CONFIG': {'db': 0, 'host': 'localhost', 'port': 6379, 'test_db': 1},
  'REPR_VERBOSITY': 2,
  'SINGLE_MICRO_NODES_WITH_SELFLOOPS_HAVE_PHI': False,
  'SYSTEM_CUTS': '3.0_STYLE',
  'USE_SMALL_PHI_DIFFERENCE_FOR_CES_DISTANCE': False,
  'VALIDATE_CONDITIONAL_INDEPENDENCE': True,
  'VALIDATE_SUBSYSTEM_STATES': True,
  'WELCOME_OFF': False}
2025-02-12 16:18:57,873 [bruteforce_analysis] INFO MainProcess: Log iniciado en 2025-02-12 16:18:57
Ubicacion completa: logs\2025\02\12_16hrs\bruteforce_analysis.log
Copia rapida: logs\latest_bruteforce_analysis.log
2025-02-12 16:20:33,498 [pyphi.conf] INFO MainProcess: PyPhi v1.2.0
2025-02-12 16:20:33,498 [pyphi.conf] INFO MainProcess: Using default configuration (no configuration file provided)
2025-02-12 16:20:33,498 [pyphi.conf] INFO MainProcess: Current PyPhi configuration:
 { 'ASSUME_CUTS_CANNOT_CREATE_NEW_CONCEPTS': False,
  'CACHE_POTENTIAL_PURVIEWS': True,
  'CACHE_REPERTOIRES': True,
  'CACHE_SIAS': False,
  'CACHING_BACKEND': 'fs',
  'CLEAR_SUBSYSTEM_CACHES_AFTER_COMPUTING_SIA': False,
  'CUT_ONE_APPROXIMATION': False,
  'FS_CACHE_DIRECTORY': '__pyphi_cache__',
  'FS_CACHE_VERBOSITY': 0,
  'LOG_FILE': 'pyphi.log',
  'LOG_FILE_LEVEL': 'INFO',
  'LOG_STDOUT_LEVEL': 'WARNING',
  'MAXIMUM_CACHE_MEMORY_PERCENTAGE': 50,
  'MEASURE': 'EMD',
  'MONGODB_CONFIG': { 'collection_name': 'cache',
                      'database_name': 'pyphi',
                      'host': 'localhost',
                      'port': 27017},
  'NUMBER_OF_CORES': -1,
  'PARALLEL_COMPLEX_EVALUATION': False,
  'PARALLEL_CONCEPT_EVALUATION': False,
  'PARALLEL_CUT_EVALUATION': True,
  'PARTITION_TYPE': 'BI',
  'PICK_SMALLEST_PURVIEW': False,
  'PRECISION': 6,
  'PRINT_FRACTIONS': True,
  'PROGRESS_BARS': True,
  'REDIS_CACHE': False,
  'REDIS_CONFIG': {'db': 0, 'host': 'localhost', 'port': 6379, 'test_db': 1},
  'REPR_VERBOSITY': 2,
  'SINGLE_MICRO_NODES_WITH_SELFLOOPS_HAVE_PHI': False,
  'SYSTEM_CUTS': '3.0_STYLE',
  'USE_SMALL_PHI_DIFFERENCE_FOR_CES_DISTANCE': False,
  'VALIDATE_CONDITIONAL_INDEPENDENCE': True,
  'VALIDATE_SUBSYSTEM_STATES': True,
  'WELCOME_OFF': False}
2025-02-12 16:20:34,710 [bruteforce_analysis] INFO MainProcess: Log iniciado en 2025-02-12 16:20:34
Ubicacion completa: logs\2025\02\12_16hrs\bruteforce_analysis.log
Copia rapida: logs\latest_bruteforce_analysis.log
2025-02-12 16:36:36,762 [pyphi.conf] INFO MainProcess: PyPhi v1.2.0
2025-02-12 16:36:36,762 [pyphi.conf] INFO MainProcess: Using default configuration (no configuration file provided)
2025-02-12 16:36:36,762 [pyphi.conf] INFO MainProcess: Current PyPhi configuration:
 { 'ASSUME_CUTS_CANNOT_CREATE_NEW_CONCEPTS': False,
  'CACHE_POTENTIAL_PURVIEWS': True,
  'CACHE_REPERTOIRES': True,
  'CACHE_SIAS': False,
  'CACHING_BACKEND': 'fs',
  'CLEAR_SUBSYSTEM_CACHES_AFTER_COMPUTING_SIA': False,
  'CUT_ONE_APPROXIMATION': False,
  'FS_CACHE_DIRECTORY': '__pyphi_cache__',
  'FS_CACHE_VERBOSITY': 0,
  'LOG_FILE': 'pyphi.log',
  'LOG_FILE_LEVEL': 'INFO',
  'LOG_STDOUT_LEVEL': 'WARNING',
  'MAXIMUM_CACHE_MEMORY_PERCENTAGE': 50,
  'MEASURE': 'EMD',
  'MONGODB_CONFIG': { 'collection_name': 'cache',
                      'database_name': 'pyphi',
                      'host': 'localhost',
                      'port': 27017},
  'NUMBER_OF_CORES': -1,
  'PARALLEL_COMPLEX_EVALUATION': False,
  'PARALLEL_CONCEPT_EVALUATION': False,
  'PARALLEL_CUT_EVALUATION': True,
  'PARTITION_TYPE': 'BI',
  'PICK_SMALLEST_PURVIEW': False,
  'PRECISION': 6,
  'PRINT_FRACTIONS': True,
  'PROGRESS_BARS': True,
  'REDIS_CACHE': False,
  'REDIS_CONFIG': {'db': 0, 'host': 'localhost', 'port': 6379, 'test_db': 1},
  'REPR_VERBOSITY': 2,
  'SINGLE_MICRO_NODES_WITH_SELFLOOPS_HAVE_PHI': False,
  'SYSTEM_CUTS': '3.0_STYLE',
  'USE_SMALL_PHI_DIFFERENCE_FOR_CES_DISTANCE': False,
  'VALIDATE_CONDITIONAL_INDEPENDENCE': True,
  'VALIDATE_SUBSYSTEM_STATES': True,
  'WELCOME_OFF': False}
2025-02-12 16:36:38,142 [bruteforce_analysis] INFO MainProcess: Log iniciado en 2025-02-12 16:36:38
Ubicacion completa: logs\2025\02\12_16hrs\bruteforce_analysis.log
Copia rapida: logs\latest_bruteforce_analysis.log
2025-02-12 17:04:00,587 [pyphi.conf] INFO MainProcess: PyPhi v1.2.0
2025-02-12 17:04:00,587 [pyphi.conf] INFO MainProcess: Using default configuration (no configuration file provided)
2025-02-12 17:04:00,587 [pyphi.conf] INFO MainProcess: Current PyPhi configuration:
 { 'ASSUME_CUTS_CANNOT_CREATE_NEW_CONCEPTS': False,
  'CACHE_POTENTIAL_PURVIEWS': True,
  'CACHE_REPERTOIRES': True,
  'CACHE_SIAS': False,
  'CACHING_BACKEND': 'fs',
  'CLEAR_SUBSYSTEM_CACHES_AFTER_COMPUTING_SIA': False,
  'CUT_ONE_APPROXIMATION': False,
  'FS_CACHE_DIRECTORY': '__pyphi_cache__',
  'FS_CACHE_VERBOSITY': 0,
  'LOG_FILE': 'pyphi.log',
  'LOG_FILE_LEVEL': 'INFO',
  'LOG_STDOUT_LEVEL': 'WARNING',
  'MAXIMUM_CACHE_MEMORY_PERCENTAGE': 50,
  'MEASURE': 'EMD',
  'MONGODB_CONFIG': { 'collection_name': 'cache',
                      'database_name': 'pyphi',
                      'host': 'localhost',
                      'port': 27017},
  'NUMBER_OF_CORES': -1,
  'PARALLEL_COMPLEX_EVALUATION': False,
  'PARALLEL_CONCEPT_EVALUATION': False,
  'PARALLEL_CUT_EVALUATION': True,
  'PARTITION_TYPE': 'BI',
  'PICK_SMALLEST_PURVIEW': False,
  'PRECISION': 6,
  'PRINT_FRACTIONS': True,
  'PROGRESS_BARS': True,
  'REDIS_CACHE': False,
  'REDIS_CONFIG': {'db': 0, 'host': 'localhost', 'port': 6379, 'test_db': 1},
  'REPR_VERBOSITY': 2,
  'SINGLE_MICRO_NODES_WITH_SELFLOOPS_HAVE_PHI': False,
  'SYSTEM_CUTS': '3.0_STYLE',
  'USE_SMALL_PHI_DIFFERENCE_FOR_CES_DISTANCE': False,
  'VALIDATE_CONDITIONAL_INDEPENDENCE': True,
  'VALIDATE_SUBSYSTEM_STATES': True,
  'WELCOME_OFF': False}
2025-02-12 17:04:02,396 [bruteforce_analysis] INFO MainProcess: Log iniciado en 2025-02-12 17:04:02
Ubicacion completa: logs\2025\02\12_17hrs\bruteforce_analysis.log
Copia rapida: logs\latest_bruteforce_analysis.log
2025-02-12 17:24:54,420 [pyphi.conf] INFO MainProcess: PyPhi v1.2.0
2025-02-12 17:24:54,420 [pyphi.conf] INFO MainProcess: Using default configuration (no configuration file provided)
2025-02-12 17:24:54,420 [pyphi.conf] INFO MainProcess: Current PyPhi configuration:
 { 'ASSUME_CUTS_CANNOT_CREATE_NEW_CONCEPTS': False,
  'CACHE_POTENTIAL_PURVIEWS': True,
  'CACHE_REPERTOIRES': True,
  'CACHE_SIAS': False,
  'CACHING_BACKEND': 'fs',
  'CLEAR_SUBSYSTEM_CACHES_AFTER_COMPUTING_SIA': False,
  'CUT_ONE_APPROXIMATION': False,
  'FS_CACHE_DIRECTORY': '__pyphi_cache__',
  'FS_CACHE_VERBOSITY': 0,
  'LOG_FILE': 'pyphi.log',
  'LOG_FILE_LEVEL': 'INFO',
  'LOG_STDOUT_LEVEL': 'WARNING',
  'MAXIMUM_CACHE_MEMORY_PERCENTAGE': 50,
  'MEASURE': 'EMD',
  'MONGODB_CONFIG': { 'collection_name': 'cache',
                      'database_name': 'pyphi',
                      'host': 'localhost',
                      'port': 27017},
  'NUMBER_OF_CORES': -1,
  'PARALLEL_COMPLEX_EVALUATION': False,
  'PARALLEL_CONCEPT_EVALUATION': False,
  'PARALLEL_CUT_EVALUATION': True,
  'PARTITION_TYPE': 'BI',
  'PICK_SMALLEST_PURVIEW': False,
  'PRECISION': 6,
  'PRINT_FRACTIONS': True,
  'PROGRESS_BARS': True,
  'REDIS_CACHE': False,
  'REDIS_CONFIG': {'db': 0, 'host': 'localhost', 'port': 6379, 'test_db': 1},
  'REPR_VERBOSITY': 2,
  'SINGLE_MICRO_NODES_WITH_SELFLOOPS_HAVE_PHI': False,
  'SYSTEM_CUTS': '3.0_STYLE',
  'USE_SMALL_PHI_DIFFERENCE_FOR_CES_DISTANCE': False,
  'VALIDATE_CONDITIONAL_INDEPENDENCE': True,
  'VALIDATE_SUBSYSTEM_STATES': True,
  'WELCOME_OFF': False}
2025-02-12 17:24:55,731 [bruteforce_analysis] INFO MainProcess: Log iniciado en 2025-02-12 17:24:55
Ubicacion completa: logs\2025\02\12_17hrs\bruteforce_analysis.log
Copia rapida: logs\latest_bruteforce_analysis.log
2025-02-12 17:29:08,718 [pyphi.conf] INFO MainProcess: PyPhi v1.2.0
2025-02-12 17:29:08,718 [pyphi.conf] INFO MainProcess: Using default configuration (no configuration file provided)
2025-02-12 17:29:08,719 [pyphi.conf] INFO MainProcess: Current PyPhi configuration:
 { 'ASSUME_CUTS_CANNOT_CREATE_NEW_CONCEPTS': False,
  'CACHE_POTENTIAL_PURVIEWS': True,
  'CACHE_REPERTOIRES': True,
  'CACHE_SIAS': False,
  'CACHING_BACKEND': 'fs',
  'CLEAR_SUBSYSTEM_CACHES_AFTER_COMPUTING_SIA': False,
  'CUT_ONE_APPROXIMATION': False,
  'FS_CACHE_DIRECTORY': '__pyphi_cache__',
  'FS_CACHE_VERBOSITY': 0,
  'LOG_FILE': 'pyphi.log',
  'LOG_FILE_LEVEL': 'INFO',
  'LOG_STDOUT_LEVEL': 'WARNING',
  'MAXIMUM_CACHE_MEMORY_PERCENTAGE': 50,
  'MEASURE': 'EMD',
  'MONGODB_CONFIG': { 'collection_name': 'cache',
                      'database_name': 'pyphi',
                      'host': 'localhost',
                      'port': 27017},
  'NUMBER_OF_CORES': -1,
  'PARALLEL_COMPLEX_EVALUATION': False,
  'PARALLEL_CONCEPT_EVALUATION': False,
  'PARALLEL_CUT_EVALUATION': True,
  'PARTITION_TYPE': 'BI',
  'PICK_SMALLEST_PURVIEW': False,
  'PRECISION': 6,
  'PRINT_FRACTIONS': True,
  'PROGRESS_BARS': True,
  'REDIS_CACHE': False,
  'REDIS_CONFIG': {'db': 0, 'host': 'localhost', 'port': 6379, 'test_db': 1},
  'REPR_VERBOSITY': 2,
  'SINGLE_MICRO_NODES_WITH_SELFLOOPS_HAVE_PHI': False,
  'SYSTEM_CUTS': '3.0_STYLE',
  'USE_SMALL_PHI_DIFFERENCE_FOR_CES_DISTANCE': False,
  'VALIDATE_CONDITIONAL_INDEPENDENCE': True,
  'VALIDATE_SUBSYSTEM_STATES': True,
  'WELCOME_OFF': False}
2025-02-12 17:29:09,678 [bruteforce_analysis] INFO MainProcess: Log iniciado en 2025-02-12 17:29:09
Ubicacion completa: logs\2025\02\12_17hrs\bruteforce_analysis.log
Copia rapida: logs\latest_bruteforce_analysis.log
2025-02-12 17:33:30,204 [pyphi.conf] INFO MainProcess: PyPhi v1.2.0
2025-02-12 17:33:30,204 [pyphi.conf] INFO MainProcess: Using default configuration (no configuration file provided)
2025-02-12 17:33:30,204 [pyphi.conf] INFO MainProcess: Current PyPhi configuration:
 { 'ASSUME_CUTS_CANNOT_CREATE_NEW_CONCEPTS': False,
  'CACHE_POTENTIAL_PURVIEWS': True,
  'CACHE_REPERTOIRES': True,
  'CACHE_SIAS': False,
  'CACHING_BACKEND': 'fs',
  'CLEAR_SUBSYSTEM_CACHES_AFTER_COMPUTING_SIA': False,
  'CUT_ONE_APPROXIMATION': False,
  'FS_CACHE_DIRECTORY': '__pyphi_cache__',
  'FS_CACHE_VERBOSITY': 0,
  'LOG_FILE': 'pyphi.log',
  'LOG_FILE_LEVEL': 'INFO',
  'LOG_STDOUT_LEVEL': 'WARNING',
  'MAXIMUM_CACHE_MEMORY_PERCENTAGE': 50,
  'MEASURE': 'EMD',
  'MONGODB_CONFIG': { 'collection_name': 'cache',
                      'database_name': 'pyphi',
                      'host': 'localhost',
                      'port': 27017},
  'NUMBER_OF_CORES': -1,
  'PARALLEL_COMPLEX_EVALUATION': False,
  'PARALLEL_CONCEPT_EVALUATION': False,
  'PARALLEL_CUT_EVALUATION': True,
  'PARTITION_TYPE': 'BI',
  'PICK_SMALLEST_PURVIEW': False,
  'PRECISION': 6,
  'PRINT_FRACTIONS': True,
  'PROGRESS_BARS': True,
  'REDIS_CACHE': False,
  'REDIS_CONFIG': {'db': 0, 'host': 'localhost', 'port': 6379, 'test_db': 1},
  'REPR_VERBOSITY': 2,
  'SINGLE_MICRO_NODES_WITH_SELFLOOPS_HAVE_PHI': False,
  'SYSTEM_CUTS': '3.0_STYLE',
  'USE_SMALL_PHI_DIFFERENCE_FOR_CES_DISTANCE': False,
  'VALIDATE_CONDITIONAL_INDEPENDENCE': True,
  'VALIDATE_SUBSYSTEM_STATES': True,
  'WELCOME_OFF': False}
2025-02-12 17:33:31,335 [bruteforce_analysis] INFO MainProcess: Log iniciado en 2025-02-12 17:33:31
Ubicacion completa: logs\2025\02\12_17hrs\bruteforce_analysis.log
Copia rapida: logs\latest_bruteforce_analysis.log
2025-02-12 17:35:07,899 [pyphi.conf] INFO MainProcess: PyPhi v1.2.0
2025-02-12 17:35:07,899 [pyphi.conf] INFO MainProcess: Using default configuration (no configuration file provided)
2025-02-12 17:35:07,899 [pyphi.conf] INFO MainProcess: Current PyPhi configuration:
 { 'ASSUME_CUTS_CANNOT_CREATE_NEW_CONCEPTS': False,
  'CACHE_POTENTIAL_PURVIEWS': True,
  'CACHE_REPERTOIRES': True,
  'CACHE_SIAS': False,
  'CACHING_BACKEND': 'fs',
  'CLEAR_SUBSYSTEM_CACHES_AFTER_COMPUTING_SIA': False,
  'CUT_ONE_APPROXIMATION': False,
  'FS_CACHE_DIRECTORY': '__pyphi_cache__',
  'FS_CACHE_VERBOSITY': 0,
  'LOG_FILE': 'pyphi.log',
  'LOG_FILE_LEVEL': 'INFO',
  'LOG_STDOUT_LEVEL': 'WARNING',
  'MAXIMUM_CACHE_MEMORY_PERCENTAGE': 50,
  'MEASURE': 'EMD',
  'MONGODB_CONFIG': { 'collection_name': 'cache',
                      'database_name': 'pyphi',
                      'host': 'localhost',
                      'port': 27017},
  'NUMBER_OF_CORES': -1,
  'PARALLEL_COMPLEX_EVALUATION': False,
  'PARALLEL_CONCEPT_EVALUATION': False,
  'PARALLEL_CUT_EVALUATION': True,
  'PARTITION_TYPE': 'BI',
  'PICK_SMALLEST_PURVIEW': False,
  'PRECISION': 6,
  'PRINT_FRACTIONS': True,
  'PROGRESS_BARS': True,
  'REDIS_CACHE': False,
  'REDIS_CONFIG': {'db': 0, 'host': 'localhost', 'port': 6379, 'test_db': 1},
  'REPR_VERBOSITY': 2,
  'SINGLE_MICRO_NODES_WITH_SELFLOOPS_HAVE_PHI': False,
  'SYSTEM_CUTS': '3.0_STYLE',
  'USE_SMALL_PHI_DIFFERENCE_FOR_CES_DISTANCE': False,
  'VALIDATE_CONDITIONAL_INDEPENDENCE': True,
  'VALIDATE_SUBSYSTEM_STATES': True,
  'WELCOME_OFF': False}
2025-02-12 17:35:08,984 [bruteforce_analysis] INFO MainProcess: Log iniciado en 2025-02-12 17:35:08
Ubicacion completa: logs\2025\02\12_17hrs\bruteforce_analysis.log
Copia rapida: logs\latest_bruteforce_analysis.log
2025-02-12 18:00:43,529 [pyphi.conf] INFO MainProcess: PyPhi v1.2.0
2025-02-12 18:00:43,529 [pyphi.conf] INFO MainProcess: Using default configuration (no configuration file provided)
2025-02-12 18:00:43,529 [pyphi.conf] INFO MainProcess: Current PyPhi configuration:
 { 'ASSUME_CUTS_CANNOT_CREATE_NEW_CONCEPTS': False,
  'CACHE_POTENTIAL_PURVIEWS': True,
  'CACHE_REPERTOIRES': True,
  'CACHE_SIAS': False,
  'CACHING_BACKEND': 'fs',
  'CLEAR_SUBSYSTEM_CACHES_AFTER_COMPUTING_SIA': False,
  'CUT_ONE_APPROXIMATION': False,
  'FS_CACHE_DIRECTORY': '__pyphi_cache__',
  'FS_CACHE_VERBOSITY': 0,
  'LOG_FILE': 'pyphi.log',
  'LOG_FILE_LEVEL': 'INFO',
  'LOG_STDOUT_LEVEL': 'WARNING',
  'MAXIMUM_CACHE_MEMORY_PERCENTAGE': 50,
  'MEASURE': 'EMD',
  'MONGODB_CONFIG': { 'collection_name': 'cache',
                      'database_name': 'pyphi',
                      'host': 'localhost',
                      'port': 27017},
  'NUMBER_OF_CORES': -1,
  'PARALLEL_COMPLEX_EVALUATION': False,
  'PARALLEL_CONCEPT_EVALUATION': False,
  'PARALLEL_CUT_EVALUATION': True,
  'PARTITION_TYPE': 'BI',
  'PICK_SMALLEST_PURVIEW': False,
  'PRECISION': 6,
  'PRINT_FRACTIONS': True,
  'PROGRESS_BARS': True,
  'REDIS_CACHE': False,
  'REDIS_CONFIG': {'db': 0, 'host': 'localhost', 'port': 6379, 'test_db': 1},
  'REPR_VERBOSITY': 2,
  'SINGLE_MICRO_NODES_WITH_SELFLOOPS_HAVE_PHI': False,
  'SYSTEM_CUTS': '3.0_STYLE',
  'USE_SMALL_PHI_DIFFERENCE_FOR_CES_DISTANCE': False,
  'VALIDATE_CONDITIONAL_INDEPENDENCE': True,
  'VALIDATE_SUBSYSTEM_STATES': True,
  'WELCOME_OFF': False}
2025-02-12 18:00:45,158 [bruteforce_analysis] INFO MainProcess: Log iniciado en 2025-02-12 18:00:45
Ubicacion completa: logs\2025\02\12_18hrs\bruteforce_analysis.log
Copia rapida: logs\latest_bruteforce_analysis.log
2025-02-12 18:22:53,131 [pyphi.conf] INFO MainProcess: PyPhi v1.2.0
2025-02-12 18:22:53,131 [pyphi.conf] INFO MainProcess: Using default configuration (no configuration file provided)
2025-02-12 18:22:53,131 [pyphi.conf] INFO MainProcess: Current PyPhi configuration:
 { 'ASSUME_CUTS_CANNOT_CREATE_NEW_CONCEPTS': False,
  'CACHE_POTENTIAL_PURVIEWS': True,
  'CACHE_REPERTOIRES': True,
  'CACHE_SIAS': False,
  'CACHING_BACKEND': 'fs',
  'CLEAR_SUBSYSTEM_CACHES_AFTER_COMPUTING_SIA': False,
  'CUT_ONE_APPROXIMATION': False,
  'FS_CACHE_DIRECTORY': '__pyphi_cache__',
  'FS_CACHE_VERBOSITY': 0,
  'LOG_FILE': 'pyphi.log',
  'LOG_FILE_LEVEL': 'INFO',
  'LOG_STDOUT_LEVEL': 'WARNING',
  'MAXIMUM_CACHE_MEMORY_PERCENTAGE': 50,
  'MEASURE': 'EMD',
  'MONGODB_CONFIG': { 'collection_name': 'cache',
                      'database_name': 'pyphi',
                      'host': 'localhost',
                      'port': 27017},
  'NUMBER_OF_CORES': -1,
  'PARALLEL_COMPLEX_EVALUATION': False,
  'PARALLEL_CONCEPT_EVALUATION': False,
  'PARALLEL_CUT_EVALUATION': True,
  'PARTITION_TYPE': 'BI',
  'PICK_SMALLEST_PURVIEW': False,
  'PRECISION': 6,
  'PRINT_FRACTIONS': True,
  'PROGRESS_BARS': True,
  'REDIS_CACHE': False,
  'REDIS_CONFIG': {'db': 0, 'host': 'localhost', 'port': 6379, 'test_db': 1},
  'REPR_VERBOSITY': 2,
  'SINGLE_MICRO_NODES_WITH_SELFLOOPS_HAVE_PHI': False,
  'SYSTEM_CUTS': '3.0_STYLE',
  'USE_SMALL_PHI_DIFFERENCE_FOR_CES_DISTANCE': False,
  'VALIDATE_CONDITIONAL_INDEPENDENCE': True,
  'VALIDATE_SUBSYSTEM_STATES': True,
  'WELCOME_OFF': False}
2025-02-12 18:22:58,404 [bruteforce_analysis] INFO MainProcess: Log iniciado en 2025-02-12 18:22:58
Ubicacion completa: logs\2025\02\12_18hrs\bruteforce_analysis.log
Copia rapida: logs\latest_bruteforce_analysis.log
2025-02-12 18:25:02,954 [pyphi.conf] INFO MainProcess: PyPhi v1.2.0
2025-02-12 18:25:02,954 [pyphi.conf] INFO MainProcess: Using default configuration (no configuration file provided)
2025-02-12 18:25:02,954 [pyphi.conf] INFO MainProcess: Current PyPhi configuration:
 { 'ASSUME_CUTS_CANNOT_CREATE_NEW_CONCEPTS': False,
  'CACHE_POTENTIAL_PURVIEWS': True,
  'CACHE_REPERTOIRES': True,
  'CACHE_SIAS': False,
  'CACHING_BACKEND': 'fs',
  'CLEAR_SUBSYSTEM_CACHES_AFTER_COMPUTING_SIA': False,
  'CUT_ONE_APPROXIMATION': False,
  'FS_CACHE_DIRECTORY': '__pyphi_cache__',
  'FS_CACHE_VERBOSITY': 0,
  'LOG_FILE': 'pyphi.log',
  'LOG_FILE_LEVEL': 'INFO',
  'LOG_STDOUT_LEVEL': 'WARNING',
  'MAXIMUM_CACHE_MEMORY_PERCENTAGE': 50,
  'MEASURE': 'EMD',
  'MONGODB_CONFIG': { 'collection_name': 'cache',
                      'database_name': 'pyphi',
                      'host': 'localhost',
                      'port': 27017},
  'NUMBER_OF_CORES': -1,
  'PARALLEL_COMPLEX_EVALUATION': False,
  'PARALLEL_CONCEPT_EVALUATION': False,
  'PARALLEL_CUT_EVALUATION': True,
  'PARTITION_TYPE': 'BI',
  'PICK_SMALLEST_PURVIEW': False,
  'PRECISION': 6,
  'PRINT_FRACTIONS': True,
  'PROGRESS_BARS': True,
  'REDIS_CACHE': False,
  'REDIS_CONFIG': {'db': 0, 'host': 'localhost', 'port': 6379, 'test_db': 1},
  'REPR_VERBOSITY': 2,
  'SINGLE_MICRO_NODES_WITH_SELFLOOPS_HAVE_PHI': False,
  'SYSTEM_CUTS': '3.0_STYLE',
  'USE_SMALL_PHI_DIFFERENCE_FOR_CES_DISTANCE': False,
  'VALIDATE_CONDITIONAL_INDEPENDENCE': True,
  'VALIDATE_SUBSYSTEM_STATES': True,
  'WELCOME_OFF': False}
2025-02-12 18:25:03,725 [bruteforce_analysis] INFO MainProcess: Log iniciado en 2025-02-12 18:25:03
Ubicacion completa: logs\2025\02\12_18hrs\bruteforce_analysis.log
Copia rapida: logs\latest_bruteforce_analysis.log
2025-02-12 18:26:58,215 [pyphi.conf] INFO MainProcess: PyPhi v1.2.0
2025-02-12 18:26:58,215 [pyphi.conf] INFO MainProcess: Using default configuration (no configuration file provided)
2025-02-12 18:26:58,215 [pyphi.conf] INFO MainProcess: Current PyPhi configuration:
 { 'ASSUME_CUTS_CANNOT_CREATE_NEW_CONCEPTS': False,
  'CACHE_POTENTIAL_PURVIEWS': True,
  'CACHE_REPERTOIRES': True,
  'CACHE_SIAS': False,
  'CACHING_BACKEND': 'fs',
  'CLEAR_SUBSYSTEM_CACHES_AFTER_COMPUTING_SIA': False,
  'CUT_ONE_APPROXIMATION': False,
  'FS_CACHE_DIRECTORY': '__pyphi_cache__',
  'FS_CACHE_VERBOSITY': 0,
  'LOG_FILE': 'pyphi.log',
  'LOG_FILE_LEVEL': 'INFO',
  'LOG_STDOUT_LEVEL': 'WARNING',
  'MAXIMUM_CACHE_MEMORY_PERCENTAGE': 50,
  'MEASURE': 'EMD',
  'MONGODB_CONFIG': { 'collection_name': 'cache',
                      'database_name': 'pyphi',
                      'host': 'localhost',
                      'port': 27017},
  'NUMBER_OF_CORES': -1,
  'PARALLEL_COMPLEX_EVALUATION': False,
  'PARALLEL_CONCEPT_EVALUATION': False,
  'PARALLEL_CUT_EVALUATION': True,
  'PARTITION_TYPE': 'BI',
  'PICK_SMALLEST_PURVIEW': False,
  'PRECISION': 6,
  'PRINT_FRACTIONS': True,
  'PROGRESS_BARS': True,
  'REDIS_CACHE': False,
  'REDIS_CONFIG': {'db': 0, 'host': 'localhost', 'port': 6379, 'test_db': 1},
  'REPR_VERBOSITY': 2,
  'SINGLE_MICRO_NODES_WITH_SELFLOOPS_HAVE_PHI': False,
  'SYSTEM_CUTS': '3.0_STYLE',
  'USE_SMALL_PHI_DIFFERENCE_FOR_CES_DISTANCE': False,
  'VALIDATE_CONDITIONAL_INDEPENDENCE': True,
  'VALIDATE_SUBSYSTEM_STATES': True,
  'WELCOME_OFF': False}
2025-02-12 18:26:58,982 [bruteforce_analysis] INFO MainProcess: Log iniciado en 2025-02-12 18:26:58
Ubicacion completa: logs\2025\02\12_18hrs\bruteforce_analysis.log
Copia rapida: logs\latest_bruteforce_analysis.log
2025-02-12 18:30:07,069 [pyphi.conf] INFO MainProcess: PyPhi v1.2.0
2025-02-12 18:30:07,069 [pyphi.conf] INFO MainProcess: Using default configuration (no configuration file provided)
2025-02-12 18:30:07,069 [pyphi.conf] INFO MainProcess: Current PyPhi configuration:
 { 'ASSUME_CUTS_CANNOT_CREATE_NEW_CONCEPTS': False,
  'CACHE_POTENTIAL_PURVIEWS': True,
  'CACHE_REPERTOIRES': True,
  'CACHE_SIAS': False,
  'CACHING_BACKEND': 'fs',
  'CLEAR_SUBSYSTEM_CACHES_AFTER_COMPUTING_SIA': False,
  'CUT_ONE_APPROXIMATION': False,
  'FS_CACHE_DIRECTORY': '__pyphi_cache__',
  'FS_CACHE_VERBOSITY': 0,
  'LOG_FILE': 'pyphi.log',
  'LOG_FILE_LEVEL': 'INFO',
  'LOG_STDOUT_LEVEL': 'WARNING',
  'MAXIMUM_CACHE_MEMORY_PERCENTAGE': 50,
  'MEASURE': 'EMD',
  'MONGODB_CONFIG': { 'collection_name': 'cache',
                      'database_name': 'pyphi',
                      'host': 'localhost',
                      'port': 27017},
  'NUMBER_OF_CORES': -1,
  'PARALLEL_COMPLEX_EVALUATION': False,
  'PARALLEL_CONCEPT_EVALUATION': False,
  'PARALLEL_CUT_EVALUATION': True,
  'PARTITION_TYPE': 'BI',
  'PICK_SMALLEST_PURVIEW': False,
  'PRECISION': 6,
  'PRINT_FRACTIONS': True,
  'PROGRESS_BARS': True,
  'REDIS_CACHE': False,
  'REDIS_CONFIG': {'db': 0, 'host': 'localhost', 'port': 6379, 'test_db': 1},
  'REPR_VERBOSITY': 2,
  'SINGLE_MICRO_NODES_WITH_SELFLOOPS_HAVE_PHI': False,
  'SYSTEM_CUTS': '3.0_STYLE',
  'USE_SMALL_PHI_DIFFERENCE_FOR_CES_DISTANCE': False,
  'VALIDATE_CONDITIONAL_INDEPENDENCE': True,
  'VALIDATE_SUBSYSTEM_STATES': True,
  'WELCOME_OFF': False}
2025-02-12 18:30:07,901 [bruteforce_analysis] INFO MainProcess: Log iniciado en 2025-02-12 18:30:07
Ubicacion completa: logs\2025\02\12_18hrs\bruteforce_analysis.log
Copia rapida: logs\latest_bruteforce_analysis.log
2025-02-12 18:31:09,895 [pyphi.conf] INFO MainProcess: PyPhi v1.2.0
2025-02-12 18:31:09,895 [pyphi.conf] INFO MainProcess: Using default configuration (no configuration file provided)
2025-02-12 18:31:09,895 [pyphi.conf] INFO MainProcess: Current PyPhi configuration:
 { 'ASSUME_CUTS_CANNOT_CREATE_NEW_CONCEPTS': False,
  'CACHE_POTENTIAL_PURVIEWS': True,
  'CACHE_REPERTOIRES': True,
  'CACHE_SIAS': False,
  'CACHING_BACKEND': 'fs',
  'CLEAR_SUBSYSTEM_CACHES_AFTER_COMPUTING_SIA': False,
  'CUT_ONE_APPROXIMATION': False,
  'FS_CACHE_DIRECTORY': '__pyphi_cache__',
  'FS_CACHE_VERBOSITY': 0,
  'LOG_FILE': 'pyphi.log',
  'LOG_FILE_LEVEL': 'INFO',
  'LOG_STDOUT_LEVEL': 'WARNING',
  'MAXIMUM_CACHE_MEMORY_PERCENTAGE': 50,
  'MEASURE': 'EMD',
  'MONGODB_CONFIG': { 'collection_name': 'cache',
                      'database_name': 'pyphi',
                      'host': 'localhost',
                      'port': 27017},
  'NUMBER_OF_CORES': -1,
  'PARALLEL_COMPLEX_EVALUATION': False,
  'PARALLEL_CONCEPT_EVALUATION': False,
  'PARALLEL_CUT_EVALUATION': True,
  'PARTITION_TYPE': 'BI',
  'PICK_SMALLEST_PURVIEW': False,
  'PRECISION': 6,
  'PRINT_FRACTIONS': True,
  'PROGRESS_BARS': True,
  'REDIS_CACHE': False,
  'REDIS_CONFIG': {'db': 0, 'host': 'localhost', 'port': 6379, 'test_db': 1},
  'REPR_VERBOSITY': 2,
  'SINGLE_MICRO_NODES_WITH_SELFLOOPS_HAVE_PHI': False,
  'SYSTEM_CUTS': '3.0_STYLE',
  'USE_SMALL_PHI_DIFFERENCE_FOR_CES_DISTANCE': False,
  'VALIDATE_CONDITIONAL_INDEPENDENCE': True,
  'VALIDATE_SUBSYSTEM_STATES': True,
  'WELCOME_OFF': False}
2025-02-12 18:31:10,620 [bruteforce_analysis] INFO MainProcess: Log iniciado en 2025-02-12 18:31:10
Ubicacion completa: logs\2025\02\12_18hrs\bruteforce_analysis.log
Copia rapida: logs\latest_bruteforce_analysis.log
2025-02-12 18:35:27,275 [pyphi.conf] INFO MainProcess: PyPhi v1.2.0
2025-02-12 18:35:27,275 [pyphi.conf] INFO MainProcess: Using default configuration (no configuration file provided)
2025-02-12 18:35:27,275 [pyphi.conf] INFO MainProcess: Current PyPhi configuration:
 { 'ASSUME_CUTS_CANNOT_CREATE_NEW_CONCEPTS': False,
  'CACHE_POTENTIAL_PURVIEWS': True,
  'CACHE_REPERTOIRES': True,
  'CACHE_SIAS': False,
  'CACHING_BACKEND': 'fs',
  'CLEAR_SUBSYSTEM_CACHES_AFTER_COMPUTING_SIA': False,
  'CUT_ONE_APPROXIMATION': False,
  'FS_CACHE_DIRECTORY': '__pyphi_cache__',
  'FS_CACHE_VERBOSITY': 0,
  'LOG_FILE': 'pyphi.log',
  'LOG_FILE_LEVEL': 'INFO',
  'LOG_STDOUT_LEVEL': 'WARNING',
  'MAXIMUM_CACHE_MEMORY_PERCENTAGE': 50,
  'MEASURE': 'EMD',
  'MONGODB_CONFIG': { 'collection_name': 'cache',
                      'database_name': 'pyphi',
                      'host': 'localhost',
                      'port': 27017},
  'NUMBER_OF_CORES': -1,
  'PARALLEL_COMPLEX_EVALUATION': False,
  'PARALLEL_CONCEPT_EVALUATION': False,
  'PARALLEL_CUT_EVALUATION': True,
  'PARTITION_TYPE': 'BI',
  'PICK_SMALLEST_PURVIEW': False,
  'PRECISION': 6,
  'PRINT_FRACTIONS': True,
  'PROGRESS_BARS': True,
  'REDIS_CACHE': False,
  'REDIS_CONFIG': {'db': 0, 'host': 'localhost', 'port': 6379, 'test_db': 1},
  'REPR_VERBOSITY': 2,
  'SINGLE_MICRO_NODES_WITH_SELFLOOPS_HAVE_PHI': False,
  'SYSTEM_CUTS': '3.0_STYLE',
  'USE_SMALL_PHI_DIFFERENCE_FOR_CES_DISTANCE': False,
  'VALIDATE_CONDITIONAL_INDEPENDENCE': True,
  'VALIDATE_SUBSYSTEM_STATES': True,
  'WELCOME_OFF': False}
2025-02-12 18:35:27,998 [bruteforce_analysis] INFO MainProcess: Log iniciado en 2025-02-12 18:35:27
Ubicacion completa: logs\2025\02\12_18hrs\bruteforce_analysis.log
Copia rapida: logs\latest_bruteforce_analysis.log
2025-02-12 18:52:27,282 [pyphi.conf] INFO MainProcess: PyPhi v1.2.0
2025-02-12 18:52:27,282 [pyphi.conf] INFO MainProcess: Using default configuration (no configuration file provided)
2025-02-12 18:52:27,282 [pyphi.conf] INFO MainProcess: Current PyPhi configuration:
 { 'ASSUME_CUTS_CANNOT_CREATE_NEW_CONCEPTS': False,
  'CACHE_POTENTIAL_PURVIEWS': True,
  'CACHE_REPERTOIRES': True,
  'CACHE_SIAS': False,
  'CACHING_BACKEND': 'fs',
  'CLEAR_SUBSYSTEM_CACHES_AFTER_COMPUTING_SIA': False,
  'CUT_ONE_APPROXIMATION': False,
  'FS_CACHE_DIRECTORY': '__pyphi_cache__',
  'FS_CACHE_VERBOSITY': 0,
  'LOG_FILE': 'pyphi.log',
  'LOG_FILE_LEVEL': 'INFO',
  'LOG_STDOUT_LEVEL': 'WARNING',
  'MAXIMUM_CACHE_MEMORY_PERCENTAGE': 50,
  'MEASURE': 'EMD',
  'MONGODB_CONFIG': { 'collection_name': 'cache',
                      'database_name': 'pyphi',
                      'host': 'localhost',
                      'port': 27017},
  'NUMBER_OF_CORES': -1,
  'PARALLEL_COMPLEX_EVALUATION': False,
  'PARALLEL_CONCEPT_EVALUATION': False,
  'PARALLEL_CUT_EVALUATION': True,
  'PARTITION_TYPE': 'BI',
  'PICK_SMALLEST_PURVIEW': False,
  'PRECISION': 6,
  'PRINT_FRACTIONS': True,
  'PROGRESS_BARS': True,
  'REDIS_CACHE': False,
  'REDIS_CONFIG': {'db': 0, 'host': 'localhost', 'port': 6379, 'test_db': 1},
  'REPR_VERBOSITY': 2,
  'SINGLE_MICRO_NODES_WITH_SELFLOOPS_HAVE_PHI': False,
  'SYSTEM_CUTS': '3.0_STYLE',
  'USE_SMALL_PHI_DIFFERENCE_FOR_CES_DISTANCE': False,
  'VALIDATE_CONDITIONAL_INDEPENDENCE': True,
  'VALIDATE_SUBSYSTEM_STATES': True,
  'WELCOME_OFF': False}
2025-02-12 18:52:28,066 [bruteforce_analysis] INFO MainProcess: Log iniciado en 2025-02-12 18:52:28
Ubicacion completa: logs\2025\02\12_18hrs\bruteforce_analysis.log
Copia rapida: logs\latest_bruteforce_analysis.log
2025-02-12 21:10:27,979 [pyphi.conf] INFO MainProcess: PyPhi v1.2.0
2025-02-12 21:10:27,980 [pyphi.conf] INFO MainProcess: Using default configuration (no configuration file provided)
2025-02-12 21:10:27,981 [pyphi.conf] INFO MainProcess: Current PyPhi configuration:
 { 'ASSUME_CUTS_CANNOT_CREATE_NEW_CONCEPTS': False,
  'CACHE_POTENTIAL_PURVIEWS': True,
  'CACHE_REPERTOIRES': True,
  'CACHE_SIAS': False,
  'CACHING_BACKEND': 'fs',
  'CLEAR_SUBSYSTEM_CACHES_AFTER_COMPUTING_SIA': False,
  'CUT_ONE_APPROXIMATION': False,
  'FS_CACHE_DIRECTORY': '__pyphi_cache__',
  'FS_CACHE_VERBOSITY': 0,
  'LOG_FILE': 'pyphi.log',
  'LOG_FILE_LEVEL': 'INFO',
  'LOG_STDOUT_LEVEL': 'WARNING',
  'MAXIMUM_CACHE_MEMORY_PERCENTAGE': 50,
  'MEASURE': 'EMD',
  'MONGODB_CONFIG': { 'collection_name': 'cache',
                      'database_name': 'pyphi',
                      'host': 'localhost',
                      'port': 27017},
  'NUMBER_OF_CORES': -1,
  'PARALLEL_COMPLEX_EVALUATION': False,
  'PARALLEL_CONCEPT_EVALUATION': False,
  'PARALLEL_CUT_EVALUATION': True,
  'PARTITION_TYPE': 'BI',
  'PICK_SMALLEST_PURVIEW': False,
  'PRECISION': 6,
  'PRINT_FRACTIONS': True,
  'PROGRESS_BARS': True,
  'REDIS_CACHE': False,
  'REDIS_CONFIG': {'db': 0, 'host': 'localhost', 'port': 6379, 'test_db': 1},
  'REPR_VERBOSITY': 2,
  'SINGLE_MICRO_NODES_WITH_SELFLOOPS_HAVE_PHI': False,
  'SYSTEM_CUTS': '3.0_STYLE',
  'USE_SMALL_PHI_DIFFERENCE_FOR_CES_DISTANCE': False,
  'VALIDATE_CONDITIONAL_INDEPENDENCE': True,
  'VALIDATE_SUBSYSTEM_STATES': True,
  'WELCOME_OFF': False}
2025-02-12 21:10:35,150 [bruteforce_analysis] INFO MainProcess: Log iniciado en 2025-02-12 21:10:35
Ubicacion completa: logs\2025\02\12_21hrs\bruteforce_analysis.log
Copia rapida: logs\latest_bruteforce_analysis.log
2025-02-13 08:44:52,336 [pyphi.conf] INFO MainProcess: PyPhi v1.2.0
2025-02-13 08:44:52,336 [pyphi.conf] INFO MainProcess: Using default configuration (no configuration file provided)
2025-02-13 08:44:52,336 [pyphi.conf] INFO MainProcess: Current PyPhi configuration:
 { 'ASSUME_CUTS_CANNOT_CREATE_NEW_CONCEPTS': False,
  'CACHE_POTENTIAL_PURVIEWS': True,
  'CACHE_REPERTOIRES': True,
  'CACHE_SIAS': False,
  'CACHING_BACKEND': 'fs',
  'CLEAR_SUBSYSTEM_CACHES_AFTER_COMPUTING_SIA': False,
  'CUT_ONE_APPROXIMATION': False,
  'FS_CACHE_DIRECTORY': '__pyphi_cache__',
  'FS_CACHE_VERBOSITY': 0,
  'LOG_FILE': 'pyphi.log',
  'LOG_FILE_LEVEL': 'INFO',
  'LOG_STDOUT_LEVEL': 'WARNING',
  'MAXIMUM_CACHE_MEMORY_PERCENTAGE': 50,
  'MEASURE': 'EMD',
  'MONGODB_CONFIG': { 'collection_name': 'cache',
                      'database_name': 'pyphi',
                      'host': 'localhost',
                      'port': 27017},
  'NUMBER_OF_CORES': -1,
  'PARALLEL_COMPLEX_EVALUATION': False,
  'PARALLEL_CONCEPT_EVALUATION': False,
  'PARALLEL_CUT_EVALUATION': True,
  'PARTITION_TYPE': 'BI',
  'PICK_SMALLEST_PURVIEW': False,
  'PRECISION': 6,
  'PRINT_FRACTIONS': True,
  'PROGRESS_BARS': True,
  'REDIS_CACHE': False,
  'REDIS_CONFIG': {'db': 0, 'host': 'localhost', 'port': 6379, 'test_db': 1},
  'REPR_VERBOSITY': 2,
  'SINGLE_MICRO_NODES_WITH_SELFLOOPS_HAVE_PHI': False,
  'SYSTEM_CUTS': '3.0_STYLE',
  'USE_SMALL_PHI_DIFFERENCE_FOR_CES_DISTANCE': False,
  'VALIDATE_CONDITIONAL_INDEPENDENCE': True,
  'VALIDATE_SUBSYSTEM_STATES': True,
  'WELCOME_OFF': False}
2025-02-13 08:45:04,795 [bruteforce_analysis] INFO MainProcess: Log iniciado en 2025-02-13 08:45:04
Ubicacion completa: logs\2025\02\13_08hrs\bruteforce_analysis.log
Copia rapida: logs\latest_bruteforce_analysis.log
2025-02-13 08:45:45,107 [pyphi.conf] INFO MainProcess: PyPhi v1.2.0
2025-02-13 08:45:45,107 [pyphi.conf] INFO MainProcess: Using default configuration (no configuration file provided)
2025-02-13 08:45:45,107 [pyphi.conf] INFO MainProcess: Current PyPhi configuration:
 { 'ASSUME_CUTS_CANNOT_CREATE_NEW_CONCEPTS': False,
  'CACHE_POTENTIAL_PURVIEWS': True,
  'CACHE_REPERTOIRES': True,
  'CACHE_SIAS': False,
  'CACHING_BACKEND': 'fs',
  'CLEAR_SUBSYSTEM_CACHES_AFTER_COMPUTING_SIA': False,
  'CUT_ONE_APPROXIMATION': False,
  'FS_CACHE_DIRECTORY': '__pyphi_cache__',
  'FS_CACHE_VERBOSITY': 0,
  'LOG_FILE': 'pyphi.log',
  'LOG_FILE_LEVEL': 'INFO',
  'LOG_STDOUT_LEVEL': 'WARNING',
  'MAXIMUM_CACHE_MEMORY_PERCENTAGE': 50,
  'MEASURE': 'EMD',
  'MONGODB_CONFIG': { 'collection_name': 'cache',
                      'database_name': 'pyphi',
                      'host': 'localhost',
                      'port': 27017},
  'NUMBER_OF_CORES': -1,
  'PARALLEL_COMPLEX_EVALUATION': False,
  'PARALLEL_CONCEPT_EVALUATION': False,
  'PARALLEL_CUT_EVALUATION': True,
  'PARTITION_TYPE': 'BI',
  'PICK_SMALLEST_PURVIEW': False,
  'PRECISION': 6,
  'PRINT_FRACTIONS': True,
  'PROGRESS_BARS': True,
  'REDIS_CACHE': False,
  'REDIS_CONFIG': {'db': 0, 'host': 'localhost', 'port': 6379, 'test_db': 1},
  'REPR_VERBOSITY': 2,
  'SINGLE_MICRO_NODES_WITH_SELFLOOPS_HAVE_PHI': False,
  'SYSTEM_CUTS': '3.0_STYLE',
  'USE_SMALL_PHI_DIFFERENCE_FOR_CES_DISTANCE': False,
  'VALIDATE_CONDITIONAL_INDEPENDENCE': True,
  'VALIDATE_SUBSYSTEM_STATES': True,
  'WELCOME_OFF': False}
2025-02-13 08:45:46,095 [bruteforce_analysis] INFO MainProcess: Log iniciado en 2025-02-13 08:45:46
Ubicacion completa: logs\2025\02\13_08hrs\bruteforce_analysis.log
Copia rapida: logs\latest_bruteforce_analysis.log
2025-02-13 09:17:04,565 [pyphi.conf] INFO MainProcess: PyPhi v1.2.0
2025-02-13 09:17:04,565 [pyphi.conf] INFO MainProcess: Using default configuration (no configuration file provided)
2025-02-13 09:17:04,565 [pyphi.conf] INFO MainProcess: Current PyPhi configuration:
 { 'ASSUME_CUTS_CANNOT_CREATE_NEW_CONCEPTS': False,
  'CACHE_POTENTIAL_PURVIEWS': True,
  'CACHE_REPERTOIRES': True,
  'CACHE_SIAS': False,
  'CACHING_BACKEND': 'fs',
  'CLEAR_SUBSYSTEM_CACHES_AFTER_COMPUTING_SIA': False,
  'CUT_ONE_APPROXIMATION': False,
  'FS_CACHE_DIRECTORY': '__pyphi_cache__',
  'FS_CACHE_VERBOSITY': 0,
  'LOG_FILE': 'pyphi.log',
  'LOG_FILE_LEVEL': 'INFO',
  'LOG_STDOUT_LEVEL': 'WARNING',
  'MAXIMUM_CACHE_MEMORY_PERCENTAGE': 50,
  'MEASURE': 'EMD',
  'MONGODB_CONFIG': { 'collection_name': 'cache',
                      'database_name': 'pyphi',
                      'host': 'localhost',
                      'port': 27017},
  'NUMBER_OF_CORES': -1,
  'PARALLEL_COMPLEX_EVALUATION': False,
  'PARALLEL_CONCEPT_EVALUATION': False,
  'PARALLEL_CUT_EVALUATION': True,
  'PARTITION_TYPE': 'BI',
  'PICK_SMALLEST_PURVIEW': False,
  'PRECISION': 6,
  'PRINT_FRACTIONS': True,
  'PROGRESS_BARS': True,
  'REDIS_CACHE': False,
  'REDIS_CONFIG': {'db': 0, 'host': 'localhost', 'port': 6379, 'test_db': 1},
  'REPR_VERBOSITY': 2,
  'SINGLE_MICRO_NODES_WITH_SELFLOOPS_HAVE_PHI': False,
  'SYSTEM_CUTS': '3.0_STYLE',
  'USE_SMALL_PHI_DIFFERENCE_FOR_CES_DISTANCE': False,
  'VALIDATE_CONDITIONAL_INDEPENDENCE': True,
  'VALIDATE_SUBSYSTEM_STATES': True,
  'WELCOME_OFF': False}
2025-02-13 09:17:09,782 [bruteforce_analysis] INFO MainProcess: Log iniciado en 2025-02-13 09:17:09
Ubicacion completa: logs\2025\02\13_09hrs\bruteforce_analysis.log
Copia rapida: logs\latest_bruteforce_analysis.log
2025-02-13 09:17:59,048 [pyphi.conf] INFO MainProcess: PyPhi v1.2.0
2025-02-13 09:17:59,048 [pyphi.conf] INFO MainProcess: Using default configuration (no configuration file provided)
2025-02-13 09:17:59,048 [pyphi.conf] INFO MainProcess: Current PyPhi configuration:
 { 'ASSUME_CUTS_CANNOT_CREATE_NEW_CONCEPTS': False,
  'CACHE_POTENTIAL_PURVIEWS': True,
  'CACHE_REPERTOIRES': True,
  'CACHE_SIAS': False,
  'CACHING_BACKEND': 'fs',
  'CLEAR_SUBSYSTEM_CACHES_AFTER_COMPUTING_SIA': False,
  'CUT_ONE_APPROXIMATION': False,
  'FS_CACHE_DIRECTORY': '__pyphi_cache__',
  'FS_CACHE_VERBOSITY': 0,
  'LOG_FILE': 'pyphi.log',
  'LOG_FILE_LEVEL': 'INFO',
  'LOG_STDOUT_LEVEL': 'WARNING',
  'MAXIMUM_CACHE_MEMORY_PERCENTAGE': 50,
  'MEASURE': 'EMD',
  'MONGODB_CONFIG': { 'collection_name': 'cache',
                      'database_name': 'pyphi',
                      'host': 'localhost',
                      'port': 27017},
  'NUMBER_OF_CORES': -1,
  'PARALLEL_COMPLEX_EVALUATION': False,
  'PARALLEL_CONCEPT_EVALUATION': False,
  'PARALLEL_CUT_EVALUATION': True,
  'PARTITION_TYPE': 'BI',
  'PICK_SMALLEST_PURVIEW': False,
  'PRECISION': 6,
  'PRINT_FRACTIONS': True,
  'PROGRESS_BARS': True,
  'REDIS_CACHE': False,
  'REDIS_CONFIG': {'db': 0, 'host': 'localhost', 'port': 6379, 'test_db': 1},
  'REPR_VERBOSITY': 2,
  'SINGLE_MICRO_NODES_WITH_SELFLOOPS_HAVE_PHI': False,
  'SYSTEM_CUTS': '3.0_STYLE',
  'USE_SMALL_PHI_DIFFERENCE_FOR_CES_DISTANCE': False,
  'VALIDATE_CONDITIONAL_INDEPENDENCE': True,
  'VALIDATE_SUBSYSTEM_STATES': True,
  'WELCOME_OFF': False}
2025-02-13 09:17:59,816 [bruteforce_analysis] INFO MainProcess: Log iniciado en 2025-02-13 09:17:59
Ubicacion completa: logs\2025\02\13_09hrs\bruteforce_analysis.log
Copia rapida: logs\latest_bruteforce_analysis.log
2025-02-13 09:18:46,135 [pyphi.conf] INFO MainProcess: PyPhi v1.2.0
2025-02-13 09:18:46,135 [pyphi.conf] INFO MainProcess: Using default configuration (no configuration file provided)
2025-02-13 09:18:46,135 [pyphi.conf] INFO MainProcess: Current PyPhi configuration:
 { 'ASSUME_CUTS_CANNOT_CREATE_NEW_CONCEPTS': False,
  'CACHE_POTENTIAL_PURVIEWS': True,
  'CACHE_REPERTOIRES': True,
  'CACHE_SIAS': False,
  'CACHING_BACKEND': 'fs',
  'CLEAR_SUBSYSTEM_CACHES_AFTER_COMPUTING_SIA': False,
  'CUT_ONE_APPROXIMATION': False,
  'FS_CACHE_DIRECTORY': '__pyphi_cache__',
  'FS_CACHE_VERBOSITY': 0,
  'LOG_FILE': 'pyphi.log',
  'LOG_FILE_LEVEL': 'INFO',
  'LOG_STDOUT_LEVEL': 'WARNING',
  'MAXIMUM_CACHE_MEMORY_PERCENTAGE': 50,
  'MEASURE': 'EMD',
  'MONGODB_CONFIG': { 'collection_name': 'cache',
                      'database_name': 'pyphi',
                      'host': 'localhost',
                      'port': 27017},
  'NUMBER_OF_CORES': -1,
  'PARALLEL_COMPLEX_EVALUATION': False,
  'PARALLEL_CONCEPT_EVALUATION': False,
  'PARALLEL_CUT_EVALUATION': True,
  'PARTITION_TYPE': 'BI',
  'PICK_SMALLEST_PURVIEW': False,
  'PRECISION': 6,
  'PRINT_FRACTIONS': True,
  'PROGRESS_BARS': True,
  'REDIS_CACHE': False,
  'REDIS_CONFIG': {'db': 0, 'host': 'localhost', 'port': 6379, 'test_db': 1},
  'REPR_VERBOSITY': 2,
  'SINGLE_MICRO_NODES_WITH_SELFLOOPS_HAVE_PHI': False,
  'SYSTEM_CUTS': '3.0_STYLE',
  'USE_SMALL_PHI_DIFFERENCE_FOR_CES_DISTANCE': False,
  'VALIDATE_CONDITIONAL_INDEPENDENCE': True,
  'VALIDATE_SUBSYSTEM_STATES': True,
  'WELCOME_OFF': False}
2025-02-13 09:18:46,890 [bruteforce_analysis] INFO MainProcess: Log iniciado en 2025-02-13 09:18:46
Ubicacion completa: logs\2025\02\13_09hrs\bruteforce_analysis.log
Copia rapida: logs\latest_bruteforce_analysis.log
2025-02-13 09:26:44,204 [pyphi.conf] INFO MainProcess: PyPhi v1.2.0
2025-02-13 09:26:44,204 [pyphi.conf] INFO MainProcess: Using default configuration (no configuration file provided)
2025-02-13 09:26:44,204 [pyphi.conf] INFO MainProcess: Current PyPhi configuration:
 { 'ASSUME_CUTS_CANNOT_CREATE_NEW_CONCEPTS': False,
  'CACHE_POTENTIAL_PURVIEWS': True,
  'CACHE_REPERTOIRES': True,
  'CACHE_SIAS': False,
  'CACHING_BACKEND': 'fs',
  'CLEAR_SUBSYSTEM_CACHES_AFTER_COMPUTING_SIA': False,
  'CUT_ONE_APPROXIMATION': False,
  'FS_CACHE_DIRECTORY': '__pyphi_cache__',
  'FS_CACHE_VERBOSITY': 0,
  'LOG_FILE': 'pyphi.log',
  'LOG_FILE_LEVEL': 'INFO',
  'LOG_STDOUT_LEVEL': 'WARNING',
  'MAXIMUM_CACHE_MEMORY_PERCENTAGE': 50,
  'MEASURE': 'EMD',
  'MONGODB_CONFIG': { 'collection_name': 'cache',
                      'database_name': 'pyphi',
                      'host': 'localhost',
                      'port': 27017},
  'NUMBER_OF_CORES': -1,
  'PARALLEL_COMPLEX_EVALUATION': False,
  'PARALLEL_CONCEPT_EVALUATION': False,
  'PARALLEL_CUT_EVALUATION': True,
  'PARTITION_TYPE': 'BI',
  'PICK_SMALLEST_PURVIEW': False,
  'PRECISION': 6,
  'PRINT_FRACTIONS': True,
  'PROGRESS_BARS': True,
  'REDIS_CACHE': False,
  'REDIS_CONFIG': {'db': 0, 'host': 'localhost', 'port': 6379, 'test_db': 1},
  'REPR_VERBOSITY': 2,
  'SINGLE_MICRO_NODES_WITH_SELFLOOPS_HAVE_PHI': False,
  'SYSTEM_CUTS': '3.0_STYLE',
  'USE_SMALL_PHI_DIFFERENCE_FOR_CES_DISTANCE': False,
  'VALIDATE_CONDITIONAL_INDEPENDENCE': True,
  'VALIDATE_SUBSYSTEM_STATES': True,
  'WELCOME_OFF': False}
2025-02-13 09:26:44,981 [bruteforce_analysis] INFO MainProcess: Log iniciado en 2025-02-13 09:26:44
Ubicacion completa: logs\2025\02\13_09hrs\bruteforce_analysis.log
Copia rapida: logs\latest_bruteforce_analysis.log
2025-02-13 09:28:14,334 [pyphi.conf] INFO MainProcess: PyPhi v1.2.0
2025-02-13 09:28:14,334 [pyphi.conf] INFO MainProcess: Using default configuration (no configuration file provided)
2025-02-13 09:28:14,334 [pyphi.conf] INFO MainProcess: Current PyPhi configuration:
 { 'ASSUME_CUTS_CANNOT_CREATE_NEW_CONCEPTS': False,
  'CACHE_POTENTIAL_PURVIEWS': True,
  'CACHE_REPERTOIRES': True,
  'CACHE_SIAS': False,
  'CACHING_BACKEND': 'fs',
  'CLEAR_SUBSYSTEM_CACHES_AFTER_COMPUTING_SIA': False,
  'CUT_ONE_APPROXIMATION': False,
  'FS_CACHE_DIRECTORY': '__pyphi_cache__',
  'FS_CACHE_VERBOSITY': 0,
  'LOG_FILE': 'pyphi.log',
  'LOG_FILE_LEVEL': 'INFO',
  'LOG_STDOUT_LEVEL': 'WARNING',
  'MAXIMUM_CACHE_MEMORY_PERCENTAGE': 50,
  'MEASURE': 'EMD',
  'MONGODB_CONFIG': { 'collection_name': 'cache',
                      'database_name': 'pyphi',
                      'host': 'localhost',
                      'port': 27017},
  'NUMBER_OF_CORES': -1,
  'PARALLEL_COMPLEX_EVALUATION': False,
  'PARALLEL_CONCEPT_EVALUATION': False,
  'PARALLEL_CUT_EVALUATION': True,
  'PARTITION_TYPE': 'BI',
  'PICK_SMALLEST_PURVIEW': False,
  'PRECISION': 6,
  'PRINT_FRACTIONS': True,
  'PROGRESS_BARS': True,
  'REDIS_CACHE': False,
  'REDIS_CONFIG': {'db': 0, 'host': 'localhost', 'port': 6379, 'test_db': 1},
  'REPR_VERBOSITY': 2,
  'SINGLE_MICRO_NODES_WITH_SELFLOOPS_HAVE_PHI': False,
  'SYSTEM_CUTS': '3.0_STYLE',
  'USE_SMALL_PHI_DIFFERENCE_FOR_CES_DISTANCE': False,
  'VALIDATE_CONDITIONAL_INDEPENDENCE': True,
  'VALIDATE_SUBSYSTEM_STATES': True,
  'WELCOME_OFF': False}
2025-02-13 09:28:15,066 [bruteforce_analysis] INFO MainProcess: Log iniciado en 2025-02-13 09:28:15
Ubicacion completa: logs\2025\02\13_09hrs\bruteforce_analysis.log
Copia rapida: logs\latest_bruteforce_analysis.log
2025-02-13 09:36:45,271 [pyphi.conf] INFO MainProcess: PyPhi v1.2.0
2025-02-13 09:36:45,272 [pyphi.conf] INFO MainProcess: Using default configuration (no configuration file provided)
2025-02-13 09:36:45,272 [pyphi.conf] INFO MainProcess: Current PyPhi configuration:
 { 'ASSUME_CUTS_CANNOT_CREATE_NEW_CONCEPTS': False,
  'CACHE_POTENTIAL_PURVIEWS': True,
  'CACHE_REPERTOIRES': True,
  'CACHE_SIAS': False,
  'CACHING_BACKEND': 'fs',
  'CLEAR_SUBSYSTEM_CACHES_AFTER_COMPUTING_SIA': False,
  'CUT_ONE_APPROXIMATION': False,
  'FS_CACHE_DIRECTORY': '__pyphi_cache__',
  'FS_CACHE_VERBOSITY': 0,
  'LOG_FILE': 'pyphi.log',
  'LOG_FILE_LEVEL': 'INFO',
  'LOG_STDOUT_LEVEL': 'WARNING',
  'MAXIMUM_CACHE_MEMORY_PERCENTAGE': 50,
  'MEASURE': 'EMD',
  'MONGODB_CONFIG': { 'collection_name': 'cache',
                      'database_name': 'pyphi',
                      'host': 'localhost',
                      'port': 27017},
  'NUMBER_OF_CORES': -1,
  'PARALLEL_COMPLEX_EVALUATION': False,
  'PARALLEL_CONCEPT_EVALUATION': False,
  'PARALLEL_CUT_EVALUATION': True,
  'PARTITION_TYPE': 'BI',
  'PICK_SMALLEST_PURVIEW': False,
  'PRECISION': 6,
  'PRINT_FRACTIONS': True,
  'PROGRESS_BARS': True,
  'REDIS_CACHE': False,
  'REDIS_CONFIG': {'db': 0, 'host': 'localhost', 'port': 6379, 'test_db': 1},
  'REPR_VERBOSITY': 2,
  'SINGLE_MICRO_NODES_WITH_SELFLOOPS_HAVE_PHI': False,
  'SYSTEM_CUTS': '3.0_STYLE',
  'USE_SMALL_PHI_DIFFERENCE_FOR_CES_DISTANCE': False,
  'VALIDATE_CONDITIONAL_INDEPENDENCE': True,
  'VALIDATE_SUBSYSTEM_STATES': True,
  'WELCOME_OFF': False}
2025-02-13 09:36:46,108 [bruteforce_analysis] INFO MainProcess: Log iniciado en 2025-02-13 09:36:46
Ubicacion completa: logs\2025\02\13_09hrs\bruteforce_analysis.log
Copia rapida: logs\latest_bruteforce_analysis.log
2025-02-13 09:45:18,348 [pyphi.conf] INFO MainProcess: PyPhi v1.2.0
2025-02-13 09:45:18,348 [pyphi.conf] INFO MainProcess: Using default configuration (no configuration file provided)
2025-02-13 09:45:18,348 [pyphi.conf] INFO MainProcess: Current PyPhi configuration:
 { 'ASSUME_CUTS_CANNOT_CREATE_NEW_CONCEPTS': False,
  'CACHE_POTENTIAL_PURVIEWS': True,
  'CACHE_REPERTOIRES': True,
  'CACHE_SIAS': False,
  'CACHING_BACKEND': 'fs',
  'CLEAR_SUBSYSTEM_CACHES_AFTER_COMPUTING_SIA': False,
  'CUT_ONE_APPROXIMATION': False,
  'FS_CACHE_DIRECTORY': '__pyphi_cache__',
  'FS_CACHE_VERBOSITY': 0,
  'LOG_FILE': 'pyphi.log',
  'LOG_FILE_LEVEL': 'INFO',
  'LOG_STDOUT_LEVEL': 'WARNING',
  'MAXIMUM_CACHE_MEMORY_PERCENTAGE': 50,
  'MEASURE': 'EMD',
  'MONGODB_CONFIG': { 'collection_name': 'cache',
                      'database_name': 'pyphi',
                      'host': 'localhost',
                      'port': 27017},
  'NUMBER_OF_CORES': -1,
  'PARALLEL_COMPLEX_EVALUATION': False,
  'PARALLEL_CONCEPT_EVALUATION': False,
  'PARALLEL_CUT_EVALUATION': True,
  'PARTITION_TYPE': 'BI',
  'PICK_SMALLEST_PURVIEW': False,
  'PRECISION': 6,
  'PRINT_FRACTIONS': True,
  'PROGRESS_BARS': True,
  'REDIS_CACHE': False,
  'REDIS_CONFIG': {'db': 0, 'host': 'localhost', 'port': 6379, 'test_db': 1},
  'REPR_VERBOSITY': 2,
  'SINGLE_MICRO_NODES_WITH_SELFLOOPS_HAVE_PHI': False,
  'SYSTEM_CUTS': '3.0_STYLE',
  'USE_SMALL_PHI_DIFFERENCE_FOR_CES_DISTANCE': False,
  'VALIDATE_CONDITIONAL_INDEPENDENCE': True,
  'VALIDATE_SUBSYSTEM_STATES': True,
  'WELCOME_OFF': False}
2025-02-13 09:45:19,195 [bruteforce_analysis] INFO MainProcess: Log iniciado en 2025-02-13 09:45:19
Ubicacion completa: logs\2025\02\13_09hrs\bruteforce_analysis.log
Copia rapida: logs\latest_bruteforce_analysis.log
2025-02-13 09:46:02,020 [pyphi.conf] INFO MainProcess: PyPhi v1.2.0
2025-02-13 09:46:02,020 [pyphi.conf] INFO MainProcess: Using default configuration (no configuration file provided)
2025-02-13 09:46:02,020 [pyphi.conf] INFO MainProcess: Current PyPhi configuration:
 { 'ASSUME_CUTS_CANNOT_CREATE_NEW_CONCEPTS': False,
  'CACHE_POTENTIAL_PURVIEWS': True,
  'CACHE_REPERTOIRES': True,
  'CACHE_SIAS': False,
  'CACHING_BACKEND': 'fs',
  'CLEAR_SUBSYSTEM_CACHES_AFTER_COMPUTING_SIA': False,
  'CUT_ONE_APPROXIMATION': False,
  'FS_CACHE_DIRECTORY': '__pyphi_cache__',
  'FS_CACHE_VERBOSITY': 0,
  'LOG_FILE': 'pyphi.log',
  'LOG_FILE_LEVEL': 'INFO',
  'LOG_STDOUT_LEVEL': 'WARNING',
  'MAXIMUM_CACHE_MEMORY_PERCENTAGE': 50,
  'MEASURE': 'EMD',
  'MONGODB_CONFIG': { 'collection_name': 'cache',
                      'database_name': 'pyphi',
                      'host': 'localhost',
                      'port': 27017},
  'NUMBER_OF_CORES': -1,
  'PARALLEL_COMPLEX_EVALUATION': False,
  'PARALLEL_CONCEPT_EVALUATION': False,
  'PARALLEL_CUT_EVALUATION': True,
  'PARTITION_TYPE': 'BI',
  'PICK_SMALLEST_PURVIEW': False,
  'PRECISION': 6,
  'PRINT_FRACTIONS': True,
  'PROGRESS_BARS': True,
  'REDIS_CACHE': False,
  'REDIS_CONFIG': {'db': 0, 'host': 'localhost', 'port': 6379, 'test_db': 1},
  'REPR_VERBOSITY': 2,
  'SINGLE_MICRO_NODES_WITH_SELFLOOPS_HAVE_PHI': False,
  'SYSTEM_CUTS': '3.0_STYLE',
  'USE_SMALL_PHI_DIFFERENCE_FOR_CES_DISTANCE': False,
  'VALIDATE_CONDITIONAL_INDEPENDENCE': True,
  'VALIDATE_SUBSYSTEM_STATES': True,
  'WELCOME_OFF': False}
2025-02-13 09:46:02,742 [bruteforce_analysis] INFO MainProcess: Log iniciado en 2025-02-13 09:46:02
Ubicacion completa: logs\2025\02\13_09hrs\bruteforce_analysis.log
Copia rapida: logs\latest_bruteforce_analysis.log
2025-02-13 10:30:59,793 [pyphi.conf] INFO MainProcess: PyPhi v1.2.0
2025-02-13 10:30:59,793 [pyphi.conf] INFO MainProcess: Using default configuration (no configuration file provided)
2025-02-13 10:30:59,793 [pyphi.conf] INFO MainProcess: Current PyPhi configuration:
 { 'ASSUME_CUTS_CANNOT_CREATE_NEW_CONCEPTS': False,
  'CACHE_POTENTIAL_PURVIEWS': True,
  'CACHE_REPERTOIRES': True,
  'CACHE_SIAS': False,
  'CACHING_BACKEND': 'fs',
  'CLEAR_SUBSYSTEM_CACHES_AFTER_COMPUTING_SIA': False,
  'CUT_ONE_APPROXIMATION': False,
  'FS_CACHE_DIRECTORY': '__pyphi_cache__',
  'FS_CACHE_VERBOSITY': 0,
  'LOG_FILE': 'pyphi.log',
  'LOG_FILE_LEVEL': 'INFO',
  'LOG_STDOUT_LEVEL': 'WARNING',
  'MAXIMUM_CACHE_MEMORY_PERCENTAGE': 50,
  'MEASURE': 'EMD',
  'MONGODB_CONFIG': { 'collection_name': 'cache',
                      'database_name': 'pyphi',
                      'host': 'localhost',
                      'port': 27017},
  'NUMBER_OF_CORES': -1,
  'PARALLEL_COMPLEX_EVALUATION': False,
  'PARALLEL_CONCEPT_EVALUATION': False,
  'PARALLEL_CUT_EVALUATION': True,
  'PARTITION_TYPE': 'BI',
  'PICK_SMALLEST_PURVIEW': False,
  'PRECISION': 6,
  'PRINT_FRACTIONS': True,
  'PROGRESS_BARS': True,
  'REDIS_CACHE': False,
  'REDIS_CONFIG': {'db': 0, 'host': 'localhost', 'port': 6379, 'test_db': 1},
  'REPR_VERBOSITY': 2,
  'SINGLE_MICRO_NODES_WITH_SELFLOOPS_HAVE_PHI': False,
  'SYSTEM_CUTS': '3.0_STYLE',
  'USE_SMALL_PHI_DIFFERENCE_FOR_CES_DISTANCE': False,
  'VALIDATE_CONDITIONAL_INDEPENDENCE': True,
  'VALIDATE_SUBSYSTEM_STATES': True,
  'WELCOME_OFF': False}
2025-02-13 10:31:00,969 [bruteforce_analysis] INFO MainProcess: Log iniciado en 2025-02-13 10:31:00
Ubicacion completa: logs\2025\02\13_10hrs\bruteforce_analysis.log
Copia rapida: logs\latest_bruteforce_analysis.log
2025-02-13 10:35:20,626 [pyphi.conf] INFO MainProcess: PyPhi v1.2.0
2025-02-13 10:35:20,627 [pyphi.conf] INFO MainProcess: Using default configuration (no configuration file provided)
2025-02-13 10:35:20,627 [pyphi.conf] INFO MainProcess: Current PyPhi configuration:
 { 'ASSUME_CUTS_CANNOT_CREATE_NEW_CONCEPTS': False,
  'CACHE_POTENTIAL_PURVIEWS': True,
  'CACHE_REPERTOIRES': True,
  'CACHE_SIAS': False,
  'CACHING_BACKEND': 'fs',
  'CLEAR_SUBSYSTEM_CACHES_AFTER_COMPUTING_SIA': False,
  'CUT_ONE_APPROXIMATION': False,
  'FS_CACHE_DIRECTORY': '__pyphi_cache__',
  'FS_CACHE_VERBOSITY': 0,
  'LOG_FILE': 'pyphi.log',
  'LOG_FILE_LEVEL': 'INFO',
  'LOG_STDOUT_LEVEL': 'WARNING',
  'MAXIMUM_CACHE_MEMORY_PERCENTAGE': 50,
  'MEASURE': 'EMD',
  'MONGODB_CONFIG': { 'collection_name': 'cache',
                      'database_name': 'pyphi',
                      'host': 'localhost',
                      'port': 27017},
  'NUMBER_OF_CORES': -1,
  'PARALLEL_COMPLEX_EVALUATION': False,
  'PARALLEL_CONCEPT_EVALUATION': False,
  'PARALLEL_CUT_EVALUATION': True,
  'PARTITION_TYPE': 'BI',
  'PICK_SMALLEST_PURVIEW': False,
  'PRECISION': 6,
  'PRINT_FRACTIONS': True,
  'PROGRESS_BARS': True,
  'REDIS_CACHE': False,
  'REDIS_CONFIG': {'db': 0, 'host': 'localhost', 'port': 6379, 'test_db': 1},
  'REPR_VERBOSITY': 2,
  'SINGLE_MICRO_NODES_WITH_SELFLOOPS_HAVE_PHI': False,
  'SYSTEM_CUTS': '3.0_STYLE',
  'USE_SMALL_PHI_DIFFERENCE_FOR_CES_DISTANCE': False,
  'VALIDATE_CONDITIONAL_INDEPENDENCE': True,
  'VALIDATE_SUBSYSTEM_STATES': True,
  'WELCOME_OFF': False}
2025-02-13 10:35:21,713 [bruteforce_analysis] INFO MainProcess: Log iniciado en 2025-02-13 10:35:21
Ubicacion completa: logs\2025\02\13_10hrs\bruteforce_analysis.log
Copia rapida: logs\latest_bruteforce_analysis.log
2025-02-13 10:36:33,471 [pyphi.conf] INFO MainProcess: PyPhi v1.2.0
2025-02-13 10:36:33,471 [pyphi.conf] INFO MainProcess: Using default configuration (no configuration file provided)
2025-02-13 10:36:33,471 [pyphi.conf] INFO MainProcess: Current PyPhi configuration:
 { 'ASSUME_CUTS_CANNOT_CREATE_NEW_CONCEPTS': False,
  'CACHE_POTENTIAL_PURVIEWS': True,
  'CACHE_REPERTOIRES': True,
  'CACHE_SIAS': False,
  'CACHING_BACKEND': 'fs',
  'CLEAR_SUBSYSTEM_CACHES_AFTER_COMPUTING_SIA': False,
  'CUT_ONE_APPROXIMATION': False,
  'FS_CACHE_DIRECTORY': '__pyphi_cache__',
  'FS_CACHE_VERBOSITY': 0,
  'LOG_FILE': 'pyphi.log',
  'LOG_FILE_LEVEL': 'INFO',
  'LOG_STDOUT_LEVEL': 'WARNING',
  'MAXIMUM_CACHE_MEMORY_PERCENTAGE': 50,
  'MEASURE': 'EMD',
  'MONGODB_CONFIG': { 'collection_name': 'cache',
                      'database_name': 'pyphi',
                      'host': 'localhost',
                      'port': 27017},
  'NUMBER_OF_CORES': -1,
  'PARALLEL_COMPLEX_EVALUATION': False,
  'PARALLEL_CONCEPT_EVALUATION': False,
  'PARALLEL_CUT_EVALUATION': True,
  'PARTITION_TYPE': 'BI',
  'PICK_SMALLEST_PURVIEW': False,
  'PRECISION': 6,
  'PRINT_FRACTIONS': True,
  'PROGRESS_BARS': True,
  'REDIS_CACHE': False,
  'REDIS_CONFIG': {'db': 0, 'host': 'localhost', 'port': 6379, 'test_db': 1},
  'REPR_VERBOSITY': 2,
  'SINGLE_MICRO_NODES_WITH_SELFLOOPS_HAVE_PHI': False,
  'SYSTEM_CUTS': '3.0_STYLE',
  'USE_SMALL_PHI_DIFFERENCE_FOR_CES_DISTANCE': False,
  'VALIDATE_CONDITIONAL_INDEPENDENCE': True,
  'VALIDATE_SUBSYSTEM_STATES': True,
  'WELCOME_OFF': False}
2025-02-13 10:36:34,559 [bruteforce_analysis] INFO MainProcess: Log iniciado en 2025-02-13 10:36:34
Ubicacion completa: logs\2025\02\13_10hrs\bruteforce_analysis.log
Copia rapida: logs\latest_bruteforce_analysis.log
2025-02-13 10:38:12,186 [pyphi.conf] INFO MainProcess: PyPhi v1.2.0
2025-02-13 10:38:12,186 [pyphi.conf] INFO MainProcess: Using default configuration (no configuration file provided)
2025-02-13 10:38:12,186 [pyphi.conf] INFO MainProcess: Current PyPhi configuration:
 { 'ASSUME_CUTS_CANNOT_CREATE_NEW_CONCEPTS': False,
  'CACHE_POTENTIAL_PURVIEWS': True,
  'CACHE_REPERTOIRES': True,
  'CACHE_SIAS': False,
  'CACHING_BACKEND': 'fs',
  'CLEAR_SUBSYSTEM_CACHES_AFTER_COMPUTING_SIA': False,
  'CUT_ONE_APPROXIMATION': False,
  'FS_CACHE_DIRECTORY': '__pyphi_cache__',
  'FS_CACHE_VERBOSITY': 0,
  'LOG_FILE': 'pyphi.log',
  'LOG_FILE_LEVEL': 'INFO',
  'LOG_STDOUT_LEVEL': 'WARNING',
  'MAXIMUM_CACHE_MEMORY_PERCENTAGE': 50,
  'MEASURE': 'EMD',
  'MONGODB_CONFIG': { 'collection_name': 'cache',
                      'database_name': 'pyphi',
                      'host': 'localhost',
                      'port': 27017},
  'NUMBER_OF_CORES': -1,
  'PARALLEL_COMPLEX_EVALUATION': False,
  'PARALLEL_CONCEPT_EVALUATION': False,
  'PARALLEL_CUT_EVALUATION': True,
  'PARTITION_TYPE': 'BI',
  'PICK_SMALLEST_PURVIEW': False,
  'PRECISION': 6,
  'PRINT_FRACTIONS': True,
  'PROGRESS_BARS': True,
  'REDIS_CACHE': False,
  'REDIS_CONFIG': {'db': 0, 'host': 'localhost', 'port': 6379, 'test_db': 1},
  'REPR_VERBOSITY': 2,
  'SINGLE_MICRO_NODES_WITH_SELFLOOPS_HAVE_PHI': False,
  'SYSTEM_CUTS': '3.0_STYLE',
  'USE_SMALL_PHI_DIFFERENCE_FOR_CES_DISTANCE': False,
  'VALIDATE_CONDITIONAL_INDEPENDENCE': True,
  'VALIDATE_SUBSYSTEM_STATES': True,
  'WELCOME_OFF': False}
2025-02-13 10:38:13,257 [bruteforce_analysis] INFO MainProcess: Log iniciado en 2025-02-13 10:38:13
Ubicacion completa: logs\2025\02\13_10hrs\bruteforce_analysis.log
Copia rapida: logs\latest_bruteforce_analysis.log
2025-02-13 10:40:18,200 [pyphi.conf] INFO MainProcess: PyPhi v1.2.0
2025-02-13 10:40:18,200 [pyphi.conf] INFO MainProcess: Using default configuration (no configuration file provided)
2025-02-13 10:40:18,200 [pyphi.conf] INFO MainProcess: Current PyPhi configuration:
 { 'ASSUME_CUTS_CANNOT_CREATE_NEW_CONCEPTS': False,
  'CACHE_POTENTIAL_PURVIEWS': True,
  'CACHE_REPERTOIRES': True,
  'CACHE_SIAS': False,
  'CACHING_BACKEND': 'fs',
  'CLEAR_SUBSYSTEM_CACHES_AFTER_COMPUTING_SIA': False,
  'CUT_ONE_APPROXIMATION': False,
  'FS_CACHE_DIRECTORY': '__pyphi_cache__',
  'FS_CACHE_VERBOSITY': 0,
  'LOG_FILE': 'pyphi.log',
  'LOG_FILE_LEVEL': 'INFO',
  'LOG_STDOUT_LEVEL': 'WARNING',
  'MAXIMUM_CACHE_MEMORY_PERCENTAGE': 50,
  'MEASURE': 'EMD',
  'MONGODB_CONFIG': { 'collection_name': 'cache',
                      'database_name': 'pyphi',
                      'host': 'localhost',
                      'port': 27017},
  'NUMBER_OF_CORES': -1,
  'PARALLEL_COMPLEX_EVALUATION': False,
  'PARALLEL_CONCEPT_EVALUATION': False,
  'PARALLEL_CUT_EVALUATION': True,
  'PARTITION_TYPE': 'BI',
  'PICK_SMALLEST_PURVIEW': False,
  'PRECISION': 6,
  'PRINT_FRACTIONS': True,
  'PROGRESS_BARS': True,
  'REDIS_CACHE': False,
  'REDIS_CONFIG': {'db': 0, 'host': 'localhost', 'port': 6379, 'test_db': 1},
  'REPR_VERBOSITY': 2,
  'SINGLE_MICRO_NODES_WITH_SELFLOOPS_HAVE_PHI': False,
  'SYSTEM_CUTS': '3.0_STYLE',
  'USE_SMALL_PHI_DIFFERENCE_FOR_CES_DISTANCE': False,
  'VALIDATE_CONDITIONAL_INDEPENDENCE': True,
  'VALIDATE_SUBSYSTEM_STATES': True,
  'WELCOME_OFF': False}
2025-02-13 10:40:19,174 [bruteforce_analysis] INFO MainProcess: Log iniciado en 2025-02-13 10:40:19
Ubicacion completa: logs\2025\02\13_10hrs\bruteforce_analysis.log
Copia rapida: logs\latest_bruteforce_analysis.log
2025-02-13 10:41:46,416 [pyphi.conf] INFO MainProcess: PyPhi v1.2.0
2025-02-13 10:41:46,416 [pyphi.conf] INFO MainProcess: Using default configuration (no configuration file provided)
2025-02-13 10:41:46,416 [pyphi.conf] INFO MainProcess: Current PyPhi configuration:
 { 'ASSUME_CUTS_CANNOT_CREATE_NEW_CONCEPTS': False,
  'CACHE_POTENTIAL_PURVIEWS': True,
  'CACHE_REPERTOIRES': True,
  'CACHE_SIAS': False,
  'CACHING_BACKEND': 'fs',
  'CLEAR_SUBSYSTEM_CACHES_AFTER_COMPUTING_SIA': False,
  'CUT_ONE_APPROXIMATION': False,
  'FS_CACHE_DIRECTORY': '__pyphi_cache__',
  'FS_CACHE_VERBOSITY': 0,
  'LOG_FILE': 'pyphi.log',
  'LOG_FILE_LEVEL': 'INFO',
  'LOG_STDOUT_LEVEL': 'WARNING',
  'MAXIMUM_CACHE_MEMORY_PERCENTAGE': 50,
  'MEASURE': 'EMD',
  'MONGODB_CONFIG': { 'collection_name': 'cache',
                      'database_name': 'pyphi',
                      'host': 'localhost',
                      'port': 27017},
  'NUMBER_OF_CORES': -1,
  'PARALLEL_COMPLEX_EVALUATION': False,
  'PARALLEL_CONCEPT_EVALUATION': False,
  'PARALLEL_CUT_EVALUATION': True,
  'PARTITION_TYPE': 'BI',
  'PICK_SMALLEST_PURVIEW': False,
  'PRECISION': 6,
  'PRINT_FRACTIONS': True,
  'PROGRESS_BARS': True,
  'REDIS_CACHE': False,
  'REDIS_CONFIG': {'db': 0, 'host': 'localhost', 'port': 6379, 'test_db': 1},
  'REPR_VERBOSITY': 2,
  'SINGLE_MICRO_NODES_WITH_SELFLOOPS_HAVE_PHI': False,
  'SYSTEM_CUTS': '3.0_STYLE',
  'USE_SMALL_PHI_DIFFERENCE_FOR_CES_DISTANCE': False,
  'VALIDATE_CONDITIONAL_INDEPENDENCE': True,
  'VALIDATE_SUBSYSTEM_STATES': True,
  'WELCOME_OFF': False}
2025-02-13 10:41:47,381 [bruteforce_analysis] INFO MainProcess: Log iniciado en 2025-02-13 10:41:47
Ubicacion completa: logs\2025\02\13_10hrs\bruteforce_analysis.log
Copia rapida: logs\latest_bruteforce_analysis.log
2025-02-13 10:42:59,509 [pyphi.conf] INFO MainProcess: PyPhi v1.2.0
2025-02-13 10:42:59,509 [pyphi.conf] INFO MainProcess: Using default configuration (no configuration file provided)
2025-02-13 10:42:59,509 [pyphi.conf] INFO MainProcess: Current PyPhi configuration:
 { 'ASSUME_CUTS_CANNOT_CREATE_NEW_CONCEPTS': False,
  'CACHE_POTENTIAL_PURVIEWS': True,
  'CACHE_REPERTOIRES': True,
  'CACHE_SIAS': False,
  'CACHING_BACKEND': 'fs',
  'CLEAR_SUBSYSTEM_CACHES_AFTER_COMPUTING_SIA': False,
  'CUT_ONE_APPROXIMATION': False,
  'FS_CACHE_DIRECTORY': '__pyphi_cache__',
  'FS_CACHE_VERBOSITY': 0,
  'LOG_FILE': 'pyphi.log',
  'LOG_FILE_LEVEL': 'INFO',
  'LOG_STDOUT_LEVEL': 'WARNING',
  'MAXIMUM_CACHE_MEMORY_PERCENTAGE': 50,
  'MEASURE': 'EMD',
  'MONGODB_CONFIG': { 'collection_name': 'cache',
                      'database_name': 'pyphi',
                      'host': 'localhost',
                      'port': 27017},
  'NUMBER_OF_CORES': -1,
  'PARALLEL_COMPLEX_EVALUATION': False,
  'PARALLEL_CONCEPT_EVALUATION': False,
  'PARALLEL_CUT_EVALUATION': True,
  'PARTITION_TYPE': 'BI',
  'PICK_SMALLEST_PURVIEW': False,
  'PRECISION': 6,
  'PRINT_FRACTIONS': True,
  'PROGRESS_BARS': True,
  'REDIS_CACHE': False,
  'REDIS_CONFIG': {'db': 0, 'host': 'localhost', 'port': 6379, 'test_db': 1},
  'REPR_VERBOSITY': 2,
  'SINGLE_MICRO_NODES_WITH_SELFLOOPS_HAVE_PHI': False,
  'SYSTEM_CUTS': '3.0_STYLE',
  'USE_SMALL_PHI_DIFFERENCE_FOR_CES_DISTANCE': False,
  'VALIDATE_CONDITIONAL_INDEPENDENCE': True,
  'VALIDATE_SUBSYSTEM_STATES': True,
  'WELCOME_OFF': False}
2025-02-13 10:43:00,509 [bruteforce_analysis] INFO MainProcess: Log iniciado en 2025-02-13 10:43:00
Ubicacion completa: logs\2025\02\13_10hrs\bruteforce_analysis.log
Copia rapida: logs\latest_bruteforce_analysis.log
2025-02-13 16:40:25,394 [pyphi.conf] INFO MainProcess: PyPhi v1.2.0
2025-02-13 16:40:25,394 [pyphi.conf] INFO MainProcess: Using default configuration (no configuration file provided)
2025-02-13 16:40:25,395 [pyphi.conf] INFO MainProcess: Current PyPhi configuration:
 { 'ASSUME_CUTS_CANNOT_CREATE_NEW_CONCEPTS': False,
  'CACHE_POTENTIAL_PURVIEWS': True,
  'CACHE_REPERTOIRES': True,
  'CACHE_SIAS': False,
  'CACHING_BACKEND': 'fs',
  'CLEAR_SUBSYSTEM_CACHES_AFTER_COMPUTING_SIA': False,
  'CUT_ONE_APPROXIMATION': False,
  'FS_CACHE_DIRECTORY': '__pyphi_cache__',
  'FS_CACHE_VERBOSITY': 0,
  'LOG_FILE': 'pyphi.log',
  'LOG_FILE_LEVEL': 'INFO',
  'LOG_STDOUT_LEVEL': 'WARNING',
  'MAXIMUM_CACHE_MEMORY_PERCENTAGE': 50,
  'MEASURE': 'EMD',
  'MONGODB_CONFIG': { 'collection_name': 'cache',
                      'database_name': 'pyphi',
                      'host': 'localhost',
                      'port': 27017},
  'NUMBER_OF_CORES': -1,
  'PARALLEL_COMPLEX_EVALUATION': False,
  'PARALLEL_CONCEPT_EVALUATION': False,
  'PARALLEL_CUT_EVALUATION': True,
  'PARTITION_TYPE': 'BI',
  'PICK_SMALLEST_PURVIEW': False,
  'PRECISION': 6,
  'PRINT_FRACTIONS': True,
  'PROGRESS_BARS': True,
  'REDIS_CACHE': False,
  'REDIS_CONFIG': {'db': 0, 'host': 'localhost', 'port': 6379, 'test_db': 1},
  'REPR_VERBOSITY': 2,
  'SINGLE_MICRO_NODES_WITH_SELFLOOPS_HAVE_PHI': False,
  'SYSTEM_CUTS': '3.0_STYLE',
  'USE_SMALL_PHI_DIFFERENCE_FOR_CES_DISTANCE': False,
  'VALIDATE_CONDITIONAL_INDEPENDENCE': True,
  'VALIDATE_SUBSYSTEM_STATES': True,
  'WELCOME_OFF': False}
2025-02-13 16:40:26,886 [bruteforce_analysis] INFO MainProcess: Log iniciado en 2025-02-13 16:40:26
Ubicacion completa: logs\2025\02\13_16hrs\bruteforce_analysis.log
Copia rapida: logs\latest_bruteforce_analysis.log
2025-02-13 16:43:12,287 [pyphi.conf] INFO MainProcess: PyPhi v1.2.0
2025-02-13 16:43:12,288 [pyphi.conf] INFO MainProcess: Using default configuration (no configuration file provided)
2025-02-13 16:43:12,288 [pyphi.conf] INFO MainProcess: Current PyPhi configuration:
 { 'ASSUME_CUTS_CANNOT_CREATE_NEW_CONCEPTS': False,
  'CACHE_POTENTIAL_PURVIEWS': True,
  'CACHE_REPERTOIRES': True,
  'CACHE_SIAS': False,
  'CACHING_BACKEND': 'fs',
  'CLEAR_SUBSYSTEM_CACHES_AFTER_COMPUTING_SIA': False,
  'CUT_ONE_APPROXIMATION': False,
  'FS_CACHE_DIRECTORY': '__pyphi_cache__',
  'FS_CACHE_VERBOSITY': 0,
  'LOG_FILE': 'pyphi.log',
  'LOG_FILE_LEVEL': 'INFO',
  'LOG_STDOUT_LEVEL': 'WARNING',
  'MAXIMUM_CACHE_MEMORY_PERCENTAGE': 50,
  'MEASURE': 'EMD',
  'MONGODB_CONFIG': { 'collection_name': 'cache',
                      'database_name': 'pyphi',
                      'host': 'localhost',
                      'port': 27017},
  'NUMBER_OF_CORES': -1,
  'PARALLEL_COMPLEX_EVALUATION': False,
  'PARALLEL_CONCEPT_EVALUATION': False,
  'PARALLEL_CUT_EVALUATION': True,
  'PARTITION_TYPE': 'BI',
  'PICK_SMALLEST_PURVIEW': False,
  'PRECISION': 6,
  'PRINT_FRACTIONS': True,
  'PROGRESS_BARS': True,
  'REDIS_CACHE': False,
  'REDIS_CONFIG': {'db': 0, 'host': 'localhost', 'port': 6379, 'test_db': 1},
  'REPR_VERBOSITY': 2,
  'SINGLE_MICRO_NODES_WITH_SELFLOOPS_HAVE_PHI': False,
  'SYSTEM_CUTS': '3.0_STYLE',
  'USE_SMALL_PHI_DIFFERENCE_FOR_CES_DISTANCE': False,
  'VALIDATE_CONDITIONAL_INDEPENDENCE': True,
  'VALIDATE_SUBSYSTEM_STATES': True,
  'WELCOME_OFF': False}
2025-02-13 16:43:13,119 [bruteforce_analysis] INFO MainProcess: Log iniciado en 2025-02-13 16:43:13
Ubicacion completa: logs\2025\02\13_16hrs\bruteforce_analysis.log
Copia rapida: logs\latest_bruteforce_analysis.log
2025-02-13 16:45:25,275 [pyphi.conf] INFO MainProcess: PyPhi v1.2.0
2025-02-13 16:45:25,275 [pyphi.conf] INFO MainProcess: Using default configuration (no configuration file provided)
2025-02-13 16:45:25,275 [pyphi.conf] INFO MainProcess: Current PyPhi configuration:
 { 'ASSUME_CUTS_CANNOT_CREATE_NEW_CONCEPTS': False,
  'CACHE_POTENTIAL_PURVIEWS': True,
  'CACHE_REPERTOIRES': True,
  'CACHE_SIAS': False,
  'CACHING_BACKEND': 'fs',
  'CLEAR_SUBSYSTEM_CACHES_AFTER_COMPUTING_SIA': False,
  'CUT_ONE_APPROXIMATION': False,
  'FS_CACHE_DIRECTORY': '__pyphi_cache__',
  'FS_CACHE_VERBOSITY': 0,
  'LOG_FILE': 'pyphi.log',
  'LOG_FILE_LEVEL': 'INFO',
  'LOG_STDOUT_LEVEL': 'WARNING',
  'MAXIMUM_CACHE_MEMORY_PERCENTAGE': 50,
  'MEASURE': 'EMD',
  'MONGODB_CONFIG': { 'collection_name': 'cache',
                      'database_name': 'pyphi',
                      'host': 'localhost',
                      'port': 27017},
  'NUMBER_OF_CORES': -1,
  'PARALLEL_COMPLEX_EVALUATION': False,
  'PARALLEL_CONCEPT_EVALUATION': False,
  'PARALLEL_CUT_EVALUATION': True,
  'PARTITION_TYPE': 'BI',
  'PICK_SMALLEST_PURVIEW': False,
  'PRECISION': 6,
  'PRINT_FRACTIONS': True,
  'PROGRESS_BARS': True,
  'REDIS_CACHE': False,
  'REDIS_CONFIG': {'db': 0, 'host': 'localhost', 'port': 6379, 'test_db': 1},
  'REPR_VERBOSITY': 2,
  'SINGLE_MICRO_NODES_WITH_SELFLOOPS_HAVE_PHI': False,
  'SYSTEM_CUTS': '3.0_STYLE',
  'USE_SMALL_PHI_DIFFERENCE_FOR_CES_DISTANCE': False,
  'VALIDATE_CONDITIONAL_INDEPENDENCE': True,
  'VALIDATE_SUBSYSTEM_STATES': True,
  'WELCOME_OFF': False}
2025-02-13 16:45:26,178 [bruteforce_analysis] INFO MainProcess: Log iniciado en 2025-02-13 16:45:26
Ubicacion completa: logs\2025\02\13_16hrs\bruteforce_analysis.log
Copia rapida: logs\latest_bruteforce_analysis.log
2025-02-13 16:50:57,168 [pyphi.conf] INFO MainProcess: PyPhi v1.2.0
2025-02-13 16:50:57,168 [pyphi.conf] INFO MainProcess: Using default configuration (no configuration file provided)
2025-02-13 16:50:57,169 [pyphi.conf] INFO MainProcess: Current PyPhi configuration:
 { 'ASSUME_CUTS_CANNOT_CREATE_NEW_CONCEPTS': False,
  'CACHE_POTENTIAL_PURVIEWS': True,
  'CACHE_REPERTOIRES': True,
  'CACHE_SIAS': False,
  'CACHING_BACKEND': 'fs',
  'CLEAR_SUBSYSTEM_CACHES_AFTER_COMPUTING_SIA': False,
  'CUT_ONE_APPROXIMATION': False,
  'FS_CACHE_DIRECTORY': '__pyphi_cache__',
  'FS_CACHE_VERBOSITY': 0,
  'LOG_FILE': 'pyphi.log',
  'LOG_FILE_LEVEL': 'INFO',
  'LOG_STDOUT_LEVEL': 'WARNING',
  'MAXIMUM_CACHE_MEMORY_PERCENTAGE': 50,
  'MEASURE': 'EMD',
  'MONGODB_CONFIG': { 'collection_name': 'cache',
                      'database_name': 'pyphi',
                      'host': 'localhost',
                      'port': 27017},
  'NUMBER_OF_CORES': -1,
  'PARALLEL_COMPLEX_EVALUATION': False,
  'PARALLEL_CONCEPT_EVALUATION': False,
  'PARALLEL_CUT_EVALUATION': True,
  'PARTITION_TYPE': 'BI',
  'PICK_SMALLEST_PURVIEW': False,
  'PRECISION': 6,
  'PRINT_FRACTIONS': True,
  'PROGRESS_BARS': True,
  'REDIS_CACHE': False,
  'REDIS_CONFIG': {'db': 0, 'host': 'localhost', 'port': 6379, 'test_db': 1},
  'REPR_VERBOSITY': 2,
  'SINGLE_MICRO_NODES_WITH_SELFLOOPS_HAVE_PHI': False,
  'SYSTEM_CUTS': '3.0_STYLE',
  'USE_SMALL_PHI_DIFFERENCE_FOR_CES_DISTANCE': False,
  'VALIDATE_CONDITIONAL_INDEPENDENCE': True,
  'VALIDATE_SUBSYSTEM_STATES': True,
  'WELCOME_OFF': False}
2025-02-13 16:50:58,075 [bruteforce_analysis] INFO MainProcess: Log iniciado en 2025-02-13 16:50:58
Ubicacion completa: logs\2025\02\13_16hrs\bruteforce_analysis.log
Copia rapida: logs\latest_bruteforce_analysis.log
2025-02-13 16:59:15,871 [pyphi.conf] INFO MainProcess: PyPhi v1.2.0
2025-02-13 16:59:15,871 [pyphi.conf] INFO MainProcess: Using default configuration (no configuration file provided)
2025-02-13 16:59:15,871 [pyphi.conf] INFO MainProcess: Current PyPhi configuration:
 { 'ASSUME_CUTS_CANNOT_CREATE_NEW_CONCEPTS': False,
  'CACHE_POTENTIAL_PURVIEWS': True,
  'CACHE_REPERTOIRES': True,
  'CACHE_SIAS': False,
  'CACHING_BACKEND': 'fs',
  'CLEAR_SUBSYSTEM_CACHES_AFTER_COMPUTING_SIA': False,
  'CUT_ONE_APPROXIMATION': False,
  'FS_CACHE_DIRECTORY': '__pyphi_cache__',
  'FS_CACHE_VERBOSITY': 0,
  'LOG_FILE': 'pyphi.log',
  'LOG_FILE_LEVEL': 'INFO',
  'LOG_STDOUT_LEVEL': 'WARNING',
  'MAXIMUM_CACHE_MEMORY_PERCENTAGE': 50,
  'MEASURE': 'EMD',
  'MONGODB_CONFIG': { 'collection_name': 'cache',
                      'database_name': 'pyphi',
                      'host': 'localhost',
                      'port': 27017},
  'NUMBER_OF_CORES': -1,
  'PARALLEL_COMPLEX_EVALUATION': False,
  'PARALLEL_CONCEPT_EVALUATION': False,
  'PARALLEL_CUT_EVALUATION': True,
  'PARTITION_TYPE': 'BI',
  'PICK_SMALLEST_PURVIEW': False,
  'PRECISION': 6,
  'PRINT_FRACTIONS': True,
  'PROGRESS_BARS': True,
  'REDIS_CACHE': False,
  'REDIS_CONFIG': {'db': 0, 'host': 'localhost', 'port': 6379, 'test_db': 1},
  'REPR_VERBOSITY': 2,
  'SINGLE_MICRO_NODES_WITH_SELFLOOPS_HAVE_PHI': False,
  'SYSTEM_CUTS': '3.0_STYLE',
  'USE_SMALL_PHI_DIFFERENCE_FOR_CES_DISTANCE': False,
  'VALIDATE_CONDITIONAL_INDEPENDENCE': True,
  'VALIDATE_SUBSYSTEM_STATES': True,
  'WELCOME_OFF': False}
2025-02-13 16:59:16,948 [bruteforce_analysis] INFO MainProcess: Log iniciado en 2025-02-13 16:59:16
Ubicacion completa: logs\2025\02\13_16hrs\bruteforce_analysis.log
Copia rapida: logs\latest_bruteforce_analysis.log
2025-02-13 17:32:19,298 [pyphi.conf] INFO MainProcess: PyPhi v1.2.0
2025-02-13 17:32:19,299 [pyphi.conf] INFO MainProcess: Using default configuration (no configuration file provided)
2025-02-13 17:32:19,299 [pyphi.conf] INFO MainProcess: Current PyPhi configuration:
 { 'ASSUME_CUTS_CANNOT_CREATE_NEW_CONCEPTS': False,
  'CACHE_POTENTIAL_PURVIEWS': True,
  'CACHE_REPERTOIRES': True,
  'CACHE_SIAS': False,
  'CACHING_BACKEND': 'fs',
  'CLEAR_SUBSYSTEM_CACHES_AFTER_COMPUTING_SIA': False,
  'CUT_ONE_APPROXIMATION': False,
  'FS_CACHE_DIRECTORY': '__pyphi_cache__',
  'FS_CACHE_VERBOSITY': 0,
  'LOG_FILE': 'pyphi.log',
  'LOG_FILE_LEVEL': 'INFO',
  'LOG_STDOUT_LEVEL': 'WARNING',
  'MAXIMUM_CACHE_MEMORY_PERCENTAGE': 50,
  'MEASURE': 'EMD',
  'MONGODB_CONFIG': { 'collection_name': 'cache',
                      'database_name': 'pyphi',
                      'host': 'localhost',
                      'port': 27017},
  'NUMBER_OF_CORES': -1,
  'PARALLEL_COMPLEX_EVALUATION': False,
  'PARALLEL_CONCEPT_EVALUATION': False,
  'PARALLEL_CUT_EVALUATION': True,
  'PARTITION_TYPE': 'BI',
  'PICK_SMALLEST_PURVIEW': False,
  'PRECISION': 6,
  'PRINT_FRACTIONS': True,
  'PROGRESS_BARS': True,
  'REDIS_CACHE': False,
  'REDIS_CONFIG': {'db': 0, 'host': 'localhost', 'port': 6379, 'test_db': 1},
  'REPR_VERBOSITY': 2,
  'SINGLE_MICRO_NODES_WITH_SELFLOOPS_HAVE_PHI': False,
  'SYSTEM_CUTS': '3.0_STYLE',
  'USE_SMALL_PHI_DIFFERENCE_FOR_CES_DISTANCE': False,
  'VALIDATE_CONDITIONAL_INDEPENDENCE': True,
  'VALIDATE_SUBSYSTEM_STATES': True,
  'WELCOME_OFF': False}
2025-02-13 17:32:20,494 [bruteforce_analysis] INFO MainProcess: Log iniciado en 2025-02-13 17:32:20
Ubicacion completa: logs\2025\02\13_17hrs\bruteforce_analysis.log
Copia rapida: logs\latest_bruteforce_analysis.log
2025-02-13 17:55:04,944 [pyphi.conf] INFO MainProcess: PyPhi v1.2.0
2025-02-13 17:55:04,944 [pyphi.conf] INFO MainProcess: Using default configuration (no configuration file provided)
2025-02-13 17:55:04,945 [pyphi.conf] INFO MainProcess: Current PyPhi configuration:
 { 'ASSUME_CUTS_CANNOT_CREATE_NEW_CONCEPTS': False,
  'CACHE_POTENTIAL_PURVIEWS': True,
  'CACHE_REPERTOIRES': True,
  'CACHE_SIAS': False,
  'CACHING_BACKEND': 'fs',
  'CLEAR_SUBSYSTEM_CACHES_AFTER_COMPUTING_SIA': False,
  'CUT_ONE_APPROXIMATION': False,
  'FS_CACHE_DIRECTORY': '__pyphi_cache__',
  'FS_CACHE_VERBOSITY': 0,
  'LOG_FILE': 'pyphi.log',
  'LOG_FILE_LEVEL': 'INFO',
  'LOG_STDOUT_LEVEL': 'WARNING',
  'MAXIMUM_CACHE_MEMORY_PERCENTAGE': 50,
  'MEASURE': 'EMD',
  'MONGODB_CONFIG': { 'collection_name': 'cache',
                      'database_name': 'pyphi',
                      'host': 'localhost',
                      'port': 27017},
  'NUMBER_OF_CORES': -1,
  'PARALLEL_COMPLEX_EVALUATION': False,
  'PARALLEL_CONCEPT_EVALUATION': False,
  'PARALLEL_CUT_EVALUATION': True,
  'PARTITION_TYPE': 'BI',
  'PICK_SMALLEST_PURVIEW': False,
  'PRECISION': 6,
  'PRINT_FRACTIONS': True,
  'PROGRESS_BARS': True,
  'REDIS_CACHE': False,
  'REDIS_CONFIG': {'db': 0, 'host': 'localhost', 'port': 6379, 'test_db': 1},
  'REPR_VERBOSITY': 2,
  'SINGLE_MICRO_NODES_WITH_SELFLOOPS_HAVE_PHI': False,
  'SYSTEM_CUTS': '3.0_STYLE',
  'USE_SMALL_PHI_DIFFERENCE_FOR_CES_DISTANCE': False,
  'VALIDATE_CONDITIONAL_INDEPENDENCE': True,
  'VALIDATE_SUBSYSTEM_STATES': True,
  'WELCOME_OFF': False}
2025-02-13 17:55:06,175 [bruteforce_analysis] INFO MainProcess: Log iniciado en 2025-02-13 17:55:06
Ubicacion completa: logs\2025\02\13_17hrs\bruteforce_analysis.log
Copia rapida: logs\latest_bruteforce_analysis.log
2025-02-13 17:57:45,299 [pyphi.conf] INFO MainProcess: PyPhi v1.2.0
2025-02-13 17:57:45,300 [pyphi.conf] INFO MainProcess: Using default configuration (no configuration file provided)
2025-02-13 17:57:45,300 [pyphi.conf] INFO MainProcess: Current PyPhi configuration:
 { 'ASSUME_CUTS_CANNOT_CREATE_NEW_CONCEPTS': False,
  'CACHE_POTENTIAL_PURVIEWS': True,
  'CACHE_REPERTOIRES': True,
  'CACHE_SIAS': False,
  'CACHING_BACKEND': 'fs',
  'CLEAR_SUBSYSTEM_CACHES_AFTER_COMPUTING_SIA': False,
  'CUT_ONE_APPROXIMATION': False,
  'FS_CACHE_DIRECTORY': '__pyphi_cache__',
  'FS_CACHE_VERBOSITY': 0,
  'LOG_FILE': 'pyphi.log',
  'LOG_FILE_LEVEL': 'INFO',
  'LOG_STDOUT_LEVEL': 'WARNING',
  'MAXIMUM_CACHE_MEMORY_PERCENTAGE': 50,
  'MEASURE': 'EMD',
  'MONGODB_CONFIG': { 'collection_name': 'cache',
                      'database_name': 'pyphi',
                      'host': 'localhost',
                      'port': 27017},
  'NUMBER_OF_CORES': -1,
  'PARALLEL_COMPLEX_EVALUATION': False,
  'PARALLEL_CONCEPT_EVALUATION': False,
  'PARALLEL_CUT_EVALUATION': True,
  'PARTITION_TYPE': 'BI',
  'PICK_SMALLEST_PURVIEW': False,
  'PRECISION': 6,
  'PRINT_FRACTIONS': True,
  'PROGRESS_BARS': True,
  'REDIS_CACHE': False,
  'REDIS_CONFIG': {'db': 0, 'host': 'localhost', 'port': 6379, 'test_db': 1},
  'REPR_VERBOSITY': 2,
  'SINGLE_MICRO_NODES_WITH_SELFLOOPS_HAVE_PHI': False,
  'SYSTEM_CUTS': '3.0_STYLE',
  'USE_SMALL_PHI_DIFFERENCE_FOR_CES_DISTANCE': False,
  'VALIDATE_CONDITIONAL_INDEPENDENCE': True,
  'VALIDATE_SUBSYSTEM_STATES': True,
  'WELCOME_OFF': False}
2025-02-13 17:57:50,332 [bruteforce_analysis] INFO MainProcess: Log iniciado en 2025-02-13 17:57:50
Ubicacion completa: logs\2025\02\13_17hrs\bruteforce_analysis.log
Copia rapida: logs\latest_bruteforce_analysis.log
2025-02-13 18:04:20,492 [pyphi.conf] INFO MainProcess: PyPhi v1.2.0
2025-02-13 18:04:20,493 [pyphi.conf] INFO MainProcess: Using default configuration (no configuration file provided)
2025-02-13 18:04:20,493 [pyphi.conf] INFO MainProcess: Current PyPhi configuration:
 { 'ASSUME_CUTS_CANNOT_CREATE_NEW_CONCEPTS': False,
  'CACHE_POTENTIAL_PURVIEWS': True,
  'CACHE_REPERTOIRES': True,
  'CACHE_SIAS': False,
  'CACHING_BACKEND': 'fs',
  'CLEAR_SUBSYSTEM_CACHES_AFTER_COMPUTING_SIA': False,
  'CUT_ONE_APPROXIMATION': False,
  'FS_CACHE_DIRECTORY': '__pyphi_cache__',
  'FS_CACHE_VERBOSITY': 0,
  'LOG_FILE': 'pyphi.log',
  'LOG_FILE_LEVEL': 'INFO',
  'LOG_STDOUT_LEVEL': 'WARNING',
  'MAXIMUM_CACHE_MEMORY_PERCENTAGE': 50,
  'MEASURE': 'EMD',
  'MONGODB_CONFIG': { 'collection_name': 'cache',
                      'database_name': 'pyphi',
                      'host': 'localhost',
                      'port': 27017},
  'NUMBER_OF_CORES': -1,
  'PARALLEL_COMPLEX_EVALUATION': False,
  'PARALLEL_CONCEPT_EVALUATION': False,
  'PARALLEL_CUT_EVALUATION': True,
  'PARTITION_TYPE': 'BI',
  'PICK_SMALLEST_PURVIEW': False,
  'PRECISION': 6,
  'PRINT_FRACTIONS': True,
  'PROGRESS_BARS': True,
  'REDIS_CACHE': False,
  'REDIS_CONFIG': {'db': 0, 'host': 'localhost', 'port': 6379, 'test_db': 1},
  'REPR_VERBOSITY': 2,
  'SINGLE_MICRO_NODES_WITH_SELFLOOPS_HAVE_PHI': False,
  'SYSTEM_CUTS': '3.0_STYLE',
  'USE_SMALL_PHI_DIFFERENCE_FOR_CES_DISTANCE': False,
  'VALIDATE_CONDITIONAL_INDEPENDENCE': True,
  'VALIDATE_SUBSYSTEM_STATES': True,
  'WELCOME_OFF': False}
2025-02-13 18:04:21,369 [bruteforce_analysis] INFO MainProcess: Log iniciado en 2025-02-13 18:04:21
Ubicacion completa: logs\2025\02\13_18hrs\bruteforce_analysis.log
Copia rapida: logs\latest_bruteforce_analysis.log
2025-02-13 18:18:35,922 [pyphi.conf] INFO MainProcess: PyPhi v1.2.0
2025-02-13 18:18:35,922 [pyphi.conf] INFO MainProcess: Using default configuration (no configuration file provided)
2025-02-13 18:18:35,923 [pyphi.conf] INFO MainProcess: Current PyPhi configuration:
 { 'ASSUME_CUTS_CANNOT_CREATE_NEW_CONCEPTS': False,
  'CACHE_POTENTIAL_PURVIEWS': True,
  'CACHE_REPERTOIRES': True,
  'CACHE_SIAS': False,
  'CACHING_BACKEND': 'fs',
  'CLEAR_SUBSYSTEM_CACHES_AFTER_COMPUTING_SIA': False,
  'CUT_ONE_APPROXIMATION': False,
  'FS_CACHE_DIRECTORY': '__pyphi_cache__',
  'FS_CACHE_VERBOSITY': 0,
  'LOG_FILE': 'pyphi.log',
  'LOG_FILE_LEVEL': 'INFO',
  'LOG_STDOUT_LEVEL': 'WARNING',
  'MAXIMUM_CACHE_MEMORY_PERCENTAGE': 50,
  'MEASURE': 'EMD',
  'MONGODB_CONFIG': { 'collection_name': 'cache',
                      'database_name': 'pyphi',
                      'host': 'localhost',
                      'port': 27017},
  'NUMBER_OF_CORES': -1,
  'PARALLEL_COMPLEX_EVALUATION': False,
  'PARALLEL_CONCEPT_EVALUATION': False,
  'PARALLEL_CUT_EVALUATION': True,
  'PARTITION_TYPE': 'BI',
  'PICK_SMALLEST_PURVIEW': False,
  'PRECISION': 6,
  'PRINT_FRACTIONS': True,
  'PROGRESS_BARS': True,
  'REDIS_CACHE': False,
  'REDIS_CONFIG': {'db': 0, 'host': 'localhost', 'port': 6379, 'test_db': 1},
  'REPR_VERBOSITY': 2,
  'SINGLE_MICRO_NODES_WITH_SELFLOOPS_HAVE_PHI': False,
  'SYSTEM_CUTS': '3.0_STYLE',
  'USE_SMALL_PHI_DIFFERENCE_FOR_CES_DISTANCE': False,
  'VALIDATE_CONDITIONAL_INDEPENDENCE': True,
  'VALIDATE_SUBSYSTEM_STATES': True,
  'WELCOME_OFF': False}
2025-02-13 18:18:36,825 [bruteforce_analysis] INFO MainProcess: Log iniciado en 2025-02-13 18:18:36
Ubicacion completa: logs\2025\02\13_18hrs\bruteforce_analysis.log
Copia rapida: logs\latest_bruteforce_analysis.log
2025-02-13 22:45:09,937 [pyphi.conf] INFO MainProcess: PyPhi v1.2.0
2025-02-13 22:45:09,940 [pyphi.conf] INFO MainProcess: Using default configuration (no configuration file provided)
2025-02-13 22:45:09,941 [pyphi.conf] INFO MainProcess: Current PyPhi configuration:
 { 'ASSUME_CUTS_CANNOT_CREATE_NEW_CONCEPTS': False,
  'CACHE_POTENTIAL_PURVIEWS': True,
  'CACHE_REPERTOIRES': True,
  'CACHE_SIAS': False,
  'CACHING_BACKEND': 'fs',
  'CLEAR_SUBSYSTEM_CACHES_AFTER_COMPUTING_SIA': False,
  'CUT_ONE_APPROXIMATION': False,
  'FS_CACHE_DIRECTORY': '__pyphi_cache__',
  'FS_CACHE_VERBOSITY': 0,
  'LOG_FILE': 'pyphi.log',
  'LOG_FILE_LEVEL': 'INFO',
  'LOG_STDOUT_LEVEL': 'WARNING',
  'MAXIMUM_CACHE_MEMORY_PERCENTAGE': 50,
  'MEASURE': 'EMD',
  'MONGODB_CONFIG': { 'collection_name': 'cache',
                      'database_name': 'pyphi',
                      'host': 'localhost',
                      'port': 27017},
  'NUMBER_OF_CORES': -1,
  'PARALLEL_COMPLEX_EVALUATION': False,
  'PARALLEL_CONCEPT_EVALUATION': False,
  'PARALLEL_CUT_EVALUATION': True,
  'PARTITION_TYPE': 'BI',
  'PICK_SMALLEST_PURVIEW': False,
  'PRECISION': 6,
  'PRINT_FRACTIONS': True,
  'PROGRESS_BARS': True,
  'REDIS_CACHE': False,
  'REDIS_CONFIG': {'db': 0, 'host': 'localhost', 'port': 6379, 'test_db': 1},
  'REPR_VERBOSITY': 2,
  'SINGLE_MICRO_NODES_WITH_SELFLOOPS_HAVE_PHI': False,
  'SYSTEM_CUTS': '3.0_STYLE',
  'USE_SMALL_PHI_DIFFERENCE_FOR_CES_DISTANCE': False,
  'VALIDATE_CONDITIONAL_INDEPENDENCE': True,
  'VALIDATE_SUBSYSTEM_STATES': True,
  'WELCOME_OFF': False}
2025-02-13 22:45:15,927 [bruteforce_analysis] INFO MainProcess: Log iniciado en 2025-02-13 22:45:15
Ubicacion completa: logs\2025\02\13_22hrs\bruteforce_analysis.log
Copia rapida: logs\latest_bruteforce_analysis.log
2025-02-13 22:54:25,196 [pyphi.conf] INFO MainProcess: PyPhi v1.2.0
2025-02-13 22:54:25,196 [pyphi.conf] INFO MainProcess: Using default configuration (no configuration file provided)
2025-02-13 22:54:25,196 [pyphi.conf] INFO MainProcess: Current PyPhi configuration:
 { 'ASSUME_CUTS_CANNOT_CREATE_NEW_CONCEPTS': False,
  'CACHE_POTENTIAL_PURVIEWS': True,
  'CACHE_REPERTOIRES': True,
  'CACHE_SIAS': False,
  'CACHING_BACKEND': 'fs',
  'CLEAR_SUBSYSTEM_CACHES_AFTER_COMPUTING_SIA': False,
  'CUT_ONE_APPROXIMATION': False,
  'FS_CACHE_DIRECTORY': '__pyphi_cache__',
  'FS_CACHE_VERBOSITY': 0,
  'LOG_FILE': 'pyphi.log',
  'LOG_FILE_LEVEL': 'INFO',
  'LOG_STDOUT_LEVEL': 'WARNING',
  'MAXIMUM_CACHE_MEMORY_PERCENTAGE': 50,
  'MEASURE': 'EMD',
  'MONGODB_CONFIG': { 'collection_name': 'cache',
                      'database_name': 'pyphi',
                      'host': 'localhost',
                      'port': 27017},
  'NUMBER_OF_CORES': -1,
  'PARALLEL_COMPLEX_EVALUATION': False,
  'PARALLEL_CONCEPT_EVALUATION': False,
  'PARALLEL_CUT_EVALUATION': True,
  'PARTITION_TYPE': 'BI',
  'PICK_SMALLEST_PURVIEW': False,
  'PRECISION': 6,
  'PRINT_FRACTIONS': True,
  'PROGRESS_BARS': True,
  'REDIS_CACHE': False,
  'REDIS_CONFIG': {'db': 0, 'host': 'localhost', 'port': 6379, 'test_db': 1},
  'REPR_VERBOSITY': 2,
  'SINGLE_MICRO_NODES_WITH_SELFLOOPS_HAVE_PHI': False,
  'SYSTEM_CUTS': '3.0_STYLE',
  'USE_SMALL_PHI_DIFFERENCE_FOR_CES_DISTANCE': False,
  'VALIDATE_CONDITIONAL_INDEPENDENCE': True,
  'VALIDATE_SUBSYSTEM_STATES': True,
  'WELCOME_OFF': False}
2025-02-13 22:54:25,986 [bruteforce_analysis] INFO MainProcess: Log iniciado en 2025-02-13 22:54:25
Ubicacion completa: logs\2025\02\13_22hrs\bruteforce_analysis.log
Copia rapida: logs\latest_bruteforce_analysis.log
2025-02-13 22:55:23,426 [pyphi.conf] INFO MainProcess: PyPhi v1.2.0
2025-02-13 22:55:23,426 [pyphi.conf] INFO MainProcess: Using default configuration (no configuration file provided)
2025-02-13 22:55:23,426 [pyphi.conf] INFO MainProcess: Current PyPhi configuration:
 { 'ASSUME_CUTS_CANNOT_CREATE_NEW_CONCEPTS': False,
  'CACHE_POTENTIAL_PURVIEWS': True,
  'CACHE_REPERTOIRES': True,
  'CACHE_SIAS': False,
  'CACHING_BACKEND': 'fs',
  'CLEAR_SUBSYSTEM_CACHES_AFTER_COMPUTING_SIA': False,
  'CUT_ONE_APPROXIMATION': False,
  'FS_CACHE_DIRECTORY': '__pyphi_cache__',
  'FS_CACHE_VERBOSITY': 0,
  'LOG_FILE': 'pyphi.log',
  'LOG_FILE_LEVEL': 'INFO',
  'LOG_STDOUT_LEVEL': 'WARNING',
  'MAXIMUM_CACHE_MEMORY_PERCENTAGE': 50,
  'MEASURE': 'EMD',
  'MONGODB_CONFIG': { 'collection_name': 'cache',
                      'database_name': 'pyphi',
                      'host': 'localhost',
                      'port': 27017},
  'NUMBER_OF_CORES': -1,
  'PARALLEL_COMPLEX_EVALUATION': False,
  'PARALLEL_CONCEPT_EVALUATION': False,
  'PARALLEL_CUT_EVALUATION': True,
  'PARTITION_TYPE': 'BI',
  'PICK_SMALLEST_PURVIEW': False,
  'PRECISION': 6,
  'PRINT_FRACTIONS': True,
  'PROGRESS_BARS': True,
  'REDIS_CACHE': False,
  'REDIS_CONFIG': {'db': 0, 'host': 'localhost', 'port': 6379, 'test_db': 1},
  'REPR_VERBOSITY': 2,
  'SINGLE_MICRO_NODES_WITH_SELFLOOPS_HAVE_PHI': False,
  'SYSTEM_CUTS': '3.0_STYLE',
  'USE_SMALL_PHI_DIFFERENCE_FOR_CES_DISTANCE': False,
  'VALIDATE_CONDITIONAL_INDEPENDENCE': True,
  'VALIDATE_SUBSYSTEM_STATES': True,
  'WELCOME_OFF': False}
2025-02-13 22:55:24,196 [bruteforce_analysis] INFO MainProcess: Log iniciado en 2025-02-13 22:55:24
Ubicacion completa: logs\2025\02\13_22hrs\bruteforce_analysis.log
Copia rapida: logs\latest_bruteforce_analysis.log
2025-02-13 23:03:03,816 [pyphi.conf] INFO MainProcess: PyPhi v1.2.0
2025-02-13 23:03:03,816 [pyphi.conf] INFO MainProcess: Using default configuration (no configuration file provided)
2025-02-13 23:03:03,816 [pyphi.conf] INFO MainProcess: Current PyPhi configuration:
 { 'ASSUME_CUTS_CANNOT_CREATE_NEW_CONCEPTS': False,
  'CACHE_POTENTIAL_PURVIEWS': True,
  'CACHE_REPERTOIRES': True,
  'CACHE_SIAS': False,
  'CACHING_BACKEND': 'fs',
  'CLEAR_SUBSYSTEM_CACHES_AFTER_COMPUTING_SIA': False,
  'CUT_ONE_APPROXIMATION': False,
  'FS_CACHE_DIRECTORY': '__pyphi_cache__',
  'FS_CACHE_VERBOSITY': 0,
  'LOG_FILE': 'pyphi.log',
  'LOG_FILE_LEVEL': 'INFO',
  'LOG_STDOUT_LEVEL': 'WARNING',
  'MAXIMUM_CACHE_MEMORY_PERCENTAGE': 50,
  'MEASURE': 'EMD',
  'MONGODB_CONFIG': { 'collection_name': 'cache',
                      'database_name': 'pyphi',
                      'host': 'localhost',
                      'port': 27017},
  'NUMBER_OF_CORES': -1,
  'PARALLEL_COMPLEX_EVALUATION': False,
  'PARALLEL_CONCEPT_EVALUATION': False,
  'PARALLEL_CUT_EVALUATION': True,
  'PARTITION_TYPE': 'BI',
  'PICK_SMALLEST_PURVIEW': False,
  'PRECISION': 6,
  'PRINT_FRACTIONS': True,
  'PROGRESS_BARS': True,
  'REDIS_CACHE': False,
  'REDIS_CONFIG': {'db': 0, 'host': 'localhost', 'port': 6379, 'test_db': 1},
  'REPR_VERBOSITY': 2,
  'SINGLE_MICRO_NODES_WITH_SELFLOOPS_HAVE_PHI': False,
  'SYSTEM_CUTS': '3.0_STYLE',
  'USE_SMALL_PHI_DIFFERENCE_FOR_CES_DISTANCE': False,
  'VALIDATE_CONDITIONAL_INDEPENDENCE': True,
  'VALIDATE_SUBSYSTEM_STATES': True,
  'WELCOME_OFF': False}
2025-02-13 23:03:04,588 [bruteforce_analysis] INFO MainProcess: Log iniciado en 2025-02-13 23:03:04
Ubicacion completa: logs\2025\02\13_23hrs\bruteforce_analysis.log
Copia rapida: logs\latest_bruteforce_analysis.log
2025-02-16 02:39:34,580 [pyphi.conf] INFO MainProcess: PyPhi v1.2.0
2025-02-16 02:39:34,580 [pyphi.conf] INFO MainProcess: Using default configuration (no configuration file provided)
2025-02-16 02:39:34,580 [pyphi.conf] INFO MainProcess: Current PyPhi configuration:
 { 'ASSUME_CUTS_CANNOT_CREATE_NEW_CONCEPTS': False,
  'CACHE_POTENTIAL_PURVIEWS': True,
  'CACHE_REPERTOIRES': True,
  'CACHE_SIAS': False,
  'CACHING_BACKEND': 'fs',
  'CLEAR_SUBSYSTEM_CACHES_AFTER_COMPUTING_SIA': False,
  'CUT_ONE_APPROXIMATION': False,
  'FS_CACHE_DIRECTORY': '__pyphi_cache__',
  'FS_CACHE_VERBOSITY': 0,
  'LOG_FILE': 'pyphi.log',
  'LOG_FILE_LEVEL': 'INFO',
  'LOG_STDOUT_LEVEL': 'WARNING',
  'MAXIMUM_CACHE_MEMORY_PERCENTAGE': 50,
  'MEASURE': 'EMD',
  'MONGODB_CONFIG': { 'collection_name': 'cache',
                      'database_name': 'pyphi',
                      'host': 'localhost',
                      'port': 27017},
  'NUMBER_OF_CORES': -1,
  'PARALLEL_COMPLEX_EVALUATION': False,
  'PARALLEL_CONCEPT_EVALUATION': False,
  'PARALLEL_CUT_EVALUATION': True,
  'PARTITION_TYPE': 'BI',
  'PICK_SMALLEST_PURVIEW': False,
  'PRECISION': 6,
  'PRINT_FRACTIONS': True,
  'PROGRESS_BARS': True,
  'REDIS_CACHE': False,
  'REDIS_CONFIG': {'db': 0, 'host': 'localhost', 'port': 6379, 'test_db': 1},
  'REPR_VERBOSITY': 2,
  'SINGLE_MICRO_NODES_WITH_SELFLOOPS_HAVE_PHI': False,
  'SYSTEM_CUTS': '3.0_STYLE',
  'USE_SMALL_PHI_DIFFERENCE_FOR_CES_DISTANCE': False,
  'VALIDATE_CONDITIONAL_INDEPENDENCE': True,
  'VALIDATE_SUBSYSTEM_STATES': True,
  'WELCOME_OFF': False}
2025-02-16 02:39:39,746 [bruteforce_analysis] INFO MainProcess: Log iniciado en 2025-02-16 02:39:39
Ubicacion completa: logs\2025\02\16_02hrs\bruteforce_analysis.log
Copia rapida: logs\latest_bruteforce_analysis.log
2025-02-16 02:40:30,747 [pyphi.conf] INFO MainProcess: PyPhi v1.2.0
2025-02-16 02:40:30,747 [pyphi.conf] INFO MainProcess: Using default configuration (no configuration file provided)
2025-02-16 02:40:30,748 [pyphi.conf] INFO MainProcess: Current PyPhi configuration:
 { 'ASSUME_CUTS_CANNOT_CREATE_NEW_CONCEPTS': False,
  'CACHE_POTENTIAL_PURVIEWS': True,
  'CACHE_REPERTOIRES': True,
  'CACHE_SIAS': False,
  'CACHING_BACKEND': 'fs',
  'CLEAR_SUBSYSTEM_CACHES_AFTER_COMPUTING_SIA': False,
  'CUT_ONE_APPROXIMATION': False,
  'FS_CACHE_DIRECTORY': '__pyphi_cache__',
  'FS_CACHE_VERBOSITY': 0,
  'LOG_FILE': 'pyphi.log',
  'LOG_FILE_LEVEL': 'INFO',
  'LOG_STDOUT_LEVEL': 'WARNING',
  'MAXIMUM_CACHE_MEMORY_PERCENTAGE': 50,
  'MEASURE': 'EMD',
  'MONGODB_CONFIG': { 'collection_name': 'cache',
                      'database_name': 'pyphi',
                      'host': 'localhost',
                      'port': 27017},
  'NUMBER_OF_CORES': -1,
  'PARALLEL_COMPLEX_EVALUATION': False,
  'PARALLEL_CONCEPT_EVALUATION': False,
  'PARALLEL_CUT_EVALUATION': True,
  'PARTITION_TYPE': 'BI',
  'PICK_SMALLEST_PURVIEW': False,
  'PRECISION': 6,
  'PRINT_FRACTIONS': True,
  'PROGRESS_BARS': True,
  'REDIS_CACHE': False,
  'REDIS_CONFIG': {'db': 0, 'host': 'localhost', 'port': 6379, 'test_db': 1},
  'REPR_VERBOSITY': 2,
  'SINGLE_MICRO_NODES_WITH_SELFLOOPS_HAVE_PHI': False,
  'SYSTEM_CUTS': '3.0_STYLE',
  'USE_SMALL_PHI_DIFFERENCE_FOR_CES_DISTANCE': False,
  'VALIDATE_CONDITIONAL_INDEPENDENCE': True,
  'VALIDATE_SUBSYSTEM_STATES': True,
  'WELCOME_OFF': False}
2025-02-16 02:40:31,535 [bruteforce_analysis] INFO MainProcess: Log iniciado en 2025-02-16 02:40:31
Ubicacion completa: logs\2025\02\16_02hrs\bruteforce_analysis.log
Copia rapida: logs\latest_bruteforce_analysis.log
2025-02-16 02:41:17,456 [pyphi.conf] INFO MainProcess: PyPhi v1.2.0
2025-02-16 02:41:17,456 [pyphi.conf] INFO MainProcess: Using default configuration (no configuration file provided)
2025-02-16 02:41:17,457 [pyphi.conf] INFO MainProcess: Current PyPhi configuration:
 { 'ASSUME_CUTS_CANNOT_CREATE_NEW_CONCEPTS': False,
  'CACHE_POTENTIAL_PURVIEWS': True,
  'CACHE_REPERTOIRES': True,
  'CACHE_SIAS': False,
  'CACHING_BACKEND': 'fs',
  'CLEAR_SUBSYSTEM_CACHES_AFTER_COMPUTING_SIA': False,
  'CUT_ONE_APPROXIMATION': False,
  'FS_CACHE_DIRECTORY': '__pyphi_cache__',
  'FS_CACHE_VERBOSITY': 0,
  'LOG_FILE': 'pyphi.log',
  'LOG_FILE_LEVEL': 'INFO',
  'LOG_STDOUT_LEVEL': 'WARNING',
  'MAXIMUM_CACHE_MEMORY_PERCENTAGE': 50,
  'MEASURE': 'EMD',
  'MONGODB_CONFIG': { 'collection_name': 'cache',
                      'database_name': 'pyphi',
                      'host': 'localhost',
                      'port': 27017},
  'NUMBER_OF_CORES': -1,
  'PARALLEL_COMPLEX_EVALUATION': False,
  'PARALLEL_CONCEPT_EVALUATION': False,
  'PARALLEL_CUT_EVALUATION': True,
  'PARTITION_TYPE': 'BI',
  'PICK_SMALLEST_PURVIEW': False,
  'PRECISION': 6,
  'PRINT_FRACTIONS': True,
  'PROGRESS_BARS': True,
  'REDIS_CACHE': False,
  'REDIS_CONFIG': {'db': 0, 'host': 'localhost', 'port': 6379, 'test_db': 1},
  'REPR_VERBOSITY': 2,
  'SINGLE_MICRO_NODES_WITH_SELFLOOPS_HAVE_PHI': False,
  'SYSTEM_CUTS': '3.0_STYLE',
  'USE_SMALL_PHI_DIFFERENCE_FOR_CES_DISTANCE': False,
  'VALIDATE_CONDITIONAL_INDEPENDENCE': True,
  'VALIDATE_SUBSYSTEM_STATES': True,
  'WELCOME_OFF': False}
2025-02-16 02:41:18,180 [bruteforce_analysis] INFO MainProcess: Log iniciado en 2025-02-16 02:41:18
Ubicacion completa: logs\2025\02\16_02hrs\bruteforce_analysis.log
Copia rapida: logs\latest_bruteforce_analysis.log
2025-02-16 02:42:08,854 [pyphi.conf] INFO MainProcess: PyPhi v1.2.0
2025-02-16 02:42:08,854 [pyphi.conf] INFO MainProcess: Using default configuration (no configuration file provided)
2025-02-16 02:42:08,854 [pyphi.conf] INFO MainProcess: Current PyPhi configuration:
 { 'ASSUME_CUTS_CANNOT_CREATE_NEW_CONCEPTS': False,
  'CACHE_POTENTIAL_PURVIEWS': True,
  'CACHE_REPERTOIRES': True,
  'CACHE_SIAS': False,
  'CACHING_BACKEND': 'fs',
  'CLEAR_SUBSYSTEM_CACHES_AFTER_COMPUTING_SIA': False,
  'CUT_ONE_APPROXIMATION': False,
  'FS_CACHE_DIRECTORY': '__pyphi_cache__',
  'FS_CACHE_VERBOSITY': 0,
  'LOG_FILE': 'pyphi.log',
  'LOG_FILE_LEVEL': 'INFO',
  'LOG_STDOUT_LEVEL': 'WARNING',
  'MAXIMUM_CACHE_MEMORY_PERCENTAGE': 50,
  'MEASURE': 'EMD',
  'MONGODB_CONFIG': { 'collection_name': 'cache',
                      'database_name': 'pyphi',
                      'host': 'localhost',
                      'port': 27017},
  'NUMBER_OF_CORES': -1,
  'PARALLEL_COMPLEX_EVALUATION': False,
  'PARALLEL_CONCEPT_EVALUATION': False,
  'PARALLEL_CUT_EVALUATION': True,
  'PARTITION_TYPE': 'BI',
  'PICK_SMALLEST_PURVIEW': False,
  'PRECISION': 6,
  'PRINT_FRACTIONS': True,
  'PROGRESS_BARS': True,
  'REDIS_CACHE': False,
  'REDIS_CONFIG': {'db': 0, 'host': 'localhost', 'port': 6379, 'test_db': 1},
  'REPR_VERBOSITY': 2,
  'SINGLE_MICRO_NODES_WITH_SELFLOOPS_HAVE_PHI': False,
  'SYSTEM_CUTS': '3.0_STYLE',
  'USE_SMALL_PHI_DIFFERENCE_FOR_CES_DISTANCE': False,
  'VALIDATE_CONDITIONAL_INDEPENDENCE': True,
  'VALIDATE_SUBSYSTEM_STATES': True,
  'WELCOME_OFF': False}
2025-02-16 02:42:09,663 [bruteforce_analysis] INFO MainProcess: Log iniciado en 2025-02-16 02:42:09
Ubicacion completa: logs\2025\02\16_02hrs\bruteforce_analysis.log
Copia rapida: logs\latest_bruteforce_analysis.log
2025-02-16 02:43:24,916 [pyphi.conf] INFO MainProcess: PyPhi v1.2.0
2025-02-16 02:43:24,917 [pyphi.conf] INFO MainProcess: Using default configuration (no configuration file provided)
2025-02-16 02:43:24,918 [pyphi.conf] INFO MainProcess: Current PyPhi configuration:
 { 'ASSUME_CUTS_CANNOT_CREATE_NEW_CONCEPTS': False,
  'CACHE_POTENTIAL_PURVIEWS': True,
  'CACHE_REPERTOIRES': True,
  'CACHE_SIAS': False,
  'CACHING_BACKEND': 'fs',
  'CLEAR_SUBSYSTEM_CACHES_AFTER_COMPUTING_SIA': False,
  'CUT_ONE_APPROXIMATION': False,
  'FS_CACHE_DIRECTORY': '__pyphi_cache__',
  'FS_CACHE_VERBOSITY': 0,
  'LOG_FILE': 'pyphi.log',
  'LOG_FILE_LEVEL': 'INFO',
  'LOG_STDOUT_LEVEL': 'WARNING',
  'MAXIMUM_CACHE_MEMORY_PERCENTAGE': 50,
  'MEASURE': 'EMD',
  'MONGODB_CONFIG': { 'collection_name': 'cache',
                      'database_name': 'pyphi',
                      'host': 'localhost',
                      'port': 27017},
  'NUMBER_OF_CORES': -1,
  'PARALLEL_COMPLEX_EVALUATION': False,
  'PARALLEL_CONCEPT_EVALUATION': False,
  'PARALLEL_CUT_EVALUATION': True,
  'PARTITION_TYPE': 'BI',
  'PICK_SMALLEST_PURVIEW': False,
  'PRECISION': 6,
  'PRINT_FRACTIONS': True,
  'PROGRESS_BARS': True,
  'REDIS_CACHE': False,
  'REDIS_CONFIG': {'db': 0, 'host': 'localhost', 'port': 6379, 'test_db': 1},
  'REPR_VERBOSITY': 2,
  'SINGLE_MICRO_NODES_WITH_SELFLOOPS_HAVE_PHI': False,
  'SYSTEM_CUTS': '3.0_STYLE',
  'USE_SMALL_PHI_DIFFERENCE_FOR_CES_DISTANCE': False,
  'VALIDATE_CONDITIONAL_INDEPENDENCE': True,
  'VALIDATE_SUBSYSTEM_STATES': True,
  'WELCOME_OFF': False}
2025-02-16 02:43:25,766 [bruteforce_analysis] INFO MainProcess: Log iniciado en 2025-02-16 02:43:25
Ubicacion completa: logs\2025\02\16_02hrs\bruteforce_analysis.log
Copia rapida: logs\latest_bruteforce_analysis.log
2025-02-16 02:44:08,574 [pyphi.conf] INFO MainProcess: PyPhi v1.2.0
2025-02-16 02:44:08,574 [pyphi.conf] INFO MainProcess: Using default configuration (no configuration file provided)
2025-02-16 02:44:08,574 [pyphi.conf] INFO MainProcess: Current PyPhi configuration:
 { 'ASSUME_CUTS_CANNOT_CREATE_NEW_CONCEPTS': False,
  'CACHE_POTENTIAL_PURVIEWS': True,
  'CACHE_REPERTOIRES': True,
  'CACHE_SIAS': False,
  'CACHING_BACKEND': 'fs',
  'CLEAR_SUBSYSTEM_CACHES_AFTER_COMPUTING_SIA': False,
  'CUT_ONE_APPROXIMATION': False,
  'FS_CACHE_DIRECTORY': '__pyphi_cache__',
  'FS_CACHE_VERBOSITY': 0,
  'LOG_FILE': 'pyphi.log',
  'LOG_FILE_LEVEL': 'INFO',
  'LOG_STDOUT_LEVEL': 'WARNING',
  'MAXIMUM_CACHE_MEMORY_PERCENTAGE': 50,
  'MEASURE': 'EMD',
  'MONGODB_CONFIG': { 'collection_name': 'cache',
                      'database_name': 'pyphi',
                      'host': 'localhost',
                      'port': 27017},
  'NUMBER_OF_CORES': -1,
  'PARALLEL_COMPLEX_EVALUATION': False,
  'PARALLEL_CONCEPT_EVALUATION': False,
  'PARALLEL_CUT_EVALUATION': True,
  'PARTITION_TYPE': 'BI',
  'PICK_SMALLEST_PURVIEW': False,
  'PRECISION': 6,
  'PRINT_FRACTIONS': True,
  'PROGRESS_BARS': True,
  'REDIS_CACHE': False,
  'REDIS_CONFIG': {'db': 0, 'host': 'localhost', 'port': 6379, 'test_db': 1},
  'REPR_VERBOSITY': 2,
  'SINGLE_MICRO_NODES_WITH_SELFLOOPS_HAVE_PHI': False,
  'SYSTEM_CUTS': '3.0_STYLE',
  'USE_SMALL_PHI_DIFFERENCE_FOR_CES_DISTANCE': False,
  'VALIDATE_CONDITIONAL_INDEPENDENCE': True,
  'VALIDATE_SUBSYSTEM_STATES': True,
  'WELCOME_OFF': False}
2025-02-16 02:44:09,331 [bruteforce_analysis] INFO MainProcess: Log iniciado en 2025-02-16 02:44:09
Ubicacion completa: logs\2025\02\16_02hrs\bruteforce_analysis.log
Copia rapida: logs\latest_bruteforce_analysis.log
2025-02-16 02:45:19,804 [pyphi.conf] INFO MainProcess: PyPhi v1.2.0
2025-02-16 02:45:19,804 [pyphi.conf] INFO MainProcess: Using default configuration (no configuration file provided)
2025-02-16 02:45:19,805 [pyphi.conf] INFO MainProcess: Current PyPhi configuration:
 { 'ASSUME_CUTS_CANNOT_CREATE_NEW_CONCEPTS': False,
  'CACHE_POTENTIAL_PURVIEWS': True,
  'CACHE_REPERTOIRES': True,
  'CACHE_SIAS': False,
  'CACHING_BACKEND': 'fs',
  'CLEAR_SUBSYSTEM_CACHES_AFTER_COMPUTING_SIA': False,
  'CUT_ONE_APPROXIMATION': False,
  'FS_CACHE_DIRECTORY': '__pyphi_cache__',
  'FS_CACHE_VERBOSITY': 0,
  'LOG_FILE': 'pyphi.log',
  'LOG_FILE_LEVEL': 'INFO',
  'LOG_STDOUT_LEVEL': 'WARNING',
  'MAXIMUM_CACHE_MEMORY_PERCENTAGE': 50,
  'MEASURE': 'EMD',
  'MONGODB_CONFIG': { 'collection_name': 'cache',
                      'database_name': 'pyphi',
                      'host': 'localhost',
                      'port': 27017},
  'NUMBER_OF_CORES': -1,
  'PARALLEL_COMPLEX_EVALUATION': False,
  'PARALLEL_CONCEPT_EVALUATION': False,
  'PARALLEL_CUT_EVALUATION': True,
  'PARTITION_TYPE': 'BI',
  'PICK_SMALLEST_PURVIEW': False,
  'PRECISION': 6,
  'PRINT_FRACTIONS': True,
  'PROGRESS_BARS': True,
  'REDIS_CACHE': False,
  'REDIS_CONFIG': {'db': 0, 'host': 'localhost', 'port': 6379, 'test_db': 1},
  'REPR_VERBOSITY': 2,
  'SINGLE_MICRO_NODES_WITH_SELFLOOPS_HAVE_PHI': False,
  'SYSTEM_CUTS': '3.0_STYLE',
  'USE_SMALL_PHI_DIFFERENCE_FOR_CES_DISTANCE': False,
  'VALIDATE_CONDITIONAL_INDEPENDENCE': True,
  'VALIDATE_SUBSYSTEM_STATES': True,
  'WELCOME_OFF': False}
2025-02-16 02:45:20,546 [bruteforce_analysis] INFO MainProcess: Log iniciado en 2025-02-16 02:45:20
Ubicacion completa: logs\2025\02\16_02hrs\bruteforce_analysis.log
Copia rapida: logs\latest_bruteforce_analysis.log
2025-02-16 02:46:14,558 [pyphi.conf] INFO MainProcess: PyPhi v1.2.0
2025-02-16 02:46:14,558 [pyphi.conf] INFO MainProcess: Using default configuration (no configuration file provided)
2025-02-16 02:46:14,558 [pyphi.conf] INFO MainProcess: Current PyPhi configuration:
 { 'ASSUME_CUTS_CANNOT_CREATE_NEW_CONCEPTS': False,
  'CACHE_POTENTIAL_PURVIEWS': True,
  'CACHE_REPERTOIRES': True,
  'CACHE_SIAS': False,
  'CACHING_BACKEND': 'fs',
  'CLEAR_SUBSYSTEM_CACHES_AFTER_COMPUTING_SIA': False,
  'CUT_ONE_APPROXIMATION': False,
  'FS_CACHE_DIRECTORY': '__pyphi_cache__',
  'FS_CACHE_VERBOSITY': 0,
  'LOG_FILE': 'pyphi.log',
  'LOG_FILE_LEVEL': 'INFO',
  'LOG_STDOUT_LEVEL': 'WARNING',
  'MAXIMUM_CACHE_MEMORY_PERCENTAGE': 50,
  'MEASURE': 'EMD',
  'MONGODB_CONFIG': { 'collection_name': 'cache',
                      'database_name': 'pyphi',
                      'host': 'localhost',
                      'port': 27017},
  'NUMBER_OF_CORES': -1,
  'PARALLEL_COMPLEX_EVALUATION': False,
  'PARALLEL_CONCEPT_EVALUATION': False,
  'PARALLEL_CUT_EVALUATION': True,
  'PARTITION_TYPE': 'BI',
  'PICK_SMALLEST_PURVIEW': False,
  'PRECISION': 6,
  'PRINT_FRACTIONS': True,
  'PROGRESS_BARS': True,
  'REDIS_CACHE': False,
  'REDIS_CONFIG': {'db': 0, 'host': 'localhost', 'port': 6379, 'test_db': 1},
  'REPR_VERBOSITY': 2,
  'SINGLE_MICRO_NODES_WITH_SELFLOOPS_HAVE_PHI': False,
  'SYSTEM_CUTS': '3.0_STYLE',
  'USE_SMALL_PHI_DIFFERENCE_FOR_CES_DISTANCE': False,
  'VALIDATE_CONDITIONAL_INDEPENDENCE': True,
  'VALIDATE_SUBSYSTEM_STATES': True,
  'WELCOME_OFF': False}
2025-02-16 02:46:15,361 [bruteforce_analysis] INFO MainProcess: Log iniciado en 2025-02-16 02:46:15
Ubicacion completa: logs\2025\02\16_02hrs\bruteforce_analysis.log
Copia rapida: logs\latest_bruteforce_analysis.log
2025-02-16 02:47:30,198 [pyphi.conf] INFO MainProcess: PyPhi v1.2.0
2025-02-16 02:47:30,198 [pyphi.conf] INFO MainProcess: Using default configuration (no configuration file provided)
2025-02-16 02:47:30,198 [pyphi.conf] INFO MainProcess: Current PyPhi configuration:
 { 'ASSUME_CUTS_CANNOT_CREATE_NEW_CONCEPTS': False,
  'CACHE_POTENTIAL_PURVIEWS': True,
  'CACHE_REPERTOIRES': True,
  'CACHE_SIAS': False,
  'CACHING_BACKEND': 'fs',
  'CLEAR_SUBSYSTEM_CACHES_AFTER_COMPUTING_SIA': False,
  'CUT_ONE_APPROXIMATION': False,
  'FS_CACHE_DIRECTORY': '__pyphi_cache__',
  'FS_CACHE_VERBOSITY': 0,
  'LOG_FILE': 'pyphi.log',
  'LOG_FILE_LEVEL': 'INFO',
  'LOG_STDOUT_LEVEL': 'WARNING',
  'MAXIMUM_CACHE_MEMORY_PERCENTAGE': 50,
  'MEASURE': 'EMD',
  'MONGODB_CONFIG': { 'collection_name': 'cache',
                      'database_name': 'pyphi',
                      'host': 'localhost',
                      'port': 27017},
  'NUMBER_OF_CORES': -1,
  'PARALLEL_COMPLEX_EVALUATION': False,
  'PARALLEL_CONCEPT_EVALUATION': False,
  'PARALLEL_CUT_EVALUATION': True,
  'PARTITION_TYPE': 'BI',
  'PICK_SMALLEST_PURVIEW': False,
  'PRECISION': 6,
  'PRINT_FRACTIONS': True,
  'PROGRESS_BARS': True,
  'REDIS_CACHE': False,
  'REDIS_CONFIG': {'db': 0, 'host': 'localhost', 'port': 6379, 'test_db': 1},
  'REPR_VERBOSITY': 2,
  'SINGLE_MICRO_NODES_WITH_SELFLOOPS_HAVE_PHI': False,
  'SYSTEM_CUTS': '3.0_STYLE',
  'USE_SMALL_PHI_DIFFERENCE_FOR_CES_DISTANCE': False,
  'VALIDATE_CONDITIONAL_INDEPENDENCE': True,
  'VALIDATE_SUBSYSTEM_STATES': True,
  'WELCOME_OFF': False}
2025-02-16 02:47:30,935 [bruteforce_analysis] INFO MainProcess: Log iniciado en 2025-02-16 02:47:30
Ubicacion completa: logs\2025\02\16_02hrs\bruteforce_analysis.log
Copia rapida: logs\latest_bruteforce_analysis.log
2025-02-16 02:57:37,069 [pyphi.conf] INFO MainProcess: PyPhi v1.2.0
2025-02-16 02:57:37,069 [pyphi.conf] INFO MainProcess: Using default configuration (no configuration file provided)
2025-02-16 02:57:37,069 [pyphi.conf] INFO MainProcess: Current PyPhi configuration:
 { 'ASSUME_CUTS_CANNOT_CREATE_NEW_CONCEPTS': False,
  'CACHE_POTENTIAL_PURVIEWS': True,
  'CACHE_REPERTOIRES': True,
  'CACHE_SIAS': False,
  'CACHING_BACKEND': 'fs',
  'CLEAR_SUBSYSTEM_CACHES_AFTER_COMPUTING_SIA': False,
  'CUT_ONE_APPROXIMATION': False,
  'FS_CACHE_DIRECTORY': '__pyphi_cache__',
  'FS_CACHE_VERBOSITY': 0,
  'LOG_FILE': 'pyphi.log',
  'LOG_FILE_LEVEL': 'INFO',
  'LOG_STDOUT_LEVEL': 'WARNING',
  'MAXIMUM_CACHE_MEMORY_PERCENTAGE': 50,
  'MEASURE': 'EMD',
  'MONGODB_CONFIG': { 'collection_name': 'cache',
                      'database_name': 'pyphi',
                      'host': 'localhost',
                      'port': 27017},
  'NUMBER_OF_CORES': -1,
  'PARALLEL_COMPLEX_EVALUATION': False,
  'PARALLEL_CONCEPT_EVALUATION': False,
  'PARALLEL_CUT_EVALUATION': True,
  'PARTITION_TYPE': 'BI',
  'PICK_SMALLEST_PURVIEW': False,
  'PRECISION': 6,
  'PRINT_FRACTIONS': True,
  'PROGRESS_BARS': True,
  'REDIS_CACHE': False,
  'REDIS_CONFIG': {'db': 0, 'host': 'localhost', 'port': 6379, 'test_db': 1},
  'REPR_VERBOSITY': 2,
  'SINGLE_MICRO_NODES_WITH_SELFLOOPS_HAVE_PHI': False,
  'SYSTEM_CUTS': '3.0_STYLE',
  'USE_SMALL_PHI_DIFFERENCE_FOR_CES_DISTANCE': False,
  'VALIDATE_CONDITIONAL_INDEPENDENCE': True,
  'VALIDATE_SUBSYSTEM_STATES': True,
  'WELCOME_OFF': False}
2025-02-16 02:57:38,155 [bruteforce_analysis] INFO MainProcess: Log iniciado en 2025-02-16 02:57:38
Ubicacion completa: logs\2025\02\16_02hrs\bruteforce_analysis.log
Copia rapida: logs\latest_bruteforce_analysis.log
2025-02-16 02:58:58,388 [pyphi.conf] INFO MainProcess: PyPhi v1.2.0
2025-02-16 02:58:58,389 [pyphi.conf] INFO MainProcess: Using default configuration (no configuration file provided)
2025-02-16 02:58:58,389 [pyphi.conf] INFO MainProcess: Current PyPhi configuration:
 { 'ASSUME_CUTS_CANNOT_CREATE_NEW_CONCEPTS': False,
  'CACHE_POTENTIAL_PURVIEWS': True,
  'CACHE_REPERTOIRES': True,
  'CACHE_SIAS': False,
  'CACHING_BACKEND': 'fs',
  'CLEAR_SUBSYSTEM_CACHES_AFTER_COMPUTING_SIA': False,
  'CUT_ONE_APPROXIMATION': False,
  'FS_CACHE_DIRECTORY': '__pyphi_cache__',
  'FS_CACHE_VERBOSITY': 0,
  'LOG_FILE': 'pyphi.log',
  'LOG_FILE_LEVEL': 'INFO',
  'LOG_STDOUT_LEVEL': 'WARNING',
  'MAXIMUM_CACHE_MEMORY_PERCENTAGE': 50,
  'MEASURE': 'EMD',
  'MONGODB_CONFIG': { 'collection_name': 'cache',
                      'database_name': 'pyphi',
                      'host': 'localhost',
                      'port': 27017},
  'NUMBER_OF_CORES': -1,
  'PARALLEL_COMPLEX_EVALUATION': False,
  'PARALLEL_CONCEPT_EVALUATION': False,
  'PARALLEL_CUT_EVALUATION': True,
  'PARTITION_TYPE': 'BI',
  'PICK_SMALLEST_PURVIEW': False,
  'PRECISION': 6,
  'PRINT_FRACTIONS': True,
  'PROGRESS_BARS': True,
  'REDIS_CACHE': False,
  'REDIS_CONFIG': {'db': 0, 'host': 'localhost', 'port': 6379, 'test_db': 1},
  'REPR_VERBOSITY': 2,
  'SINGLE_MICRO_NODES_WITH_SELFLOOPS_HAVE_PHI': False,
  'SYSTEM_CUTS': '3.0_STYLE',
  'USE_SMALL_PHI_DIFFERENCE_FOR_CES_DISTANCE': False,
  'VALIDATE_CONDITIONAL_INDEPENDENCE': True,
  'VALIDATE_SUBSYSTEM_STATES': True,
  'WELCOME_OFF': False}
2025-02-16 02:58:59,226 [bruteforce_analysis] INFO MainProcess: Log iniciado en 2025-02-16 02:58:59
Ubicacion completa: logs\2025\02\16_02hrs\bruteforce_analysis.log
Copia rapida: logs\latest_bruteforce_analysis.log
2025-02-16 02:59:38,754 [pyphi.conf] INFO MainProcess: PyPhi v1.2.0
2025-02-16 02:59:38,754 [pyphi.conf] INFO MainProcess: Using default configuration (no configuration file provided)
2025-02-16 02:59:38,754 [pyphi.conf] INFO MainProcess: Current PyPhi configuration:
 { 'ASSUME_CUTS_CANNOT_CREATE_NEW_CONCEPTS': False,
  'CACHE_POTENTIAL_PURVIEWS': True,
  'CACHE_REPERTOIRES': True,
  'CACHE_SIAS': False,
  'CACHING_BACKEND': 'fs',
  'CLEAR_SUBSYSTEM_CACHES_AFTER_COMPUTING_SIA': False,
  'CUT_ONE_APPROXIMATION': False,
  'FS_CACHE_DIRECTORY': '__pyphi_cache__',
  'FS_CACHE_VERBOSITY': 0,
  'LOG_FILE': 'pyphi.log',
  'LOG_FILE_LEVEL': 'INFO',
  'LOG_STDOUT_LEVEL': 'WARNING',
  'MAXIMUM_CACHE_MEMORY_PERCENTAGE': 50,
  'MEASURE': 'EMD',
  'MONGODB_CONFIG': { 'collection_name': 'cache',
                      'database_name': 'pyphi',
                      'host': 'localhost',
                      'port': 27017},
  'NUMBER_OF_CORES': -1,
  'PARALLEL_COMPLEX_EVALUATION': False,
  'PARALLEL_CONCEPT_EVALUATION': False,
  'PARALLEL_CUT_EVALUATION': True,
  'PARTITION_TYPE': 'BI',
  'PICK_SMALLEST_PURVIEW': False,
  'PRECISION': 6,
  'PRINT_FRACTIONS': True,
  'PROGRESS_BARS': True,
  'REDIS_CACHE': False,
  'REDIS_CONFIG': {'db': 0, 'host': 'localhost', 'port': 6379, 'test_db': 1},
  'REPR_VERBOSITY': 2,
  'SINGLE_MICRO_NODES_WITH_SELFLOOPS_HAVE_PHI': False,
  'SYSTEM_CUTS': '3.0_STYLE',
  'USE_SMALL_PHI_DIFFERENCE_FOR_CES_DISTANCE': False,
  'VALIDATE_CONDITIONAL_INDEPENDENCE': True,
  'VALIDATE_SUBSYSTEM_STATES': True,
  'WELCOME_OFF': False}
2025-02-16 02:59:39,473 [bruteforce_analysis] INFO MainProcess: Log iniciado en 2025-02-16 02:59:39
Ubicacion completa: logs\2025\02\16_02hrs\bruteforce_analysis.log
Copia rapida: logs\latest_bruteforce_analysis.log
2025-02-16 03:00:11,983 [pyphi.conf] INFO MainProcess: PyPhi v1.2.0
2025-02-16 03:00:11,983 [pyphi.conf] INFO MainProcess: Using default configuration (no configuration file provided)
2025-02-16 03:00:11,983 [pyphi.conf] INFO MainProcess: Current PyPhi configuration:
 { 'ASSUME_CUTS_CANNOT_CREATE_NEW_CONCEPTS': False,
  'CACHE_POTENTIAL_PURVIEWS': True,
  'CACHE_REPERTOIRES': True,
  'CACHE_SIAS': False,
  'CACHING_BACKEND': 'fs',
  'CLEAR_SUBSYSTEM_CACHES_AFTER_COMPUTING_SIA': False,
  'CUT_ONE_APPROXIMATION': False,
  'FS_CACHE_DIRECTORY': '__pyphi_cache__',
  'FS_CACHE_VERBOSITY': 0,
  'LOG_FILE': 'pyphi.log',
  'LOG_FILE_LEVEL': 'INFO',
  'LOG_STDOUT_LEVEL': 'WARNING',
  'MAXIMUM_CACHE_MEMORY_PERCENTAGE': 50,
  'MEASURE': 'EMD',
  'MONGODB_CONFIG': { 'collection_name': 'cache',
                      'database_name': 'pyphi',
                      'host': 'localhost',
                      'port': 27017},
  'NUMBER_OF_CORES': -1,
  'PARALLEL_COMPLEX_EVALUATION': False,
  'PARALLEL_CONCEPT_EVALUATION': False,
  'PARALLEL_CUT_EVALUATION': True,
  'PARTITION_TYPE': 'BI',
  'PICK_SMALLEST_PURVIEW': False,
  'PRECISION': 6,
  'PRINT_FRACTIONS': True,
  'PROGRESS_BARS': True,
  'REDIS_CACHE': False,
  'REDIS_CONFIG': {'db': 0, 'host': 'localhost', 'port': 6379, 'test_db': 1},
  'REPR_VERBOSITY': 2,
  'SINGLE_MICRO_NODES_WITH_SELFLOOPS_HAVE_PHI': False,
  'SYSTEM_CUTS': '3.0_STYLE',
  'USE_SMALL_PHI_DIFFERENCE_FOR_CES_DISTANCE': False,
  'VALIDATE_CONDITIONAL_INDEPENDENCE': True,
  'VALIDATE_SUBSYSTEM_STATES': True,
  'WELCOME_OFF': False}
2025-02-16 03:00:12,901 [bruteforce_analysis] INFO MainProcess: Log iniciado en 2025-02-16 03:00:12
Ubicacion completa: logs\2025\02\16_03hrs\bruteforce_analysis.log
Copia rapida: logs\latest_bruteforce_analysis.log
2025-02-16 03:00:48,883 [pyphi.conf] INFO MainProcess: PyPhi v1.2.0
2025-02-16 03:00:48,883 [pyphi.conf] INFO MainProcess: Using default configuration (no configuration file provided)
2025-02-16 03:00:48,883 [pyphi.conf] INFO MainProcess: Current PyPhi configuration:
 { 'ASSUME_CUTS_CANNOT_CREATE_NEW_CONCEPTS': False,
  'CACHE_POTENTIAL_PURVIEWS': True,
  'CACHE_REPERTOIRES': True,
  'CACHE_SIAS': False,
  'CACHING_BACKEND': 'fs',
  'CLEAR_SUBSYSTEM_CACHES_AFTER_COMPUTING_SIA': False,
  'CUT_ONE_APPROXIMATION': False,
  'FS_CACHE_DIRECTORY': '__pyphi_cache__',
  'FS_CACHE_VERBOSITY': 0,
  'LOG_FILE': 'pyphi.log',
  'LOG_FILE_LEVEL': 'INFO',
  'LOG_STDOUT_LEVEL': 'WARNING',
  'MAXIMUM_CACHE_MEMORY_PERCENTAGE': 50,
  'MEASURE': 'EMD',
  'MONGODB_CONFIG': { 'collection_name': 'cache',
                      'database_name': 'pyphi',
                      'host': 'localhost',
                      'port': 27017},
  'NUMBER_OF_CORES': -1,
  'PARALLEL_COMPLEX_EVALUATION': False,
  'PARALLEL_CONCEPT_EVALUATION': False,
  'PARALLEL_CUT_EVALUATION': True,
  'PARTITION_TYPE': 'BI',
  'PICK_SMALLEST_PURVIEW': False,
  'PRECISION': 6,
  'PRINT_FRACTIONS': True,
  'PROGRESS_BARS': True,
  'REDIS_CACHE': False,
  'REDIS_CONFIG': {'db': 0, 'host': 'localhost', 'port': 6379, 'test_db': 1},
  'REPR_VERBOSITY': 2,
  'SINGLE_MICRO_NODES_WITH_SELFLOOPS_HAVE_PHI': False,
  'SYSTEM_CUTS': '3.0_STYLE',
  'USE_SMALL_PHI_DIFFERENCE_FOR_CES_DISTANCE': False,
  'VALIDATE_CONDITIONAL_INDEPENDENCE': True,
  'VALIDATE_SUBSYSTEM_STATES': True,
  'WELCOME_OFF': False}
2025-02-16 03:00:49,885 [bruteforce_analysis] INFO MainProcess: Log iniciado en 2025-02-16 03:00:49
Ubicacion completa: logs\2025\02\16_03hrs\bruteforce_analysis.log
Copia rapida: logs\latest_bruteforce_analysis.log
2025-02-16 03:01:54,874 [pyphi.conf] INFO MainProcess: PyPhi v1.2.0
2025-02-16 03:01:54,874 [pyphi.conf] INFO MainProcess: Using default configuration (no configuration file provided)
2025-02-16 03:01:54,874 [pyphi.conf] INFO MainProcess: Current PyPhi configuration:
 { 'ASSUME_CUTS_CANNOT_CREATE_NEW_CONCEPTS': False,
  'CACHE_POTENTIAL_PURVIEWS': True,
  'CACHE_REPERTOIRES': True,
  'CACHE_SIAS': False,
  'CACHING_BACKEND': 'fs',
  'CLEAR_SUBSYSTEM_CACHES_AFTER_COMPUTING_SIA': False,
  'CUT_ONE_APPROXIMATION': False,
  'FS_CACHE_DIRECTORY': '__pyphi_cache__',
  'FS_CACHE_VERBOSITY': 0,
  'LOG_FILE': 'pyphi.log',
  'LOG_FILE_LEVEL': 'INFO',
  'LOG_STDOUT_LEVEL': 'WARNING',
  'MAXIMUM_CACHE_MEMORY_PERCENTAGE': 50,
  'MEASURE': 'EMD',
  'MONGODB_CONFIG': { 'collection_name': 'cache',
                      'database_name': 'pyphi',
                      'host': 'localhost',
                      'port': 27017},
  'NUMBER_OF_CORES': -1,
  'PARALLEL_COMPLEX_EVALUATION': False,
  'PARALLEL_CONCEPT_EVALUATION': False,
  'PARALLEL_CUT_EVALUATION': True,
  'PARTITION_TYPE': 'BI',
  'PICK_SMALLEST_PURVIEW': False,
  'PRECISION': 6,
  'PRINT_FRACTIONS': True,
  'PROGRESS_BARS': True,
  'REDIS_CACHE': False,
  'REDIS_CONFIG': {'db': 0, 'host': 'localhost', 'port': 6379, 'test_db': 1},
  'REPR_VERBOSITY': 2,
  'SINGLE_MICRO_NODES_WITH_SELFLOOPS_HAVE_PHI': False,
  'SYSTEM_CUTS': '3.0_STYLE',
  'USE_SMALL_PHI_DIFFERENCE_FOR_CES_DISTANCE': False,
  'VALIDATE_CONDITIONAL_INDEPENDENCE': True,
  'VALIDATE_SUBSYSTEM_STATES': True,
  'WELCOME_OFF': False}
2025-02-16 03:01:55,636 [bruteforce_analysis] INFO MainProcess: Log iniciado en 2025-02-16 03:01:55
Ubicacion completa: logs\2025\02\16_03hrs\bruteforce_analysis.log
Copia rapida: logs\latest_bruteforce_analysis.log
2025-02-16 03:03:24,118 [pyphi.conf] INFO MainProcess: PyPhi v1.2.0
2025-02-16 03:03:24,118 [pyphi.conf] INFO MainProcess: Using default configuration (no configuration file provided)
2025-02-16 03:03:24,118 [pyphi.conf] INFO MainProcess: Current PyPhi configuration:
 { 'ASSUME_CUTS_CANNOT_CREATE_NEW_CONCEPTS': False,
  'CACHE_POTENTIAL_PURVIEWS': True,
  'CACHE_REPERTOIRES': True,
  'CACHE_SIAS': False,
  'CACHING_BACKEND': 'fs',
  'CLEAR_SUBSYSTEM_CACHES_AFTER_COMPUTING_SIA': False,
  'CUT_ONE_APPROXIMATION': False,
  'FS_CACHE_DIRECTORY': '__pyphi_cache__',
  'FS_CACHE_VERBOSITY': 0,
  'LOG_FILE': 'pyphi.log',
  'LOG_FILE_LEVEL': 'INFO',
  'LOG_STDOUT_LEVEL': 'WARNING',
  'MAXIMUM_CACHE_MEMORY_PERCENTAGE': 50,
  'MEASURE': 'EMD',
  'MONGODB_CONFIG': { 'collection_name': 'cache',
                      'database_name': 'pyphi',
                      'host': 'localhost',
                      'port': 27017},
  'NUMBER_OF_CORES': -1,
  'PARALLEL_COMPLEX_EVALUATION': False,
  'PARALLEL_CONCEPT_EVALUATION': False,
  'PARALLEL_CUT_EVALUATION': True,
  'PARTITION_TYPE': 'BI',
  'PICK_SMALLEST_PURVIEW': False,
  'PRECISION': 6,
  'PRINT_FRACTIONS': True,
  'PROGRESS_BARS': True,
  'REDIS_CACHE': False,
  'REDIS_CONFIG': {'db': 0, 'host': 'localhost', 'port': 6379, 'test_db': 1},
  'REPR_VERBOSITY': 2,
  'SINGLE_MICRO_NODES_WITH_SELFLOOPS_HAVE_PHI': False,
  'SYSTEM_CUTS': '3.0_STYLE',
  'USE_SMALL_PHI_DIFFERENCE_FOR_CES_DISTANCE': False,
  'VALIDATE_CONDITIONAL_INDEPENDENCE': True,
  'VALIDATE_SUBSYSTEM_STATES': True,
  'WELCOME_OFF': False}
2025-02-16 03:03:24,902 [bruteforce_analysis] INFO MainProcess: Log iniciado en 2025-02-16 03:03:24
Ubicacion completa: logs\2025\02\16_03hrs\bruteforce_analysis.log
Copia rapida: logs\latest_bruteforce_analysis.log
2025-02-16 03:08:08,737 [pyphi.conf] INFO MainProcess: PyPhi v1.2.0
2025-02-16 03:08:08,737 [pyphi.conf] INFO MainProcess: Using default configuration (no configuration file provided)
2025-02-16 03:08:08,737 [pyphi.conf] INFO MainProcess: Current PyPhi configuration:
 { 'ASSUME_CUTS_CANNOT_CREATE_NEW_CONCEPTS': False,
  'CACHE_POTENTIAL_PURVIEWS': True,
  'CACHE_REPERTOIRES': True,
  'CACHE_SIAS': False,
  'CACHING_BACKEND': 'fs',
  'CLEAR_SUBSYSTEM_CACHES_AFTER_COMPUTING_SIA': False,
  'CUT_ONE_APPROXIMATION': False,
  'FS_CACHE_DIRECTORY': '__pyphi_cache__',
  'FS_CACHE_VERBOSITY': 0,
  'LOG_FILE': 'pyphi.log',
  'LOG_FILE_LEVEL': 'INFO',
  'LOG_STDOUT_LEVEL': 'WARNING',
  'MAXIMUM_CACHE_MEMORY_PERCENTAGE': 50,
  'MEASURE': 'EMD',
  'MONGODB_CONFIG': { 'collection_name': 'cache',
                      'database_name': 'pyphi',
                      'host': 'localhost',
                      'port': 27017},
  'NUMBER_OF_CORES': -1,
  'PARALLEL_COMPLEX_EVALUATION': False,
  'PARALLEL_CONCEPT_EVALUATION': False,
  'PARALLEL_CUT_EVALUATION': True,
  'PARTITION_TYPE': 'BI',
  'PICK_SMALLEST_PURVIEW': False,
  'PRECISION': 6,
  'PRINT_FRACTIONS': True,
  'PROGRESS_BARS': True,
  'REDIS_CACHE': False,
  'REDIS_CONFIG': {'db': 0, 'host': 'localhost', 'port': 6379, 'test_db': 1},
  'REPR_VERBOSITY': 2,
  'SINGLE_MICRO_NODES_WITH_SELFLOOPS_HAVE_PHI': False,
  'SYSTEM_CUTS': '3.0_STYLE',
  'USE_SMALL_PHI_DIFFERENCE_FOR_CES_DISTANCE': False,
  'VALIDATE_CONDITIONAL_INDEPENDENCE': True,
  'VALIDATE_SUBSYSTEM_STATES': True,
  'WELCOME_OFF': False}
2025-02-16 03:08:09,553 [bruteforce_analysis] INFO MainProcess: Log iniciado en 2025-02-16 03:08:09
Ubicacion completa: logs\2025\02\16_03hrs\bruteforce_analysis.log
Copia rapida: logs\latest_bruteforce_analysis.log
2025-02-16 03:08:41,746 [pyphi.conf] INFO MainProcess: PyPhi v1.2.0
2025-02-16 03:08:41,747 [pyphi.conf] INFO MainProcess: Using default configuration (no configuration file provided)
2025-02-16 03:08:41,747 [pyphi.conf] INFO MainProcess: Current PyPhi configuration:
 { 'ASSUME_CUTS_CANNOT_CREATE_NEW_CONCEPTS': False,
  'CACHE_POTENTIAL_PURVIEWS': True,
  'CACHE_REPERTOIRES': True,
  'CACHE_SIAS': False,
  'CACHING_BACKEND': 'fs',
  'CLEAR_SUBSYSTEM_CACHES_AFTER_COMPUTING_SIA': False,
  'CUT_ONE_APPROXIMATION': False,
  'FS_CACHE_DIRECTORY': '__pyphi_cache__',
  'FS_CACHE_VERBOSITY': 0,
  'LOG_FILE': 'pyphi.log',
  'LOG_FILE_LEVEL': 'INFO',
  'LOG_STDOUT_LEVEL': 'WARNING',
  'MAXIMUM_CACHE_MEMORY_PERCENTAGE': 50,
  'MEASURE': 'EMD',
  'MONGODB_CONFIG': { 'collection_name': 'cache',
                      'database_name': 'pyphi',
                      'host': 'localhost',
                      'port': 27017},
  'NUMBER_OF_CORES': -1,
  'PARALLEL_COMPLEX_EVALUATION': False,
  'PARALLEL_CONCEPT_EVALUATION': False,
  'PARALLEL_CUT_EVALUATION': True,
  'PARTITION_TYPE': 'BI',
  'PICK_SMALLEST_PURVIEW': False,
  'PRECISION': 6,
  'PRINT_FRACTIONS': True,
  'PROGRESS_BARS': True,
  'REDIS_CACHE': False,
  'REDIS_CONFIG': {'db': 0, 'host': 'localhost', 'port': 6379, 'test_db': 1},
  'REPR_VERBOSITY': 2,
  'SINGLE_MICRO_NODES_WITH_SELFLOOPS_HAVE_PHI': False,
  'SYSTEM_CUTS': '3.0_STYLE',
  'USE_SMALL_PHI_DIFFERENCE_FOR_CES_DISTANCE': False,
  'VALIDATE_CONDITIONAL_INDEPENDENCE': True,
  'VALIDATE_SUBSYSTEM_STATES': True,
  'WELCOME_OFF': False}
2025-02-16 03:08:42,483 [bruteforce_analysis] INFO MainProcess: Log iniciado en 2025-02-16 03:08:42
Ubicacion completa: logs\2025\02\16_03hrs\bruteforce_analysis.log
Copia rapida: logs\latest_bruteforce_analysis.log
2025-02-16 03:09:16,986 [pyphi.conf] INFO MainProcess: PyPhi v1.2.0
2025-02-16 03:09:16,986 [pyphi.conf] INFO MainProcess: Using default configuration (no configuration file provided)
2025-02-16 03:09:16,986 [pyphi.conf] INFO MainProcess: Current PyPhi configuration:
 { 'ASSUME_CUTS_CANNOT_CREATE_NEW_CONCEPTS': False,
  'CACHE_POTENTIAL_PURVIEWS': True,
  'CACHE_REPERTOIRES': True,
  'CACHE_SIAS': False,
  'CACHING_BACKEND': 'fs',
  'CLEAR_SUBSYSTEM_CACHES_AFTER_COMPUTING_SIA': False,
  'CUT_ONE_APPROXIMATION': False,
  'FS_CACHE_DIRECTORY': '__pyphi_cache__',
  'FS_CACHE_VERBOSITY': 0,
  'LOG_FILE': 'pyphi.log',
  'LOG_FILE_LEVEL': 'INFO',
  'LOG_STDOUT_LEVEL': 'WARNING',
  'MAXIMUM_CACHE_MEMORY_PERCENTAGE': 50,
  'MEASURE': 'EMD',
  'MONGODB_CONFIG': { 'collection_name': 'cache',
                      'database_name': 'pyphi',
                      'host': 'localhost',
                      'port': 27017},
  'NUMBER_OF_CORES': -1,
  'PARALLEL_COMPLEX_EVALUATION': False,
  'PARALLEL_CONCEPT_EVALUATION': False,
  'PARALLEL_CUT_EVALUATION': True,
  'PARTITION_TYPE': 'BI',
  'PICK_SMALLEST_PURVIEW': False,
  'PRECISION': 6,
  'PRINT_FRACTIONS': True,
  'PROGRESS_BARS': True,
  'REDIS_CACHE': False,
  'REDIS_CONFIG': {'db': 0, 'host': 'localhost', 'port': 6379, 'test_db': 1},
  'REPR_VERBOSITY': 2,
  'SINGLE_MICRO_NODES_WITH_SELFLOOPS_HAVE_PHI': False,
  'SYSTEM_CUTS': '3.0_STYLE',
  'USE_SMALL_PHI_DIFFERENCE_FOR_CES_DISTANCE': False,
  'VALIDATE_CONDITIONAL_INDEPENDENCE': True,
  'VALIDATE_SUBSYSTEM_STATES': True,
  'WELCOME_OFF': False}
2025-02-16 03:09:17,722 [bruteforce_analysis] INFO MainProcess: Log iniciado en 2025-02-16 03:09:17
Ubicacion completa: logs\2025\02\16_03hrs\bruteforce_analysis.log
Copia rapida: logs\latest_bruteforce_analysis.log
2025-02-16 03:09:55,587 [pyphi.conf] INFO MainProcess: PyPhi v1.2.0
2025-02-16 03:09:55,587 [pyphi.conf] INFO MainProcess: Using default configuration (no configuration file provided)
2025-02-16 03:09:55,587 [pyphi.conf] INFO MainProcess: Current PyPhi configuration:
 { 'ASSUME_CUTS_CANNOT_CREATE_NEW_CONCEPTS': False,
  'CACHE_POTENTIAL_PURVIEWS': True,
  'CACHE_REPERTOIRES': True,
  'CACHE_SIAS': False,
  'CACHING_BACKEND': 'fs',
  'CLEAR_SUBSYSTEM_CACHES_AFTER_COMPUTING_SIA': False,
  'CUT_ONE_APPROXIMATION': False,
  'FS_CACHE_DIRECTORY': '__pyphi_cache__',
  'FS_CACHE_VERBOSITY': 0,
  'LOG_FILE': 'pyphi.log',
  'LOG_FILE_LEVEL': 'INFO',
  'LOG_STDOUT_LEVEL': 'WARNING',
  'MAXIMUM_CACHE_MEMORY_PERCENTAGE': 50,
  'MEASURE': 'EMD',
  'MONGODB_CONFIG': { 'collection_name': 'cache',
                      'database_name': 'pyphi',
                      'host': 'localhost',
                      'port': 27017},
  'NUMBER_OF_CORES': -1,
  'PARALLEL_COMPLEX_EVALUATION': False,
  'PARALLEL_CONCEPT_EVALUATION': False,
  'PARALLEL_CUT_EVALUATION': True,
  'PARTITION_TYPE': 'BI',
  'PICK_SMALLEST_PURVIEW': False,
  'PRECISION': 6,
  'PRINT_FRACTIONS': True,
  'PROGRESS_BARS': True,
  'REDIS_CACHE': False,
  'REDIS_CONFIG': {'db': 0, 'host': 'localhost', 'port': 6379, 'test_db': 1},
  'REPR_VERBOSITY': 2,
  'SINGLE_MICRO_NODES_WITH_SELFLOOPS_HAVE_PHI': False,
  'SYSTEM_CUTS': '3.0_STYLE',
  'USE_SMALL_PHI_DIFFERENCE_FOR_CES_DISTANCE': False,
  'VALIDATE_CONDITIONAL_INDEPENDENCE': True,
  'VALIDATE_SUBSYSTEM_STATES': True,
  'WELCOME_OFF': False}
2025-02-16 03:09:56,370 [bruteforce_analysis] INFO MainProcess: Log iniciado en 2025-02-16 03:09:56
Ubicacion completa: logs\2025\02\16_03hrs\bruteforce_analysis.log
Copia rapida: logs\latest_bruteforce_analysis.log
2025-02-16 03:10:38,654 [pyphi.conf] INFO MainProcess: PyPhi v1.2.0
2025-02-16 03:10:38,655 [pyphi.conf] INFO MainProcess: Using default configuration (no configuration file provided)
2025-02-16 03:10:38,655 [pyphi.conf] INFO MainProcess: Current PyPhi configuration:
 { 'ASSUME_CUTS_CANNOT_CREATE_NEW_CONCEPTS': False,
  'CACHE_POTENTIAL_PURVIEWS': True,
  'CACHE_REPERTOIRES': True,
  'CACHE_SIAS': False,
  'CACHING_BACKEND': 'fs',
  'CLEAR_SUBSYSTEM_CACHES_AFTER_COMPUTING_SIA': False,
  'CUT_ONE_APPROXIMATION': False,
  'FS_CACHE_DIRECTORY': '__pyphi_cache__',
  'FS_CACHE_VERBOSITY': 0,
  'LOG_FILE': 'pyphi.log',
  'LOG_FILE_LEVEL': 'INFO',
  'LOG_STDOUT_LEVEL': 'WARNING',
  'MAXIMUM_CACHE_MEMORY_PERCENTAGE': 50,
  'MEASURE': 'EMD',
  'MONGODB_CONFIG': { 'collection_name': 'cache',
                      'database_name': 'pyphi',
                      'host': 'localhost',
                      'port': 27017},
  'NUMBER_OF_CORES': -1,
  'PARALLEL_COMPLEX_EVALUATION': False,
  'PARALLEL_CONCEPT_EVALUATION': False,
  'PARALLEL_CUT_EVALUATION': True,
  'PARTITION_TYPE': 'BI',
  'PICK_SMALLEST_PURVIEW': False,
  'PRECISION': 6,
  'PRINT_FRACTIONS': True,
  'PROGRESS_BARS': True,
  'REDIS_CACHE': False,
  'REDIS_CONFIG': {'db': 0, 'host': 'localhost', 'port': 6379, 'test_db': 1},
  'REPR_VERBOSITY': 2,
  'SINGLE_MICRO_NODES_WITH_SELFLOOPS_HAVE_PHI': False,
  'SYSTEM_CUTS': '3.0_STYLE',
  'USE_SMALL_PHI_DIFFERENCE_FOR_CES_DISTANCE': False,
  'VALIDATE_CONDITIONAL_INDEPENDENCE': True,
  'VALIDATE_SUBSYSTEM_STATES': True,
  'WELCOME_OFF': False}
2025-02-16 03:10:39,450 [bruteforce_analysis] INFO MainProcess: Log iniciado en 2025-02-16 03:10:39
Ubicacion completa: logs\2025\02\16_03hrs\bruteforce_analysis.log
Copia rapida: logs\latest_bruteforce_analysis.log
2025-02-16 03:12:10,757 [pyphi.conf] INFO MainProcess: PyPhi v1.2.0
2025-02-16 03:12:10,757 [pyphi.conf] INFO MainProcess: Using default configuration (no configuration file provided)
2025-02-16 03:12:10,757 [pyphi.conf] INFO MainProcess: Current PyPhi configuration:
 { 'ASSUME_CUTS_CANNOT_CREATE_NEW_CONCEPTS': False,
  'CACHE_POTENTIAL_PURVIEWS': True,
  'CACHE_REPERTOIRES': True,
  'CACHE_SIAS': False,
  'CACHING_BACKEND': 'fs',
  'CLEAR_SUBSYSTEM_CACHES_AFTER_COMPUTING_SIA': False,
  'CUT_ONE_APPROXIMATION': False,
  'FS_CACHE_DIRECTORY': '__pyphi_cache__',
  'FS_CACHE_VERBOSITY': 0,
  'LOG_FILE': 'pyphi.log',
  'LOG_FILE_LEVEL': 'INFO',
  'LOG_STDOUT_LEVEL': 'WARNING',
  'MAXIMUM_CACHE_MEMORY_PERCENTAGE': 50,
  'MEASURE': 'EMD',
  'MONGODB_CONFIG': { 'collection_name': 'cache',
                      'database_name': 'pyphi',
                      'host': 'localhost',
                      'port': 27017},
  'NUMBER_OF_CORES': -1,
  'PARALLEL_COMPLEX_EVALUATION': False,
  'PARALLEL_CONCEPT_EVALUATION': False,
  'PARALLEL_CUT_EVALUATION': True,
  'PARTITION_TYPE': 'BI',
  'PICK_SMALLEST_PURVIEW': False,
  'PRECISION': 6,
  'PRINT_FRACTIONS': True,
  'PROGRESS_BARS': True,
  'REDIS_CACHE': False,
  'REDIS_CONFIG': {'db': 0, 'host': 'localhost', 'port': 6379, 'test_db': 1},
  'REPR_VERBOSITY': 2,
  'SINGLE_MICRO_NODES_WITH_SELFLOOPS_HAVE_PHI': False,
  'SYSTEM_CUTS': '3.0_STYLE',
  'USE_SMALL_PHI_DIFFERENCE_FOR_CES_DISTANCE': False,
  'VALIDATE_CONDITIONAL_INDEPENDENCE': True,
  'VALIDATE_SUBSYSTEM_STATES': True,
  'WELCOME_OFF': False}
2025-02-16 03:12:11,511 [bruteforce_analysis] INFO MainProcess: Log iniciado en 2025-02-16 03:12:11
Ubicacion completa: logs\2025\02\16_03hrs\bruteforce_analysis.log
Copia rapida: logs\latest_bruteforce_analysis.log
2025-02-16 03:13:10,634 [pyphi.conf] INFO MainProcess: PyPhi v1.2.0
2025-02-16 03:13:10,634 [pyphi.conf] INFO MainProcess: Using default configuration (no configuration file provided)
2025-02-16 03:13:10,634 [pyphi.conf] INFO MainProcess: Current PyPhi configuration:
 { 'ASSUME_CUTS_CANNOT_CREATE_NEW_CONCEPTS': False,
  'CACHE_POTENTIAL_PURVIEWS': True,
  'CACHE_REPERTOIRES': True,
  'CACHE_SIAS': False,
  'CACHING_BACKEND': 'fs',
  'CLEAR_SUBSYSTEM_CACHES_AFTER_COMPUTING_SIA': False,
  'CUT_ONE_APPROXIMATION': False,
  'FS_CACHE_DIRECTORY': '__pyphi_cache__',
  'FS_CACHE_VERBOSITY': 0,
  'LOG_FILE': 'pyphi.log',
  'LOG_FILE_LEVEL': 'INFO',
  'LOG_STDOUT_LEVEL': 'WARNING',
  'MAXIMUM_CACHE_MEMORY_PERCENTAGE': 50,
  'MEASURE': 'EMD',
  'MONGODB_CONFIG': { 'collection_name': 'cache',
                      'database_name': 'pyphi',
                      'host': 'localhost',
                      'port': 27017},
  'NUMBER_OF_CORES': -1,
  'PARALLEL_COMPLEX_EVALUATION': False,
  'PARALLEL_CONCEPT_EVALUATION': False,
  'PARALLEL_CUT_EVALUATION': True,
  'PARTITION_TYPE': 'BI',
  'PICK_SMALLEST_PURVIEW': False,
  'PRECISION': 6,
  'PRINT_FRACTIONS': True,
  'PROGRESS_BARS': True,
  'REDIS_CACHE': False,
  'REDIS_CONFIG': {'db': 0, 'host': 'localhost', 'port': 6379, 'test_db': 1},
  'REPR_VERBOSITY': 2,
  'SINGLE_MICRO_NODES_WITH_SELFLOOPS_HAVE_PHI': False,
  'SYSTEM_CUTS': '3.0_STYLE',
  'USE_SMALL_PHI_DIFFERENCE_FOR_CES_DISTANCE': False,
  'VALIDATE_CONDITIONAL_INDEPENDENCE': True,
  'VALIDATE_SUBSYSTEM_STATES': True,
  'WELCOME_OFF': False}
2025-02-16 03:13:11,381 [bruteforce_analysis] INFO MainProcess: Log iniciado en 2025-02-16 03:13:11
Ubicacion completa: logs\2025\02\16_03hrs\bruteforce_analysis.log
Copia rapida: logs\latest_bruteforce_analysis.log
2025-02-16 03:14:35,438 [pyphi.conf] INFO MainProcess: PyPhi v1.2.0
2025-02-16 03:14:35,438 [pyphi.conf] INFO MainProcess: Using default configuration (no configuration file provided)
2025-02-16 03:14:35,438 [pyphi.conf] INFO MainProcess: Current PyPhi configuration:
 { 'ASSUME_CUTS_CANNOT_CREATE_NEW_CONCEPTS': False,
  'CACHE_POTENTIAL_PURVIEWS': True,
  'CACHE_REPERTOIRES': True,
  'CACHE_SIAS': False,
  'CACHING_BACKEND': 'fs',
  'CLEAR_SUBSYSTEM_CACHES_AFTER_COMPUTING_SIA': False,
  'CUT_ONE_APPROXIMATION': False,
  'FS_CACHE_DIRECTORY': '__pyphi_cache__',
  'FS_CACHE_VERBOSITY': 0,
  'LOG_FILE': 'pyphi.log',
  'LOG_FILE_LEVEL': 'INFO',
  'LOG_STDOUT_LEVEL': 'WARNING',
  'MAXIMUM_CACHE_MEMORY_PERCENTAGE': 50,
  'MEASURE': 'EMD',
  'MONGODB_CONFIG': { 'collection_name': 'cache',
                      'database_name': 'pyphi',
                      'host': 'localhost',
                      'port': 27017},
  'NUMBER_OF_CORES': -1,
  'PARALLEL_COMPLEX_EVALUATION': False,
  'PARALLEL_CONCEPT_EVALUATION': False,
  'PARALLEL_CUT_EVALUATION': True,
  'PARTITION_TYPE': 'BI',
  'PICK_SMALLEST_PURVIEW': False,
  'PRECISION': 6,
  'PRINT_FRACTIONS': True,
  'PROGRESS_BARS': True,
  'REDIS_CACHE': False,
  'REDIS_CONFIG': {'db': 0, 'host': 'localhost', 'port': 6379, 'test_db': 1},
  'REPR_VERBOSITY': 2,
  'SINGLE_MICRO_NODES_WITH_SELFLOOPS_HAVE_PHI': False,
  'SYSTEM_CUTS': '3.0_STYLE',
  'USE_SMALL_PHI_DIFFERENCE_FOR_CES_DISTANCE': False,
  'VALIDATE_CONDITIONAL_INDEPENDENCE': True,
  'VALIDATE_SUBSYSTEM_STATES': True,
  'WELCOME_OFF': False}
2025-02-16 03:14:36,138 [bruteforce_analysis] INFO MainProcess: Log iniciado en 2025-02-16 03:14:36
Ubicacion completa: logs\2025\02\16_03hrs\bruteforce_analysis.log
Copia rapida: logs\latest_bruteforce_analysis.log
2025-02-16 03:15:09,421 [pyphi.conf] INFO MainProcess: PyPhi v1.2.0
2025-02-16 03:15:09,421 [pyphi.conf] INFO MainProcess: Using default configuration (no configuration file provided)
2025-02-16 03:15:09,422 [pyphi.conf] INFO MainProcess: Current PyPhi configuration:
 { 'ASSUME_CUTS_CANNOT_CREATE_NEW_CONCEPTS': False,
  'CACHE_POTENTIAL_PURVIEWS': True,
  'CACHE_REPERTOIRES': True,
  'CACHE_SIAS': False,
  'CACHING_BACKEND': 'fs',
  'CLEAR_SUBSYSTEM_CACHES_AFTER_COMPUTING_SIA': False,
  'CUT_ONE_APPROXIMATION': False,
  'FS_CACHE_DIRECTORY': '__pyphi_cache__',
  'FS_CACHE_VERBOSITY': 0,
  'LOG_FILE': 'pyphi.log',
  'LOG_FILE_LEVEL': 'INFO',
  'LOG_STDOUT_LEVEL': 'WARNING',
  'MAXIMUM_CACHE_MEMORY_PERCENTAGE': 50,
  'MEASURE': 'EMD',
  'MONGODB_CONFIG': { 'collection_name': 'cache',
                      'database_name': 'pyphi',
                      'host': 'localhost',
                      'port': 27017},
  'NUMBER_OF_CORES': -1,
  'PARALLEL_COMPLEX_EVALUATION': False,
  'PARALLEL_CONCEPT_EVALUATION': False,
  'PARALLEL_CUT_EVALUATION': True,
  'PARTITION_TYPE': 'BI',
  'PICK_SMALLEST_PURVIEW': False,
  'PRECISION': 6,
  'PRINT_FRACTIONS': True,
  'PROGRESS_BARS': True,
  'REDIS_CACHE': False,
  'REDIS_CONFIG': {'db': 0, 'host': 'localhost', 'port': 6379, 'test_db': 1},
  'REPR_VERBOSITY': 2,
  'SINGLE_MICRO_NODES_WITH_SELFLOOPS_HAVE_PHI': False,
  'SYSTEM_CUTS': '3.0_STYLE',
  'USE_SMALL_PHI_DIFFERENCE_FOR_CES_DISTANCE': False,
  'VALIDATE_CONDITIONAL_INDEPENDENCE': True,
  'VALIDATE_SUBSYSTEM_STATES': True,
  'WELCOME_OFF': False}
2025-02-16 03:15:10,128 [bruteforce_analysis] INFO MainProcess: Log iniciado en 2025-02-16 03:15:10
Ubicacion completa: logs\2025\02\16_03hrs\bruteforce_analysis.log
Copia rapida: logs\latest_bruteforce_analysis.log
2025-02-16 03:15:44,942 [pyphi.conf] INFO MainProcess: PyPhi v1.2.0
2025-02-16 03:15:44,942 [pyphi.conf] INFO MainProcess: Using default configuration (no configuration file provided)
2025-02-16 03:15:44,942 [pyphi.conf] INFO MainProcess: Current PyPhi configuration:
 { 'ASSUME_CUTS_CANNOT_CREATE_NEW_CONCEPTS': False,
  'CACHE_POTENTIAL_PURVIEWS': True,
  'CACHE_REPERTOIRES': True,
  'CACHE_SIAS': False,
  'CACHING_BACKEND': 'fs',
  'CLEAR_SUBSYSTEM_CACHES_AFTER_COMPUTING_SIA': False,
  'CUT_ONE_APPROXIMATION': False,
  'FS_CACHE_DIRECTORY': '__pyphi_cache__',
  'FS_CACHE_VERBOSITY': 0,
  'LOG_FILE': 'pyphi.log',
  'LOG_FILE_LEVEL': 'INFO',
  'LOG_STDOUT_LEVEL': 'WARNING',
  'MAXIMUM_CACHE_MEMORY_PERCENTAGE': 50,
  'MEASURE': 'EMD',
  'MONGODB_CONFIG': { 'collection_name': 'cache',
                      'database_name': 'pyphi',
                      'host': 'localhost',
                      'port': 27017},
  'NUMBER_OF_CORES': -1,
  'PARALLEL_COMPLEX_EVALUATION': False,
  'PARALLEL_CONCEPT_EVALUATION': False,
  'PARALLEL_CUT_EVALUATION': True,
  'PARTITION_TYPE': 'BI',
  'PICK_SMALLEST_PURVIEW': False,
  'PRECISION': 6,
  'PRINT_FRACTIONS': True,
  'PROGRESS_BARS': True,
  'REDIS_CACHE': False,
  'REDIS_CONFIG': {'db': 0, 'host': 'localhost', 'port': 6379, 'test_db': 1},
  'REPR_VERBOSITY': 2,
  'SINGLE_MICRO_NODES_WITH_SELFLOOPS_HAVE_PHI': False,
  'SYSTEM_CUTS': '3.0_STYLE',
  'USE_SMALL_PHI_DIFFERENCE_FOR_CES_DISTANCE': False,
  'VALIDATE_CONDITIONAL_INDEPENDENCE': True,
  'VALIDATE_SUBSYSTEM_STATES': True,
  'WELCOME_OFF': False}
2025-02-16 03:15:45,838 [bruteforce_analysis] INFO MainProcess: Log iniciado en 2025-02-16 03:15:45
Ubicacion completa: logs\2025\02\16_03hrs\bruteforce_analysis.log
Copia rapida: logs\latest_bruteforce_analysis.log
2025-02-16 03:19:25,015 [pyphi.conf] INFO MainProcess: PyPhi v1.2.0
2025-02-16 03:19:25,015 [pyphi.conf] INFO MainProcess: Using default configuration (no configuration file provided)
2025-02-16 03:19:25,015 [pyphi.conf] INFO MainProcess: Current PyPhi configuration:
 { 'ASSUME_CUTS_CANNOT_CREATE_NEW_CONCEPTS': False,
  'CACHE_POTENTIAL_PURVIEWS': True,
  'CACHE_REPERTOIRES': True,
  'CACHE_SIAS': False,
  'CACHING_BACKEND': 'fs',
  'CLEAR_SUBSYSTEM_CACHES_AFTER_COMPUTING_SIA': False,
  'CUT_ONE_APPROXIMATION': False,
  'FS_CACHE_DIRECTORY': '__pyphi_cache__',
  'FS_CACHE_VERBOSITY': 0,
  'LOG_FILE': 'pyphi.log',
  'LOG_FILE_LEVEL': 'INFO',
  'LOG_STDOUT_LEVEL': 'WARNING',
  'MAXIMUM_CACHE_MEMORY_PERCENTAGE': 50,
  'MEASURE': 'EMD',
  'MONGODB_CONFIG': { 'collection_name': 'cache',
                      'database_name': 'pyphi',
                      'host': 'localhost',
                      'port': 27017},
  'NUMBER_OF_CORES': -1,
  'PARALLEL_COMPLEX_EVALUATION': False,
  'PARALLEL_CONCEPT_EVALUATION': False,
  'PARALLEL_CUT_EVALUATION': True,
  'PARTITION_TYPE': 'BI',
  'PICK_SMALLEST_PURVIEW': False,
  'PRECISION': 6,
  'PRINT_FRACTIONS': True,
  'PROGRESS_BARS': True,
  'REDIS_CACHE': False,
  'REDIS_CONFIG': {'db': 0, 'host': 'localhost', 'port': 6379, 'test_db': 1},
  'REPR_VERBOSITY': 2,
  'SINGLE_MICRO_NODES_WITH_SELFLOOPS_HAVE_PHI': False,
  'SYSTEM_CUTS': '3.0_STYLE',
  'USE_SMALL_PHI_DIFFERENCE_FOR_CES_DISTANCE': False,
  'VALIDATE_CONDITIONAL_INDEPENDENCE': True,
  'VALIDATE_SUBSYSTEM_STATES': True,
  'WELCOME_OFF': False}
2025-02-16 03:19:25,768 [bruteforce_analysis] INFO MainProcess: Log iniciado en 2025-02-16 03:19:25
Ubicacion completa: logs\2025\02\16_03hrs\bruteforce_analysis.log
Copia rapida: logs\latest_bruteforce_analysis.log
2025-02-16 03:21:18,720 [pyphi.conf] INFO MainProcess: PyPhi v1.2.0
2025-02-16 03:21:18,720 [pyphi.conf] INFO MainProcess: Using default configuration (no configuration file provided)
2025-02-16 03:21:18,720 [pyphi.conf] INFO MainProcess: Current PyPhi configuration:
 { 'ASSUME_CUTS_CANNOT_CREATE_NEW_CONCEPTS': False,
  'CACHE_POTENTIAL_PURVIEWS': True,
  'CACHE_REPERTOIRES': True,
  'CACHE_SIAS': False,
  'CACHING_BACKEND': 'fs',
  'CLEAR_SUBSYSTEM_CACHES_AFTER_COMPUTING_SIA': False,
  'CUT_ONE_APPROXIMATION': False,
  'FS_CACHE_DIRECTORY': '__pyphi_cache__',
  'FS_CACHE_VERBOSITY': 0,
  'LOG_FILE': 'pyphi.log',
  'LOG_FILE_LEVEL': 'INFO',
  'LOG_STDOUT_LEVEL': 'WARNING',
  'MAXIMUM_CACHE_MEMORY_PERCENTAGE': 50,
  'MEASURE': 'EMD',
  'MONGODB_CONFIG': { 'collection_name': 'cache',
                      'database_name': 'pyphi',
                      'host': 'localhost',
                      'port': 27017},
  'NUMBER_OF_CORES': -1,
  'PARALLEL_COMPLEX_EVALUATION': False,
  'PARALLEL_CONCEPT_EVALUATION': False,
  'PARALLEL_CUT_EVALUATION': True,
  'PARTITION_TYPE': 'BI',
  'PICK_SMALLEST_PURVIEW': False,
  'PRECISION': 6,
  'PRINT_FRACTIONS': True,
  'PROGRESS_BARS': True,
  'REDIS_CACHE': False,
  'REDIS_CONFIG': {'db': 0, 'host': 'localhost', 'port': 6379, 'test_db': 1},
  'REPR_VERBOSITY': 2,
  'SINGLE_MICRO_NODES_WITH_SELFLOOPS_HAVE_PHI': False,
  'SYSTEM_CUTS': '3.0_STYLE',
  'USE_SMALL_PHI_DIFFERENCE_FOR_CES_DISTANCE': False,
  'VALIDATE_CONDITIONAL_INDEPENDENCE': True,
  'VALIDATE_SUBSYSTEM_STATES': True,
  'WELCOME_OFF': False}
2025-02-16 03:21:19,496 [bruteforce_analysis] INFO MainProcess: Log iniciado en 2025-02-16 03:21:19
Ubicacion completa: logs\2025\02\16_03hrs\bruteforce_analysis.log
Copia rapida: logs\latest_bruteforce_analysis.log
2025-02-16 03:23:41,643 [pyphi.conf] INFO MainProcess: PyPhi v1.2.0
2025-02-16 03:23:41,643 [pyphi.conf] INFO MainProcess: Using default configuration (no configuration file provided)
2025-02-16 03:23:41,643 [pyphi.conf] INFO MainProcess: Current PyPhi configuration:
 { 'ASSUME_CUTS_CANNOT_CREATE_NEW_CONCEPTS': False,
  'CACHE_POTENTIAL_PURVIEWS': True,
  'CACHE_REPERTOIRES': True,
  'CACHE_SIAS': False,
  'CACHING_BACKEND': 'fs',
  'CLEAR_SUBSYSTEM_CACHES_AFTER_COMPUTING_SIA': False,
  'CUT_ONE_APPROXIMATION': False,
  'FS_CACHE_DIRECTORY': '__pyphi_cache__',
  'FS_CACHE_VERBOSITY': 0,
  'LOG_FILE': 'pyphi.log',
  'LOG_FILE_LEVEL': 'INFO',
  'LOG_STDOUT_LEVEL': 'WARNING',
  'MAXIMUM_CACHE_MEMORY_PERCENTAGE': 50,
  'MEASURE': 'EMD',
  'MONGODB_CONFIG': { 'collection_name': 'cache',
                      'database_name': 'pyphi',
                      'host': 'localhost',
                      'port': 27017},
  'NUMBER_OF_CORES': -1,
  'PARALLEL_COMPLEX_EVALUATION': False,
  'PARALLEL_CONCEPT_EVALUATION': False,
  'PARALLEL_CUT_EVALUATION': True,
  'PARTITION_TYPE': 'BI',
  'PICK_SMALLEST_PURVIEW': False,
  'PRECISION': 6,
  'PRINT_FRACTIONS': True,
  'PROGRESS_BARS': True,
  'REDIS_CACHE': False,
  'REDIS_CONFIG': {'db': 0, 'host': 'localhost', 'port': 6379, 'test_db': 1},
  'REPR_VERBOSITY': 2,
  'SINGLE_MICRO_NODES_WITH_SELFLOOPS_HAVE_PHI': False,
  'SYSTEM_CUTS': '3.0_STYLE',
  'USE_SMALL_PHI_DIFFERENCE_FOR_CES_DISTANCE': False,
  'VALIDATE_CONDITIONAL_INDEPENDENCE': True,
  'VALIDATE_SUBSYSTEM_STATES': True,
  'WELCOME_OFF': False}
2025-02-16 03:23:42,398 [bruteforce_analysis] INFO MainProcess: Log iniciado en 2025-02-16 03:23:42
Ubicacion completa: logs\2025\02\16_03hrs\bruteforce_analysis.log
Copia rapida: logs\latest_bruteforce_analysis.log
2025-02-16 03:25:29,790 [pyphi.conf] INFO MainProcess: PyPhi v1.2.0
2025-02-16 03:25:29,790 [pyphi.conf] INFO MainProcess: Using default configuration (no configuration file provided)
2025-02-16 03:25:29,790 [pyphi.conf] INFO MainProcess: Current PyPhi configuration:
 { 'ASSUME_CUTS_CANNOT_CREATE_NEW_CONCEPTS': False,
  'CACHE_POTENTIAL_PURVIEWS': True,
  'CACHE_REPERTOIRES': True,
  'CACHE_SIAS': False,
  'CACHING_BACKEND': 'fs',
  'CLEAR_SUBSYSTEM_CACHES_AFTER_COMPUTING_SIA': False,
  'CUT_ONE_APPROXIMATION': False,
  'FS_CACHE_DIRECTORY': '__pyphi_cache__',
  'FS_CACHE_VERBOSITY': 0,
  'LOG_FILE': 'pyphi.log',
  'LOG_FILE_LEVEL': 'INFO',
  'LOG_STDOUT_LEVEL': 'WARNING',
  'MAXIMUM_CACHE_MEMORY_PERCENTAGE': 50,
  'MEASURE': 'EMD',
  'MONGODB_CONFIG': { 'collection_name': 'cache',
                      'database_name': 'pyphi',
                      'host': 'localhost',
                      'port': 27017},
  'NUMBER_OF_CORES': -1,
  'PARALLEL_COMPLEX_EVALUATION': False,
  'PARALLEL_CONCEPT_EVALUATION': False,
  'PARALLEL_CUT_EVALUATION': True,
  'PARTITION_TYPE': 'BI',
  'PICK_SMALLEST_PURVIEW': False,
  'PRECISION': 6,
  'PRINT_FRACTIONS': True,
  'PROGRESS_BARS': True,
  'REDIS_CACHE': False,
  'REDIS_CONFIG': {'db': 0, 'host': 'localhost', 'port': 6379, 'test_db': 1},
  'REPR_VERBOSITY': 2,
  'SINGLE_MICRO_NODES_WITH_SELFLOOPS_HAVE_PHI': False,
  'SYSTEM_CUTS': '3.0_STYLE',
  'USE_SMALL_PHI_DIFFERENCE_FOR_CES_DISTANCE': False,
  'VALIDATE_CONDITIONAL_INDEPENDENCE': True,
  'VALIDATE_SUBSYSTEM_STATES': True,
  'WELCOME_OFF': False}
2025-02-16 03:25:30,670 [bruteforce_analysis] INFO MainProcess: Log iniciado en 2025-02-16 03:25:30
Ubicacion completa: logs\2025\02\16_03hrs\bruteforce_analysis.log
Copia rapida: logs\latest_bruteforce_analysis.log
2025-02-16 03:30:08,600 [pyphi.conf] INFO MainProcess: PyPhi v1.2.0
2025-02-16 03:30:08,600 [pyphi.conf] INFO MainProcess: Using default configuration (no configuration file provided)
2025-02-16 03:30:08,600 [pyphi.conf] INFO MainProcess: Current PyPhi configuration:
 { 'ASSUME_CUTS_CANNOT_CREATE_NEW_CONCEPTS': False,
  'CACHE_POTENTIAL_PURVIEWS': True,
  'CACHE_REPERTOIRES': True,
  'CACHE_SIAS': False,
  'CACHING_BACKEND': 'fs',
  'CLEAR_SUBSYSTEM_CACHES_AFTER_COMPUTING_SIA': False,
  'CUT_ONE_APPROXIMATION': False,
  'FS_CACHE_DIRECTORY': '__pyphi_cache__',
  'FS_CACHE_VERBOSITY': 0,
  'LOG_FILE': 'pyphi.log',
  'LOG_FILE_LEVEL': 'INFO',
  'LOG_STDOUT_LEVEL': 'WARNING',
  'MAXIMUM_CACHE_MEMORY_PERCENTAGE': 50,
  'MEASURE': 'EMD',
  'MONGODB_CONFIG': { 'collection_name': 'cache',
                      'database_name': 'pyphi',
                      'host': 'localhost',
                      'port': 27017},
  'NUMBER_OF_CORES': -1,
  'PARALLEL_COMPLEX_EVALUATION': False,
  'PARALLEL_CONCEPT_EVALUATION': False,
  'PARALLEL_CUT_EVALUATION': True,
  'PARTITION_TYPE': 'BI',
  'PICK_SMALLEST_PURVIEW': False,
  'PRECISION': 6,
  'PRINT_FRACTIONS': True,
  'PROGRESS_BARS': True,
  'REDIS_CACHE': False,
  'REDIS_CONFIG': {'db': 0, 'host': 'localhost', 'port': 6379, 'test_db': 1},
  'REPR_VERBOSITY': 2,
  'SINGLE_MICRO_NODES_WITH_SELFLOOPS_HAVE_PHI': False,
  'SYSTEM_CUTS': '3.0_STYLE',
  'USE_SMALL_PHI_DIFFERENCE_FOR_CES_DISTANCE': False,
  'VALIDATE_CONDITIONAL_INDEPENDENCE': True,
  'VALIDATE_SUBSYSTEM_STATES': True,
  'WELCOME_OFF': False}
2025-02-16 03:30:09,338 [bruteforce_analysis] INFO MainProcess: Log iniciado en 2025-02-16 03:30:09
Ubicacion completa: logs\2025\02\16_03hrs\bruteforce_analysis.log
Copia rapida: logs\latest_bruteforce_analysis.log
2025-02-16 03:31:32,166 [pyphi.conf] INFO MainProcess: PyPhi v1.2.0
2025-02-16 03:31:32,166 [pyphi.conf] INFO MainProcess: Using default configuration (no configuration file provided)
2025-02-16 03:31:32,166 [pyphi.conf] INFO MainProcess: Current PyPhi configuration:
 { 'ASSUME_CUTS_CANNOT_CREATE_NEW_CONCEPTS': False,
  'CACHE_POTENTIAL_PURVIEWS': True,
  'CACHE_REPERTOIRES': True,
  'CACHE_SIAS': False,
  'CACHING_BACKEND': 'fs',
  'CLEAR_SUBSYSTEM_CACHES_AFTER_COMPUTING_SIA': False,
  'CUT_ONE_APPROXIMATION': False,
  'FS_CACHE_DIRECTORY': '__pyphi_cache__',
  'FS_CACHE_VERBOSITY': 0,
  'LOG_FILE': 'pyphi.log',
  'LOG_FILE_LEVEL': 'INFO',
  'LOG_STDOUT_LEVEL': 'WARNING',
  'MAXIMUM_CACHE_MEMORY_PERCENTAGE': 50,
  'MEASURE': 'EMD',
  'MONGODB_CONFIG': { 'collection_name': 'cache',
                      'database_name': 'pyphi',
                      'host': 'localhost',
                      'port': 27017},
  'NUMBER_OF_CORES': -1,
  'PARALLEL_COMPLEX_EVALUATION': False,
  'PARALLEL_CONCEPT_EVALUATION': False,
  'PARALLEL_CUT_EVALUATION': True,
  'PARTITION_TYPE': 'BI',
  'PICK_SMALLEST_PURVIEW': False,
  'PRECISION': 6,
  'PRINT_FRACTIONS': True,
  'PROGRESS_BARS': True,
  'REDIS_CACHE': False,
  'REDIS_CONFIG': {'db': 0, 'host': 'localhost', 'port': 6379, 'test_db': 1},
  'REPR_VERBOSITY': 2,
  'SINGLE_MICRO_NODES_WITH_SELFLOOPS_HAVE_PHI': False,
  'SYSTEM_CUTS': '3.0_STYLE',
  'USE_SMALL_PHI_DIFFERENCE_FOR_CES_DISTANCE': False,
  'VALIDATE_CONDITIONAL_INDEPENDENCE': True,
  'VALIDATE_SUBSYSTEM_STATES': True,
  'WELCOME_OFF': False}
2025-02-16 03:31:33,000 [bruteforce_analysis] INFO MainProcess: Log iniciado en 2025-02-16 03:31:33
Ubicacion completa: logs\2025\02\16_03hrs\bruteforce_analysis.log
Copia rapida: logs\latest_bruteforce_analysis.log
